split,target,condition,prompt,component,dla,bias_diff
discovery,4,double,2 + 2 =,L0H0,-0.0028597936034202576,-0.07286715507507324
discovery,4,double,2 + 2 =,L0H1,0.0015410613268613815,-0.07286715507507324
discovery,4,double,2 + 2 =,L0H2,0.0015067227650433779,-0.07286715507507324
discovery,4,double,2 + 2 =,L0H3,-0.008568809367716312,-0.07286715507507324
discovery,4,double,2 + 2 =,L0H4,-0.0008995686657726765,-0.07286715507507324
discovery,4,double,2 + 2 =,L0H5,0.01200699619948864,-0.07286715507507324
discovery,4,double,2 + 2 =,L0H6,-0.015324682928621769,-0.07286715507507324
discovery,4,double,2 + 2 =,L0H7,0.0019696650560945272,-0.07286715507507324
discovery,4,double,2 + 2 =,L0H8,0.027807941660284996,-0.07286715507507324
discovery,4,double,2 + 2 =,L0H9,0.010574495419859886,-0.07286715507507324
discovery,4,double,2 + 2 =,L0H10,0.0019662112463265657,-0.07286715507507324
discovery,4,double,2 + 2 =,L0H11,0.0026878449134528637,-0.07286715507507324
discovery,4,double,2 + 2 =,L1H0,-0.01287310104817152,-0.07286715507507324
discovery,4,double,2 + 2 =,L1H1,0.007265998981893063,-0.07286715507507324
discovery,4,double,2 + 2 =,L1H2,0.002323242835700512,-0.07286715507507324
discovery,4,double,2 + 2 =,L1H3,0.0039666881784796715,-0.07286715507507324
discovery,4,double,2 + 2 =,L1H4,0.0012419931590557098,-0.07286715507507324
discovery,4,double,2 + 2 =,L1H5,0.02199486829340458,-0.07286715507507324
discovery,4,double,2 + 2 =,L1H6,-0.006364698987454176,-0.07286715507507324
discovery,4,double,2 + 2 =,L1H7,0.009805070236325264,-0.07286715507507324
discovery,4,double,2 + 2 =,L1H8,-0.002816509921103716,-0.07286715507507324
discovery,4,double,2 + 2 =,L1H9,-0.007166105322539806,-0.07286715507507324
discovery,4,double,2 + 2 =,L1H10,0.008522980846464634,-0.07286715507507324
discovery,4,double,2 + 2 =,L1H11,-0.0043091317638754845,-0.07286715507507324
discovery,4,double,2 + 2 =,L2H0,0.02481026202440262,-0.07286715507507324
discovery,4,double,2 + 2 =,L2H1,-0.004303458612412214,-0.07286715507507324
discovery,4,double,2 + 2 =,L2H2,-0.014438489452004433,-0.07286715507507324
discovery,4,double,2 + 2 =,L2H3,-0.0018266383558511734,-0.07286715507507324
discovery,4,double,2 + 2 =,L2H4,0.007267811801284552,-0.07286715507507324
discovery,4,double,2 + 2 =,L2H5,-0.003402359550818801,-0.07286715507507324
discovery,4,double,2 + 2 =,L2H6,-0.009456110186874866,-0.07286715507507324
discovery,4,double,2 + 2 =,L2H7,0.00492517277598381,-0.07286715507507324
discovery,4,double,2 + 2 =,L2H8,-0.005299914162606001,-0.07286715507507324
discovery,4,double,2 + 2 =,L2H9,0.017326654866337776,-0.07286715507507324
discovery,4,double,2 + 2 =,L2H10,-0.0072517991065979,-0.07286715507507324
discovery,4,double,2 + 2 =,L2H11,-0.005621151067316532,-0.07286715507507324
discovery,4,double,2 + 2 =,L3H0,-0.016743933781981468,-0.07286715507507324
discovery,4,double,2 + 2 =,L3H1,-0.006330366246402264,-0.07286715507507324
discovery,4,double,2 + 2 =,L3H2,-0.0021450603380799294,-0.07286715507507324
discovery,4,double,2 + 2 =,L3H3,-0.0064185308292508125,-0.07286715507507324
discovery,4,double,2 + 2 =,L3H4,0.015972567722201347,-0.07286715507507324
discovery,4,double,2 + 2 =,L3H5,-0.003458903869614005,-0.07286715507507324
discovery,4,double,2 + 2 =,L3H6,0.014152999967336655,-0.07286715507507324
discovery,4,double,2 + 2 =,L3H7,0.005568907596170902,-0.07286715507507324
discovery,4,double,2 + 2 =,L3H8,0.006191898602992296,-0.07286715507507324
discovery,4,double,2 + 2 =,L3H9,-0.007760528475046158,-0.07286715507507324
discovery,4,double,2 + 2 =,L3H10,0.010869966819882393,-0.07286715507507324
discovery,4,double,2 + 2 =,L3H11,-0.005567748565226793,-0.07286715507507324
discovery,4,double,2 + 2 =,L4H0,0.004471299238502979,-0.07286715507507324
discovery,4,double,2 + 2 =,L4H1,0.012303821742534637,-0.07286715507507324
discovery,4,double,2 + 2 =,L4H2,0.0030997726134955883,-0.07286715507507324
discovery,4,double,2 + 2 =,L4H3,0.012156428769230843,-0.07286715507507324
discovery,4,double,2 + 2 =,L4H4,0.005084471311420202,-0.07286715507507324
discovery,4,double,2 + 2 =,L4H5,0.00602071825414896,-0.07286715507507324
discovery,4,double,2 + 2 =,L4H6,-0.009210271760821342,-0.07286715507507324
discovery,4,double,2 + 2 =,L4H7,-0.0025501949712634087,-0.07286715507507324
discovery,4,double,2 + 2 =,L4H8,0.0005838046781718731,-0.07286715507507324
discovery,4,double,2 + 2 =,L4H9,-0.005422055721282959,-0.07286715507507324
discovery,4,double,2 + 2 =,L4H10,-0.00619472237303853,-0.07286715507507324
discovery,4,double,2 + 2 =,L4H11,-0.0281666312366724,-0.07286715507507324
discovery,4,double,2 + 2 =,L5H0,-0.004888884257525206,-0.07286715507507324
discovery,4,double,2 + 2 =,L5H1,0.00774383544921875,-0.07286715507507324
discovery,4,double,2 + 2 =,L5H2,0.0067447577603161335,-0.07286715507507324
discovery,4,double,2 + 2 =,L5H3,-0.002542460337281227,-0.07286715507507324
discovery,4,double,2 + 2 =,L5H4,0.006677703000605106,-0.07286715507507324
discovery,4,double,2 + 2 =,L5H5,-4.52559906989336e-05,-0.07286715507507324
discovery,4,double,2 + 2 =,L5H6,-0.0015907387714833021,-0.07286715507507324
discovery,4,double,2 + 2 =,L5H7,-0.0014439644291996956,-0.07286715507507324
discovery,4,double,2 + 2 =,L5H8,-0.03862445428967476,-0.07286715507507324
discovery,4,double,2 + 2 =,L5H9,0.013762278482317924,-0.07286715507507324
discovery,4,double,2 + 2 =,L5H10,0.004219467286020517,-0.07286715507507324
discovery,4,double,2 + 2 =,L5H11,0.005267339292913675,-0.07286715507507324
discovery,4,double,2 + 2 =,L6H0,-0.004740102216601372,-0.07286715507507324
discovery,4,double,2 + 2 =,L6H1,0.005358541384339333,-0.07286715507507324
discovery,4,double,2 + 2 =,L6H2,-0.008509263396263123,-0.07286715507507324
discovery,4,double,2 + 2 =,L6H3,0.015698296949267387,-0.07286715507507324
discovery,4,double,2 + 2 =,L6H4,0.007758665829896927,-0.07286715507507324
discovery,4,double,2 + 2 =,L6H5,-0.01241605170071125,-0.07286715507507324
discovery,4,double,2 + 2 =,L6H6,0.002027603331953287,-0.07286715507507324
discovery,4,double,2 + 2 =,L6H7,0.0075490642338991165,-0.07286715507507324
discovery,4,double,2 + 2 =,L6H8,0.006583476439118385,-0.07286715507507324
discovery,4,double,2 + 2 =,L6H9,0.003198448568582535,-0.07286715507507324
discovery,4,double,2 + 2 =,L6H10,0.007024827413260937,-0.07286715507507324
discovery,4,double,2 + 2 =,L6H11,-0.007039941847324371,-0.07286715507507324
discovery,4,double,2 + 2 =,L7H0,0.013423609547317028,-0.07286715507507324
discovery,4,double,2 + 2 =,L7H1,0.0005849560257047415,-0.07286715507507324
discovery,4,double,2 + 2 =,L7H2,0.0063494290225207806,-0.07286715507507324
discovery,4,double,2 + 2 =,L7H3,0.020163388922810555,-0.07286715507507324
discovery,4,double,2 + 2 =,L7H4,0.02338559739291668,-0.07286715507507324
discovery,4,double,2 + 2 =,L7H5,0.007254550699144602,-0.07286715507507324
discovery,4,double,2 + 2 =,L7H6,-0.0032711788080632687,-0.07286715507507324
discovery,4,double,2 + 2 =,L7H7,-0.007256937213242054,-0.07286715507507324
discovery,4,double,2 + 2 =,L7H8,-0.008971898816525936,-0.07286715507507324
discovery,4,double,2 + 2 =,L7H9,-0.003936437889933586,-0.07286715507507324
discovery,4,double,2 + 2 =,L7H10,0.0019568658899515867,-0.07286715507507324
discovery,4,double,2 + 2 =,L7H11,-0.0003422980662435293,-0.07286715507507324
discovery,4,double,2 + 2 =,L8H0,-0.024203233420848846,-0.07286715507507324
discovery,4,double,2 + 2 =,L8H1,0.0032028229907155037,-0.07286715507507324
discovery,4,double,2 + 2 =,L8H2,-0.009604928083717823,-0.07286715507507324
discovery,4,double,2 + 2 =,L8H3,-0.0019414196722209454,-0.07286715507507324
discovery,4,double,2 + 2 =,L8H4,-0.0017403950914740562,-0.07286715507507324
discovery,4,double,2 + 2 =,L8H5,0.010114864446222782,-0.07286715507507324
discovery,4,double,2 + 2 =,L8H6,0.012938795611262321,-0.07286715507507324
discovery,4,double,2 + 2 =,L8H7,0.009969111531972885,-0.07286715507507324
discovery,4,double,2 + 2 =,L8H8,0.02327408827841282,-0.07286715507507324
discovery,4,double,2 + 2 =,L8H9,0.01883367821574211,-0.07286715507507324
discovery,4,double,2 + 2 =,L8H10,0.016102414578199387,-0.07286715507507324
discovery,4,double,2 + 2 =,L8H11,0.007853690534830093,-0.07286715507507324
discovery,4,double,2 + 2 =,L9H0,0.013195951469242573,-0.07286715507507324
discovery,4,double,2 + 2 =,L9H1,-0.008067663758993149,-0.07286715507507324
discovery,4,double,2 + 2 =,L9H2,0.003742283908650279,-0.07286715507507324
discovery,4,double,2 + 2 =,L9H3,0.0036638909950852394,-0.07286715507507324
discovery,4,double,2 + 2 =,L9H4,0.0024754772894084454,-0.07286715507507324
discovery,4,double,2 + 2 =,L9H5,0.004992494359612465,-0.07286715507507324
discovery,4,double,2 + 2 =,L9H6,0.0031947502866387367,-0.07286715507507324
discovery,4,double,2 + 2 =,L9H7,-0.008479803800582886,-0.07286715507507324
discovery,4,double,2 + 2 =,L9H8,0.0027899383567273617,-0.07286715507507324
discovery,4,double,2 + 2 =,L9H9,0.02165931463241577,-0.07286715507507324
discovery,4,double,2 + 2 =,L9H10,0.00702308164909482,-0.07286715507507324
discovery,4,double,2 + 2 =,L9H11,-4.062661901116371e-05,-0.07286715507507324
discovery,4,double,2 + 2 =,L10H0,-0.0030723416712135077,-0.07286715507507324
discovery,4,double,2 + 2 =,L10H1,0.008315620943903923,-0.07286715507507324
discovery,4,double,2 + 2 =,L10H2,-0.007062533870339394,-0.07286715507507324
discovery,4,double,2 + 2 =,L10H3,0.0038994071073830128,-0.07286715507507324
discovery,4,double,2 + 2 =,L10H4,0.014218607917428017,-0.07286715507507324
discovery,4,double,2 + 2 =,L10H5,0.0002496927045285702,-0.07286715507507324
discovery,4,double,2 + 2 =,L10H6,0.009408025071024895,-0.07286715507507324
discovery,4,double,2 + 2 =,L10H7,0.015498900786042213,-0.07286715507507324
discovery,4,double,2 + 2 =,L10H8,-0.005418393760919571,-0.07286715507507324
discovery,4,double,2 + 2 =,L10H9,0.010053225792944431,-0.07286715507507324
discovery,4,double,2 + 2 =,L10H10,0.01585865020751953,-0.07286715507507324
discovery,4,double,2 + 2 =,L10H11,0.00902561005204916,-0.07286715507507324
discovery,4,double,2 + 2 =,L11H0,0.009949360974133015,-0.07286715507507324
discovery,4,double,2 + 2 =,L11H1,0.00770566426217556,-0.07286715507507324
discovery,4,double,2 + 2 =,L11H2,0.015225540846586227,-0.07286715507507324
discovery,4,double,2 + 2 =,L11H3,-0.012831389904022217,-0.07286715507507324
discovery,4,double,2 + 2 =,L11H4,-0.02111438661813736,-0.07286715507507324
discovery,4,double,2 + 2 =,L11H5,0.0006695911288261414,-0.07286715507507324
discovery,4,double,2 + 2 =,L11H6,-0.002141358330845833,-0.07286715507507324
discovery,4,double,2 + 2 =,L11H7,0.011633763089776039,-0.07286715507507324
discovery,4,double,2 + 2 =,L11H8,0.012091176584362984,-0.07286715507507324
discovery,4,double,2 + 2 =,L11H9,-0.003471667179837823,-0.07286715507507324
discovery,4,double,2 + 2 =,L11H10,-0.0268641896545887,-0.07286715507507324
discovery,4,double,2 + 2 =,L11H11,0.009664841927587986,-0.07286715507507324
discovery,4,double,2 + 2 =,0_mlp_out,-0.034243207424879074,-0.07286715507507324
discovery,4,double,2 + 2 =,1_mlp_out,0.03180409595370293,-0.07286715507507324
discovery,4,double,2 + 2 =,2_mlp_out,-0.002185532823204994,-0.07286715507507324
discovery,4,double,2 + 2 =,3_mlp_out,-0.010844411328434944,-0.07286715507507324
discovery,4,double,2 + 2 =,4_mlp_out,-0.006084170192480087,-0.07286715507507324
discovery,4,double,2 + 2 =,5_mlp_out,0.0219045951962471,-0.07286715507507324
discovery,4,double,2 + 2 =,6_mlp_out,0.10047899931669235,-0.07286715507507324
discovery,4,double,2 + 2 =,7_mlp_out,0.009913824498653412,-0.07286715507507324
discovery,4,double,2 + 2 =,8_mlp_out,0.07465233653783798,-0.07286715507507324
discovery,4,double,2 + 2 =,9_mlp_out,-0.11543585360050201,-0.07286715507507324
discovery,4,double,2 + 2 =,10_mlp_out,0.0680243968963623,-0.07286715507507324
discovery,4,double,2 + 2 =,11_mlp_out,0.00903366506099701,-0.07286715507507324
discovery,4,double,2 + 2 =,embed,-0.003670288249850273,-0.07286715507507324
discovery,4,double,2 + 2 =,pos_embed,0.00041302366298623383,-0.07286715507507324
discovery,4,double,2 + 2 =,bias,-0.12220785021781921,-0.07286715507507324
discovery,4,control,1 + 3 =,L0H0,-0.0032021799124777317,-0.07286715507507324
discovery,4,control,1 + 3 =,L0H1,0.0015471158549189568,-0.07286715507507324
discovery,4,control,1 + 3 =,L0H2,0.00087784044444561,-0.07286715507507324
discovery,4,control,1 + 3 =,L0H3,-0.00905073806643486,-0.07286715507507324
discovery,4,control,1 + 3 =,L0H4,-0.0009015759569592774,-0.07286715507507324
discovery,4,control,1 + 3 =,L0H5,0.012267732061445713,-0.07286715507507324
discovery,4,control,1 + 3 =,L0H6,-0.015426672995090485,-0.07286715507507324
discovery,4,control,1 + 3 =,L0H7,0.001877691363915801,-0.07286715507507324
discovery,4,control,1 + 3 =,L0H8,0.028017856180667877,-0.07286715507507324
discovery,4,control,1 + 3 =,L0H9,0.010007848963141441,-0.07286715507507324
discovery,4,control,1 + 3 =,L0H10,0.003406960517168045,-0.07286715507507324
discovery,4,control,1 + 3 =,L0H11,0.0030545645859092474,-0.07286715507507324
discovery,4,control,1 + 3 =,L1H0,-0.012098411098122597,-0.07286715507507324
discovery,4,control,1 + 3 =,L1H1,0.007378522306680679,-0.07286715507507324
discovery,4,control,1 + 3 =,L1H2,0.002245275303721428,-0.07286715507507324
discovery,4,control,1 + 3 =,L1H3,0.00431859539821744,-0.07286715507507324
discovery,4,control,1 + 3 =,L1H4,0.0017184626776725054,-0.07286715507507324
discovery,4,control,1 + 3 =,L1H5,0.021847490221261978,-0.07286715507507324
discovery,4,control,1 + 3 =,L1H6,-0.005931713618338108,-0.07286715507507324
discovery,4,control,1 + 3 =,L1H7,0.011081181466579437,-0.07286715507507324
discovery,4,control,1 + 3 =,L1H8,-0.003767699934542179,-0.07286715507507324
discovery,4,control,1 + 3 =,L1H9,-0.006366247311234474,-0.07286715507507324
discovery,4,control,1 + 3 =,L1H10,0.009492907673120499,-0.07286715507507324
discovery,4,control,1 + 3 =,L1H11,-0.005009693093597889,-0.07286715507507324
discovery,4,control,1 + 3 =,L2H0,0.02661646157503128,-0.07286715507507324
discovery,4,control,1 + 3 =,L2H1,-0.00445371400564909,-0.07286715507507324
discovery,4,control,1 + 3 =,L2H2,-0.005021636374294758,-0.07286715507507324
discovery,4,control,1 + 3 =,L2H3,-0.0015846649184823036,-0.07286715507507324
discovery,4,control,1 + 3 =,L2H4,0.006729718763381243,-0.07286715507507324
discovery,4,control,1 + 3 =,L2H5,-0.003764159744605422,-0.07286715507507324
discovery,4,control,1 + 3 =,L2H6,-0.008607665076851845,-0.07286715507507324
discovery,4,control,1 + 3 =,L2H7,0.007462904788553715,-0.07286715507507324
discovery,4,control,1 + 3 =,L2H8,-0.006503456272184849,-0.07286715507507324
discovery,4,control,1 + 3 =,L2H9,0.02358967438340187,-0.07286715507507324
discovery,4,control,1 + 3 =,L2H10,-0.00811850931495428,-0.07286715507507324
discovery,4,control,1 + 3 =,L2H11,-0.0065079727210104465,-0.07286715507507324
discovery,4,control,1 + 3 =,L3H0,-0.01704564318060875,-0.07286715507507324
discovery,4,control,1 + 3 =,L3H1,-0.006094100885093212,-0.07286715507507324
discovery,4,control,1 + 3 =,L3H2,0.004677122924476862,-0.07286715507507324
discovery,4,control,1 + 3 =,L3H3,-0.0030827196314930916,-0.07286715507507324
discovery,4,control,1 + 3 =,L3H4,0.01673385128378868,-0.07286715507507324
discovery,4,control,1 + 3 =,L3H5,-0.004514182452112436,-0.07286715507507324
discovery,4,control,1 + 3 =,L3H6,0.016487985849380493,-0.07286715507507324
discovery,4,control,1 + 3 =,L3H7,0.009534046053886414,-0.07286715507507324
discovery,4,control,1 + 3 =,L3H8,0.000789545476436615,-0.07286715507507324
discovery,4,control,1 + 3 =,L3H9,-0.008144911378622055,-0.07286715507507324
discovery,4,control,1 + 3 =,L3H10,0.005984628107398748,-0.07286715507507324
discovery,4,control,1 + 3 =,L3H11,-0.006366835441440344,-0.07286715507507324
discovery,4,control,1 + 3 =,L4H0,0.002170239808037877,-0.07286715507507324
discovery,4,control,1 + 3 =,L4H1,0.01345558650791645,-0.07286715507507324
discovery,4,control,1 + 3 =,L4H2,0.00588660454377532,-0.07286715507507324
discovery,4,control,1 + 3 =,L4H3,0.005318210460245609,-0.07286715507507324
discovery,4,control,1 + 3 =,L4H4,0.0003461744636297226,-0.07286715507507324
discovery,4,control,1 + 3 =,L4H5,0.004293099977076054,-0.07286715507507324
discovery,4,control,1 + 3 =,L4H6,-0.008368253707885742,-0.07286715507507324
discovery,4,control,1 + 3 =,L4H7,-0.011005226522684097,-0.07286715507507324
discovery,4,control,1 + 3 =,L4H8,0.0077405632473528385,-0.07286715507507324
discovery,4,control,1 + 3 =,L4H9,-0.0049246205016970634,-0.07286715507507324
discovery,4,control,1 + 3 =,L4H10,-0.009446264244616032,-0.07286715507507324
discovery,4,control,1 + 3 =,L4H11,-0.009394936263561249,-0.07286715507507324
discovery,4,control,1 + 3 =,L5H0,-0.004882289096713066,-0.07286715507507324
discovery,4,control,1 + 3 =,L5H1,0.006532143335789442,-0.07286715507507324
discovery,4,control,1 + 3 =,L5H2,0.017311077564954758,-0.07286715507507324
discovery,4,control,1 + 3 =,L5H3,-0.005988301709294319,-0.07286715507507324
discovery,4,control,1 + 3 =,L5H4,0.010413998737931252,-0.07286715507507324
discovery,4,control,1 + 3 =,L5H5,0.0018015801906585693,-0.07286715507507324
discovery,4,control,1 + 3 =,L5H6,0.005003902595490217,-0.07286715507507324
discovery,4,control,1 + 3 =,L5H7,-0.0006481464952230453,-0.07286715507507324
discovery,4,control,1 + 3 =,L5H8,-0.019237762317061424,-0.07286715507507324
discovery,4,control,1 + 3 =,L5H9,0.017085865139961243,-0.07286715507507324
discovery,4,control,1 + 3 =,L5H10,0.0003594048321247101,-0.07286715507507324
discovery,4,control,1 + 3 =,L5H11,0.005668318830430508,-0.07286715507507324
discovery,4,control,1 + 3 =,L6H0,-0.0030490425415337086,-0.07286715507507324
discovery,4,control,1 + 3 =,L6H1,0.031592365354299545,-0.07286715507507324
discovery,4,control,1 + 3 =,L6H2,-0.009086037054657936,-0.07286715507507324
discovery,4,control,1 + 3 =,L6H3,0.019568055868148804,-0.07286715507507324
discovery,4,control,1 + 3 =,L6H4,0.0039873309433460236,-0.07286715507507324
discovery,4,control,1 + 3 =,L6H5,-0.0139858303591609,-0.07286715507507324
discovery,4,control,1 + 3 =,L6H6,0.0026078717783093452,-0.07286715507507324
discovery,4,control,1 + 3 =,L6H7,-0.015916017815470695,-0.07286715507507324
discovery,4,control,1 + 3 =,L6H8,0.018843529745936394,-0.07286715507507324
discovery,4,control,1 + 3 =,L6H9,-0.044438187032938004,-0.07286715507507324
discovery,4,control,1 + 3 =,L6H10,0.00489549245685339,-0.07286715507507324
discovery,4,control,1 + 3 =,L6H11,-0.00775109464302659,-0.07286715507507324
discovery,4,control,1 + 3 =,L7H0,0.017772268503904343,-0.07286715507507324
discovery,4,control,1 + 3 =,L7H1,-2.629123628139496e-06,-0.07286715507507324
discovery,4,control,1 + 3 =,L7H2,0.006510929670184851,-0.07286715507507324
discovery,4,control,1 + 3 =,L7H3,0.02641669660806656,-0.07286715507507324
discovery,4,control,1 + 3 =,L7H4,0.012415333651006222,-0.07286715507507324
discovery,4,control,1 + 3 =,L7H5,0.0004904209636151791,-0.07286715507507324
discovery,4,control,1 + 3 =,L7H6,-0.003349954029545188,-0.07286715507507324
discovery,4,control,1 + 3 =,L7H7,-0.007103048264980316,-0.07286715507507324
discovery,4,control,1 + 3 =,L7H8,-0.0038366131484508514,-0.07286715507507324
discovery,4,control,1 + 3 =,L7H9,0.0011343476362526417,-0.07286715507507324
discovery,4,control,1 + 3 =,L7H10,0.0009216720936819911,-0.07286715507507324
discovery,4,control,1 + 3 =,L7H11,0.001576023641973734,-0.07286715507507324
discovery,4,control,1 + 3 =,L8H0,-0.01881738193333149,-0.07286715507507324
discovery,4,control,1 + 3 =,L8H1,0.0006700705271214247,-0.07286715507507324
discovery,4,control,1 + 3 =,L8H2,-0.013805242255330086,-0.07286715507507324
discovery,4,control,1 + 3 =,L8H3,-0.004120754078030586,-0.07286715507507324
discovery,4,control,1 + 3 =,L8H4,-0.0016020885668694973,-0.07286715507507324
discovery,4,control,1 + 3 =,L8H5,0.005202876403927803,-0.07286715507507324
discovery,4,control,1 + 3 =,L8H6,0.025533394888043404,-0.07286715507507324
discovery,4,control,1 + 3 =,L8H7,0.006564028561115265,-0.07286715507507324
discovery,4,control,1 + 3 =,L8H8,0.08712543547153473,-0.07286715507507324
discovery,4,control,1 + 3 =,L8H9,0.015620952472090721,-0.07286715507507324
discovery,4,control,1 + 3 =,L8H10,0.01806502789258957,-0.07286715507507324
discovery,4,control,1 + 3 =,L8H11,-0.027145517989993095,-0.07286715507507324
discovery,4,control,1 + 3 =,L9H0,0.010631470009684563,-0.07286715507507324
discovery,4,control,1 + 3 =,L9H1,0.04781271517276764,-0.07286715507507324
discovery,4,control,1 + 3 =,L9H2,0.0011485957074910402,-0.07286715507507324
discovery,4,control,1 + 3 =,L9H3,5.050096660852432e-05,-0.07286715507507324
discovery,4,control,1 + 3 =,L9H4,0.0022264658473432064,-0.07286715507507324
discovery,4,control,1 + 3 =,L9H5,0.002390004228800535,-0.07286715507507324
discovery,4,control,1 + 3 =,L9H6,0.0037599694915115833,-0.07286715507507324
discovery,4,control,1 + 3 =,L9H7,-0.004878309089690447,-0.07286715507507324
discovery,4,control,1 + 3 =,L9H8,0.0029407781548798084,-0.07286715507507324
discovery,4,control,1 + 3 =,L9H9,-0.0384238138794899,-0.07286715507507324
discovery,4,control,1 + 3 =,L9H10,0.008560056798160076,-0.07286715507507324
discovery,4,control,1 + 3 =,L9H11,-0.0005479918327182531,-0.07286715507507324
discovery,4,control,1 + 3 =,L10H0,-0.001941721886396408,-0.07286715507507324
discovery,4,control,1 + 3 =,L10H1,-0.003262396901845932,-0.07286715507507324
discovery,4,control,1 + 3 =,L10H2,-0.05330238491296768,-0.07286715507507324
discovery,4,control,1 + 3 =,L10H3,0.0030252959113568068,-0.07286715507507324
discovery,4,control,1 + 3 =,L10H4,0.011928394436836243,-0.07286715507507324
discovery,4,control,1 + 3 =,L10H5,-0.0009375130757689476,-0.07286715507507324
discovery,4,control,1 + 3 =,L10H6,0.009486287832260132,-0.07286715507507324
discovery,4,control,1 + 3 =,L10H7,0.053745172917842865,-0.07286715507507324
discovery,4,control,1 + 3 =,L10H8,-0.0025988039560616016,-0.07286715507507324
discovery,4,control,1 + 3 =,L10H9,0.006149637047201395,-0.07286715507507324
discovery,4,control,1 + 3 =,L10H10,0.016490932554006577,-0.07286715507507324
discovery,4,control,1 + 3 =,L10H11,0.008862330578267574,-0.07286715507507324
discovery,4,control,1 + 3 =,L11H0,0.012751681730151176,-0.07286715507507324
discovery,4,control,1 + 3 =,L11H1,0.0031207315623760223,-0.07286715507507324
discovery,4,control,1 + 3 =,L11H2,0.01909783110022545,-0.07286715507507324
discovery,4,control,1 + 3 =,L11H3,-0.014186067506670952,-0.07286715507507324
discovery,4,control,1 + 3 =,L11H4,-0.03582952544093132,-0.07286715507507324
discovery,4,control,1 + 3 =,L11H5,-0.0007763570174574852,-0.07286715507507324
discovery,4,control,1 + 3 =,L11H6,-0.0034593436866998672,-0.07286715507507324
discovery,4,control,1 + 3 =,L11H7,0.011689264327287674,-0.07286715507507324
discovery,4,control,1 + 3 =,L11H8,0.013954570516943932,-0.07286715507507324
discovery,4,control,1 + 3 =,L11H9,-0.0029715572018176317,-0.07286715507507324
discovery,4,control,1 + 3 =,L11H10,-0.019863443449139595,-0.07286715507507324
discovery,4,control,1 + 3 =,L11H11,0.003792970906943083,-0.07286715507507324
discovery,4,control,1 + 3 =,0_mlp_out,-0.03590569645166397,-0.07286715507507324
discovery,4,control,1 + 3 =,1_mlp_out,0.029810111969709396,-0.07286715507507324
discovery,4,control,1 + 3 =,2_mlp_out,0.003047729842364788,-0.07286715507507324
discovery,4,control,1 + 3 =,3_mlp_out,-0.022885803133249283,-0.07286715507507324
discovery,4,control,1 + 3 =,4_mlp_out,-0.010675475001335144,-0.07286715507507324
discovery,4,control,1 + 3 =,5_mlp_out,0.014179416000843048,-0.07286715507507324
discovery,4,control,1 + 3 =,6_mlp_out,0.06862479448318481,-0.07286715507507324
discovery,4,control,1 + 3 =,7_mlp_out,0.0016473033465445042,-0.07286715507507324
discovery,4,control,1 + 3 =,8_mlp_out,0.05459340661764145,-0.07286715507507324
discovery,4,control,1 + 3 =,9_mlp_out,-0.02700790762901306,-0.07286715507507324
discovery,4,control,1 + 3 =,10_mlp_out,0.05370185896754265,-0.07286715507507324
discovery,4,control,1 + 3 =,11_mlp_out,0.07363782078027725,-0.07286715507507324
discovery,4,control,1 + 3 =,embed,-0.0037506744265556335,-0.07286715507507324
discovery,4,control,1 + 3 =,pos_embed,0.00042206980288028717,-0.07286715507507324
discovery,4,control,1 + 3 =,bias,-0.12488425523042679,-0.07286715507507324
discovery,4,control,3 + 1 =,L0H0,-0.0038429265841841698,-0.07286715507507324
discovery,4,control,3 + 1 =,L0H1,0.0016291197389364243,-0.07286715507507324
discovery,4,control,3 + 1 =,L0H2,0.0010865344665944576,-0.07286715507507324
discovery,4,control,3 + 1 =,L0H3,-0.009816905483603477,-0.07286715507507324
discovery,4,control,3 + 1 =,L0H4,-0.00032317161094397306,-0.07286715507507324
discovery,4,control,3 + 1 =,L0H5,0.013083528727293015,-0.07286715507507324
discovery,4,control,3 + 1 =,L0H6,-0.016801660880446434,-0.07286715507507324
discovery,4,control,3 + 1 =,L0H7,0.0028661431279033422,-0.07286715507507324
discovery,4,control,3 + 1 =,L0H8,0.029514417052268982,-0.07286715507507324
discovery,4,control,3 + 1 =,L0H9,0.010456353425979614,-0.07286715507507324
discovery,4,control,3 + 1 =,L0H10,0.0049282279796898365,-0.07286715507507324
discovery,4,control,3 + 1 =,L0H11,0.0036389187444001436,-0.07286715507507324
discovery,4,control,3 + 1 =,L1H0,-0.011139241978526115,-0.07286715507507324
discovery,4,control,3 + 1 =,L1H1,0.008245895616710186,-0.07286715507507324
discovery,4,control,3 + 1 =,L1H2,0.001415930688381195,-0.07286715507507324
discovery,4,control,3 + 1 =,L1H3,0.004881027154624462,-0.07286715507507324
discovery,4,control,3 + 1 =,L1H4,0.0010418638121336699,-0.07286715507507324
discovery,4,control,3 + 1 =,L1H5,0.023762382566928864,-0.07286715507507324
discovery,4,control,3 + 1 =,L1H6,-0.006210776977241039,-0.07286715507507324
discovery,4,control,3 + 1 =,L1H7,0.012048771604895592,-0.07286715507507324
discovery,4,control,3 + 1 =,L1H8,-0.0035102739930152893,-0.07286715507507324
discovery,4,control,3 + 1 =,L1H9,-0.006572772283107042,-0.07286715507507324
discovery,4,control,3 + 1 =,L1H10,0.010642524808645248,-0.07286715507507324
discovery,4,control,3 + 1 =,L1H11,-0.004411301575601101,-0.07286715507507324
discovery,4,control,3 + 1 =,L2H0,0.02641020156443119,-0.07286715507507324
discovery,4,control,3 + 1 =,L2H1,-0.004273190628737211,-0.07286715507507324
discovery,4,control,3 + 1 =,L2H2,-0.021139606833457947,-0.07286715507507324
discovery,4,control,3 + 1 =,L2H3,0.0004940088838338852,-0.07286715507507324
discovery,4,control,3 + 1 =,L2H4,0.007553794886916876,-0.07286715507507324
discovery,4,control,3 + 1 =,L2H5,-0.0031503927893936634,-0.07286715507507324
discovery,4,control,3 + 1 =,L2H6,-0.008121534250676632,-0.07286715507507324
discovery,4,control,3 + 1 =,L2H7,0.008223876357078552,-0.07286715507507324
discovery,4,control,3 + 1 =,L2H8,-0.006701982114464045,-0.07286715507507324
discovery,4,control,3 + 1 =,L2H9,0.021594218909740448,-0.07286715507507324
discovery,4,control,3 + 1 =,L2H10,-0.007609943393617868,-0.07286715507507324
discovery,4,control,3 + 1 =,L2H11,-0.006628483068197966,-0.07286715507507324
discovery,4,control,3 + 1 =,L3H0,-0.01831982657313347,-0.07286715507507324
discovery,4,control,3 + 1 =,L3H1,-0.007302428595721722,-0.07286715507507324
discovery,4,control,3 + 1 =,L3H2,0.005841677077114582,-0.07286715507507324
discovery,4,control,3 + 1 =,L3H3,-0.010589777491986752,-0.07286715507507324
discovery,4,control,3 + 1 =,L3H4,0.017645057290792465,-0.07286715507507324
discovery,4,control,3 + 1 =,L3H5,-0.005093349143862724,-0.07286715507507324
discovery,4,control,3 + 1 =,L3H6,0.009967295452952385,-0.07286715507507324
discovery,4,control,3 + 1 =,L3H7,0.011208419688045979,-0.07286715507507324
discovery,4,control,3 + 1 =,L3H8,0.005256912671029568,-0.07286715507507324
discovery,4,control,3 + 1 =,L3H9,-0.007890192791819572,-0.07286715507507324
discovery,4,control,3 + 1 =,L3H10,0.01054251566529274,-0.07286715507507324
discovery,4,control,3 + 1 =,L3H11,-0.006467565428465605,-0.07286715507507324
discovery,4,control,3 + 1 =,L4H0,0.002285108668729663,-0.07286715507507324
discovery,4,control,3 + 1 =,L4H1,0.012947585433721542,-0.07286715507507324
discovery,4,control,3 + 1 =,L4H2,0.0028530522249639034,-0.07286715507507324
discovery,4,control,3 + 1 =,L4H3,0.003470904193818569,-0.07286715507507324
discovery,4,control,3 + 1 =,L4H4,0.0035174221266061068,-0.07286715507507324
discovery,4,control,3 + 1 =,L4H5,0.004610931500792503,-0.07286715507507324
discovery,4,control,3 + 1 =,L4H6,-0.0059555815532803535,-0.07286715507507324
discovery,4,control,3 + 1 =,L4H7,-0.007941687479615211,-0.07286715507507324
discovery,4,control,3 + 1 =,L4H8,0.002624307293444872,-0.07286715507507324
discovery,4,control,3 + 1 =,L4H9,-0.004852434620261192,-0.07286715507507324
discovery,4,control,3 + 1 =,L4H10,-0.005782953929156065,-0.07286715507507324
discovery,4,control,3 + 1 =,L4H11,-0.023412302136421204,-0.07286715507507324
discovery,4,control,3 + 1 =,L5H0,-0.005886372644454241,-0.07286715507507324
discovery,4,control,3 + 1 =,L5H1,0.008515738882124424,-0.07286715507507324
discovery,4,control,3 + 1 =,L5H2,0.010524468496441841,-0.07286715507507324
discovery,4,control,3 + 1 =,L5H3,-0.004205672070384026,-0.07286715507507324
discovery,4,control,3 + 1 =,L5H4,0.009145339950919151,-0.07286715507507324
discovery,4,control,3 + 1 =,L5H5,-0.005681248381733894,-0.07286715507507324
discovery,4,control,3 + 1 =,L5H6,-0.0003283361438661814,-0.07286715507507324
discovery,4,control,3 + 1 =,L5H7,-0.0031844284385442734,-0.07286715507507324
discovery,4,control,3 + 1 =,L5H8,-0.0008240020833909512,-0.07286715507507324
discovery,4,control,3 + 1 =,L5H9,0.016413787379860878,-0.07286715507507324
discovery,4,control,3 + 1 =,L5H10,0.0023009339347481728,-0.07286715507507324
discovery,4,control,3 + 1 =,L5H11,0.005833939183503389,-0.07286715507507324
discovery,4,control,3 + 1 =,L6H0,-0.003270064014941454,-0.07286715507507324
discovery,4,control,3 + 1 =,L6H1,0.016146808862686157,-0.07286715507507324
discovery,4,control,3 + 1 =,L6H2,-0.009364750236272812,-0.07286715507507324
discovery,4,control,3 + 1 =,L6H3,0.014720989391207695,-0.07286715507507324
discovery,4,control,3 + 1 =,L6H4,0.015562843531370163,-0.07286715507507324
discovery,4,control,3 + 1 =,L6H5,-0.02224702574312687,-0.07286715507507324
discovery,4,control,3 + 1 =,L6H6,0.000364067149348557,-0.07286715507507324
discovery,4,control,3 + 1 =,L6H7,-0.0005348958075046539,-0.07286715507507324
discovery,4,control,3 + 1 =,L6H8,0.0053191473707556725,-0.07286715507507324
discovery,4,control,3 + 1 =,L6H9,0.0030375500209629536,-0.07286715507507324
discovery,4,control,3 + 1 =,L6H10,0.005349193699657917,-0.07286715507507324
discovery,4,control,3 + 1 =,L6H11,-0.009836843237280846,-0.07286715507507324
discovery,4,control,3 + 1 =,L7H0,0.02376450225710869,-0.07286715507507324
discovery,4,control,3 + 1 =,L7H1,0.000657644122838974,-0.07286715507507324
discovery,4,control,3 + 1 =,L7H2,0.006955581717193127,-0.07286715507507324
discovery,4,control,3 + 1 =,L7H3,0.021762512624263763,-0.07286715507507324
discovery,4,control,3 + 1 =,L7H4,0.02218089997768402,-0.07286715507507324
discovery,4,control,3 + 1 =,L7H5,0.006777196191251278,-0.07286715507507324
discovery,4,control,3 + 1 =,L7H6,-0.004877696745097637,-0.07286715507507324
discovery,4,control,3 + 1 =,L7H7,-0.007534237578511238,-0.07286715507507324
discovery,4,control,3 + 1 =,L7H8,-0.0010131695307791233,-0.07286715507507324
discovery,4,control,3 + 1 =,L7H9,0.005857233889400959,-0.07286715507507324
discovery,4,control,3 + 1 =,L7H10,0.0030494409147650003,-0.07286715507507324
discovery,4,control,3 + 1 =,L7H11,0.00033350661396980286,-0.07286715507507324
discovery,4,control,3 + 1 =,L8H0,-0.018491901457309723,-0.07286715507507324
discovery,4,control,3 + 1 =,L8H1,0.0017183925956487656,-0.07286715507507324
discovery,4,control,3 + 1 =,L8H2,-0.014346501789987087,-0.07286715507507324
discovery,4,control,3 + 1 =,L8H3,-0.005104602314531803,-0.07286715507507324
discovery,4,control,3 + 1 =,L8H4,-0.0016800761222839355,-0.07286715507507324
discovery,4,control,3 + 1 =,L8H5,0.010083429515361786,-0.07286715507507324
discovery,4,control,3 + 1 =,L8H6,0.01911245658993721,-0.07286715507507324
discovery,4,control,3 + 1 =,L8H7,0.011586306616663933,-0.07286715507507324
discovery,4,control,3 + 1 =,L8H8,0.032088298350572586,-0.07286715507507324
discovery,4,control,3 + 1 =,L8H9,0.015144203789532185,-0.07286715507507324
discovery,4,control,3 + 1 =,L8H10,0.020648548379540443,-0.07286715507507324
discovery,4,control,3 + 1 =,L8H11,-0.029566437005996704,-0.07286715507507324
discovery,4,control,3 + 1 =,L9H0,0.010847419500350952,-0.07286715507507324
discovery,4,control,3 + 1 =,L9H1,0.0360945463180542,-0.07286715507507324
discovery,4,control,3 + 1 =,L9H2,0.002904449589550495,-0.07286715507507324
discovery,4,control,3 + 1 =,L9H3,0.004044709727168083,-0.07286715507507324
discovery,4,control,3 + 1 =,L9H4,0.001117450650781393,-0.07286715507507324
discovery,4,control,3 + 1 =,L9H5,0.0009573325514793396,-0.07286715507507324
discovery,4,control,3 + 1 =,L9H6,-0.0035351344849914312,-0.07286715507507324
discovery,4,control,3 + 1 =,L9H7,-0.0009722402319312096,-0.07286715507507324
discovery,4,control,3 + 1 =,L9H8,0.0032422379590570927,-0.07286715507507324
discovery,4,control,3 + 1 =,L9H9,-0.028276899829506874,-0.07286715507507324
discovery,4,control,3 + 1 =,L9H10,0.00879906490445137,-0.07286715507507324
discovery,4,control,3 + 1 =,L9H11,-0.0003992617130279541,-0.07286715507507324
discovery,4,control,3 + 1 =,L10H0,-0.0028680916875600815,-0.07286715507507324
discovery,4,control,3 + 1 =,L10H1,-0.005122605711221695,-0.07286715507507324
discovery,4,control,3 + 1 =,L10H2,-0.03512866422533989,-0.07286715507507324
discovery,4,control,3 + 1 =,L10H3,0.00359941553324461,-0.07286715507507324
discovery,4,control,3 + 1 =,L10H4,0.015467462129890919,-0.07286715507507324
discovery,4,control,3 + 1 =,L10H5,0.0004790048114955425,-0.07286715507507324
discovery,4,control,3 + 1 =,L10H6,0.011293869465589523,-0.07286715507507324
discovery,4,control,3 + 1 =,L10H7,0.03884313628077507,-0.07286715507507324
discovery,4,control,3 + 1 =,L10H8,-0.0030984049662947655,-0.07286715507507324
discovery,4,control,3 + 1 =,L10H9,0.0094391368329525,-0.07286715507507324
discovery,4,control,3 + 1 =,L10H10,0.017717856913805008,-0.07286715507507324
discovery,4,control,3 + 1 =,L10H11,0.009029367938637733,-0.07286715507507324
discovery,4,control,3 + 1 =,L11H0,0.009284164756536484,-0.07286715507507324
discovery,4,control,3 + 1 =,L11H1,0.006497983355075121,-0.07286715507507324
discovery,4,control,3 + 1 =,L11H2,0.017037568613886833,-0.07286715507507324
discovery,4,control,3 + 1 =,L11H3,-0.02229228802025318,-0.07286715507507324
discovery,4,control,3 + 1 =,L11H4,-0.03227539733052254,-0.07286715507507324
discovery,4,control,3 + 1 =,L11H5,-0.0003940439783036709,-0.07286715507507324
discovery,4,control,3 + 1 =,L11H6,-0.0032107490114867687,-0.07286715507507324
discovery,4,control,3 + 1 =,L11H7,0.010747176595032215,-0.07286715507507324
discovery,4,control,3 + 1 =,L11H8,0.015294191427528858,-0.07286715507507324
discovery,4,control,3 + 1 =,L11H9,-0.0031931062694638968,-0.07286715507507324
discovery,4,control,3 + 1 =,L11H10,-0.025974392890930176,-0.07286715507507324
discovery,4,control,3 + 1 =,L11H11,0.005755777470767498,-0.07286715507507324
discovery,4,control,3 + 1 =,0_mlp_out,-0.039363522082567215,-0.07286715507507324
discovery,4,control,3 + 1 =,1_mlp_out,0.028416523709893227,-0.07286715507507324
discovery,4,control,3 + 1 =,2_mlp_out,-0.013102686032652855,-0.07286715507507324
discovery,4,control,3 + 1 =,3_mlp_out,0.005475048907101154,-0.07286715507507324
discovery,4,control,3 + 1 =,4_mlp_out,-0.019229266792535782,-0.07286715507507324
discovery,4,control,3 + 1 =,5_mlp_out,-0.009059435687959194,-0.07286715507507324
discovery,4,control,3 + 1 =,6_mlp_out,0.10824687778949738,-0.07286715507507324
discovery,4,control,3 + 1 =,7_mlp_out,-0.02127392217516899,-0.07286715507507324
discovery,4,control,3 + 1 =,8_mlp_out,0.03135525807738304,-0.07286715507507324
discovery,4,control,3 + 1 =,9_mlp_out,-0.15928252041339874,-0.07286715507507324
discovery,4,control,3 + 1 =,10_mlp_out,0.06255780160427094,-0.07286715507507324
discovery,4,control,3 + 1 =,11_mlp_out,0.018003635108470917,-0.07286715507507324
discovery,4,control,3 + 1 =,embed,-0.00400300370529294,-0.07286715507507324
discovery,4,control,3 + 1 =,pos_embed,0.0004504630633164197,-0.07286715507507324
discovery,4,control,3 + 1 =,bias,-0.13328616321086884,-0.07286715507507324
discovery,6,double,3 + 3 =,L0H0,0.004217489156872034,-0.09519743919372559
discovery,6,double,3 + 3 =,L0H1,0.0037875929847359657,-0.09519743919372559
discovery,6,double,3 + 3 =,L0H2,0.00951076578348875,-0.09519743919372559
discovery,6,double,3 + 3 =,L0H3,0.016642507165670395,-0.09519743919372559
discovery,6,double,3 + 3 =,L0H4,0.004281560890376568,-0.09519743919372559
discovery,6,double,3 + 3 =,L0H5,-0.0017061096150428057,-0.09519743919372559
discovery,6,double,3 + 3 =,L0H6,0.001362726092338562,-0.09519743919372559
discovery,6,double,3 + 3 =,L0H7,-0.002150794956833124,-0.09519743919372559
discovery,6,double,3 + 3 =,L0H8,0.015282346867024899,-0.09519743919372559
discovery,6,double,3 + 3 =,L0H9,0.021147392690181732,-0.09519743919372559
discovery,6,double,3 + 3 =,L0H10,-0.022925881668925285,-0.09519743919372559
discovery,6,double,3 + 3 =,L0H11,-0.002246752381324768,-0.09519743919372559
discovery,6,double,3 + 3 =,L1H0,-0.007095690816640854,-0.09519743919372559
discovery,6,double,3 + 3 =,L1H1,-0.00043490459211170673,-0.09519743919372559
discovery,6,double,3 + 3 =,L1H2,-0.02649361826479435,-0.09519743919372559
discovery,6,double,3 + 3 =,L1H3,-0.019722267985343933,-0.09519743919372559
discovery,6,double,3 + 3 =,L1H4,0.021214112639427185,-0.09519743919372559
discovery,6,double,3 + 3 =,L1H5,0.01889834553003311,-0.09519743919372559
discovery,6,double,3 + 3 =,L1H6,0.006230046506971121,-0.09519743919372559
discovery,6,double,3 + 3 =,L1H7,-0.005344086326658726,-0.09519743919372559
discovery,6,double,3 + 3 =,L1H8,-0.003385330783203244,-0.09519743919372559
discovery,6,double,3 + 3 =,L1H9,-0.013192289508879185,-0.09519743919372559
discovery,6,double,3 + 3 =,L1H10,0.02788686193525791,-0.09519743919372559
discovery,6,double,3 + 3 =,L1H11,-0.01207355223596096,-0.09519743919372559
discovery,6,double,3 + 3 =,L2H0,0.006244784686714411,-0.09519743919372559
discovery,6,double,3 + 3 =,L2H1,-0.006566495634615421,-0.09519743919372559
discovery,6,double,3 + 3 =,L2H2,-0.0031376490369439125,-0.09519743919372559
discovery,6,double,3 + 3 =,L2H3,0.0003364225849509239,-0.09519743919372559
discovery,6,double,3 + 3 =,L2H4,0.005938475951552391,-0.09519743919372559
discovery,6,double,3 + 3 =,L2H5,-0.002335932804271579,-0.09519743919372559
discovery,6,double,3 + 3 =,L2H6,-0.007092617452144623,-0.09519743919372559
discovery,6,double,3 + 3 =,L2H7,0.0008400678634643555,-0.09519743919372559
discovery,6,double,3 + 3 =,L2H8,0.0017791511490941048,-0.09519743919372559
discovery,6,double,3 + 3 =,L2H9,0.010859829373657703,-0.09519743919372559
discovery,6,double,3 + 3 =,L2H10,0.011390088126063347,-0.09519743919372559
discovery,6,double,3 + 3 =,L2H11,-0.004212468396872282,-0.09519743919372559
discovery,6,double,3 + 3 =,L3H0,0.0036239654291421175,-0.09519743919372559
discovery,6,double,3 + 3 =,L3H1,-0.005268853157758713,-0.09519743919372559
discovery,6,double,3 + 3 =,L3H2,-0.0019119544886052608,-0.09519743919372559
discovery,6,double,3 + 3 =,L3H3,0.014602613635361195,-0.09519743919372559
discovery,6,double,3 + 3 =,L3H4,0.0105455182492733,-0.09519743919372559
discovery,6,double,3 + 3 =,L3H5,-0.0032994444482028484,-0.09519743919372559
discovery,6,double,3 + 3 =,L3H6,0.0001350073143839836,-0.09519743919372559
discovery,6,double,3 + 3 =,L3H7,0.00434557069092989,-0.09519743919372559
discovery,6,double,3 + 3 =,L3H8,0.004807359538972378,-0.09519743919372559
discovery,6,double,3 + 3 =,L3H9,0.007109805475920439,-0.09519743919372559
discovery,6,double,3 + 3 =,L3H10,-0.00598667748272419,-0.09519743919372559
discovery,6,double,3 + 3 =,L3H11,-0.008623823523521423,-0.09519743919372559
discovery,6,double,3 + 3 =,L4H0,0.0019802949391305447,-0.09519743919372559
discovery,6,double,3 + 3 =,L4H1,0.006279930472373962,-0.09519743919372559
discovery,6,double,3 + 3 =,L4H2,0.003169206203892827,-0.09519743919372559
discovery,6,double,3 + 3 =,L4H3,0.012073919177055359,-0.09519743919372559
discovery,6,double,3 + 3 =,L4H4,0.003378120483830571,-0.09519743919372559
discovery,6,double,3 + 3 =,L4H5,-0.0038261504378169775,-0.09519743919372559
discovery,6,double,3 + 3 =,L4H6,-0.02150133065879345,-0.09519743919372559
discovery,6,double,3 + 3 =,L4H7,-0.008154196664690971,-0.09519743919372559
discovery,6,double,3 + 3 =,L4H8,0.0024859823752194643,-0.09519743919372559
discovery,6,double,3 + 3 =,L4H9,-0.002246993128210306,-0.09519743919372559
discovery,6,double,3 + 3 =,L4H10,-0.004558120388537645,-0.09519743919372559
discovery,6,double,3 + 3 =,L4H11,0.01482423022389412,-0.09519743919372559
discovery,6,double,3 + 3 =,L5H0,0.006710247602313757,-0.09519743919372559
discovery,6,double,3 + 3 =,L5H1,0.00021819956600666046,-0.09519743919372559
discovery,6,double,3 + 3 =,L5H2,0.005459049716591835,-0.09519743919372559
discovery,6,double,3 + 3 =,L5H3,-0.013868851587176323,-0.09519743919372559
discovery,6,double,3 + 3 =,L5H4,0.00469935592263937,-0.09519743919372559
discovery,6,double,3 + 3 =,L5H5,-0.025036167353391647,-0.09519743919372559
discovery,6,double,3 + 3 =,L5H6,-0.0011355893220752478,-0.09519743919372559
discovery,6,double,3 + 3 =,L5H7,0.002241552574560046,-0.09519743919372559
discovery,6,double,3 + 3 =,L5H8,0.012465535663068295,-0.09519743919372559
discovery,6,double,3 + 3 =,L5H9,0.00908997654914856,-0.09519743919372559
discovery,6,double,3 + 3 =,L5H10,0.002363211940973997,-0.09519743919372559
discovery,6,double,3 + 3 =,L5H11,0.008744697086513042,-0.09519743919372559
discovery,6,double,3 + 3 =,L6H0,0.004554329439997673,-0.09519743919372559
discovery,6,double,3 + 3 =,L6H1,0.014414465986192226,-0.09519743919372559
discovery,6,double,3 + 3 =,L6H2,0.00334220752120018,-0.09519743919372559
discovery,6,double,3 + 3 =,L6H3,-0.0011268695816397667,-0.09519743919372559
discovery,6,double,3 + 3 =,L6H4,-0.003683710005134344,-0.09519743919372559
discovery,6,double,3 + 3 =,L6H5,-0.0013568149879574776,-0.09519743919372559
discovery,6,double,3 + 3 =,L6H6,-0.0004189051687717438,-0.09519743919372559
discovery,6,double,3 + 3 =,L6H7,-0.007032216526567936,-0.09519743919372559
discovery,6,double,3 + 3 =,L6H8,-0.005301947705447674,-0.09519743919372559
discovery,6,double,3 + 3 =,L6H9,-0.01722228154540062,-0.09519743919372559
discovery,6,double,3 + 3 =,L6H10,0.0005686990916728973,-0.09519743919372559
discovery,6,double,3 + 3 =,L6H11,0.011287427507340908,-0.09519743919372559
discovery,6,double,3 + 3 =,L7H0,0.008323903195559978,-0.09519743919372559
discovery,6,double,3 + 3 =,L7H1,-0.004197333473712206,-0.09519743919372559
discovery,6,double,3 + 3 =,L7H2,0.0017277200240641832,-0.09519743919372559
discovery,6,double,3 + 3 =,L7H3,0.01563531905412674,-0.09519743919372559
discovery,6,double,3 + 3 =,L7H4,0.023271309211850166,-0.09519743919372559
discovery,6,double,3 + 3 =,L7H5,0.003050548955798149,-0.09519743919372559
discovery,6,double,3 + 3 =,L7H6,-0.00515586556866765,-0.09519743919372559
discovery,6,double,3 + 3 =,L7H7,-0.0005785031244158745,-0.09519743919372559
discovery,6,double,3 + 3 =,L7H8,-0.0029290979728102684,-0.09519743919372559
discovery,6,double,3 + 3 =,L7H9,-0.011572613380849361,-0.09519743919372559
discovery,6,double,3 + 3 =,L7H10,-0.012030386365950108,-0.09519743919372559
discovery,6,double,3 + 3 =,L7H11,0.005075395107269287,-0.09519743919372559
discovery,6,double,3 + 3 =,L8H0,0.00028972094878554344,-0.09519743919372559
discovery,6,double,3 + 3 =,L8H1,-0.00791042298078537,-0.09519743919372559
discovery,6,double,3 + 3 =,L8H2,-0.01834079623222351,-0.09519743919372559
discovery,6,double,3 + 3 =,L8H3,0.0033323774114251137,-0.09519743919372559
discovery,6,double,3 + 3 =,L8H4,-0.0002954700030386448,-0.09519743919372559
discovery,6,double,3 + 3 =,L8H5,0.010935809463262558,-0.09519743919372559
discovery,6,double,3 + 3 =,L8H6,0.004223864525556564,-0.09519743919372559
discovery,6,double,3 + 3 =,L8H7,-0.0015294442418962717,-0.09519743919372559
discovery,6,double,3 + 3 =,L8H8,0.031789738684892654,-0.09519743919372559
discovery,6,double,3 + 3 =,L8H9,-0.0030595767311751842,-0.09519743919372559
discovery,6,double,3 + 3 =,L8H10,0.002378020901232958,-0.09519743919372559
discovery,6,double,3 + 3 =,L8H11,0.006256975699216127,-0.09519743919372559
discovery,6,double,3 + 3 =,L9H0,0.001472670934163034,-0.09519743919372559
discovery,6,double,3 + 3 =,L9H1,-0.003631649538874626,-0.09519743919372559
discovery,6,double,3 + 3 =,L9H2,-0.0064839934930205345,-0.09519743919372559
discovery,6,double,3 + 3 =,L9H3,0.0028338897973299026,-0.09519743919372559
discovery,6,double,3 + 3 =,L9H4,-0.00184298912063241,-0.09519743919372559
discovery,6,double,3 + 3 =,L9H5,0.021198512986302376,-0.09519743919372559
discovery,6,double,3 + 3 =,L9H6,0.0003253025934100151,-0.09519743919372559
discovery,6,double,3 + 3 =,L9H7,0.006204097531735897,-0.09519743919372559
discovery,6,double,3 + 3 =,L9H8,0.003552525769919157,-0.09519743919372559
discovery,6,double,3 + 3 =,L9H9,-0.03273098170757294,-0.09519743919372559
discovery,6,double,3 + 3 =,L9H10,0.0033219563774764538,-0.09519743919372559
discovery,6,double,3 + 3 =,L9H11,-0.003247044747695327,-0.09519743919372559
discovery,6,double,3 + 3 =,L10H0,0.005307529121637344,-0.09519743919372559
discovery,6,double,3 + 3 =,L10H1,0.002196243964135647,-0.09519743919372559
discovery,6,double,3 + 3 =,L10H2,0.04045587033033371,-0.09519743919372559
discovery,6,double,3 + 3 =,L10H3,0.002356546698138118,-0.09519743919372559
discovery,6,double,3 + 3 =,L10H4,0.0038365465588867664,-0.09519743919372559
discovery,6,double,3 + 3 =,L10H5,0.0006025168113410473,-0.09519743919372559
discovery,6,double,3 + 3 =,L10H6,0.004850413650274277,-0.09519743919372559
discovery,6,double,3 + 3 =,L10H7,-0.00047100381925702095,-0.09519743919372559
discovery,6,double,3 + 3 =,L10H8,-0.00656125508248806,-0.09519743919372559
discovery,6,double,3 + 3 =,L10H9,0.0009860374266281724,-0.09519743919372559
discovery,6,double,3 + 3 =,L10H10,0.00330170476809144,-0.09519743919372559
discovery,6,double,3 + 3 =,L10H11,0.017473051324486732,-0.09519743919372559
discovery,6,double,3 + 3 =,L11H0,0.04476325958967209,-0.09519743919372559
discovery,6,double,3 + 3 =,L11H1,0.008270775899291039,-0.09519743919372559
discovery,6,double,3 + 3 =,L11H2,-0.008034485392272472,-0.09519743919372559
discovery,6,double,3 + 3 =,L11H3,-0.013049988076090813,-0.09519743919372559
discovery,6,double,3 + 3 =,L11H4,-0.006502706557512283,-0.09519743919372559
discovery,6,double,3 + 3 =,L11H5,-0.00964808464050293,-0.09519743919372559
discovery,6,double,3 + 3 =,L11H6,0.007448096293956041,-0.09519743919372559
discovery,6,double,3 + 3 =,L11H7,0.01640443317592144,-0.09519743919372559
discovery,6,double,3 + 3 =,L11H8,-0.01558182667940855,-0.09519743919372559
discovery,6,double,3 + 3 =,L11H9,-0.00043179653584957123,-0.09519743919372559
discovery,6,double,3 + 3 =,L11H10,-0.04884462431073189,-0.09519743919372559
discovery,6,double,3 + 3 =,L11H11,-0.004240488633513451,-0.09519743919372559
discovery,6,double,3 + 3 =,0_mlp_out,0.0018834993243217468,-0.09519743919372559
discovery,6,double,3 + 3 =,1_mlp_out,-0.018714552745223045,-0.09519743919372559
discovery,6,double,3 + 3 =,2_mlp_out,0.06193041801452637,-0.09519743919372559
discovery,6,double,3 + 3 =,3_mlp_out,0.05433909595012665,-0.09519743919372559
discovery,6,double,3 + 3 =,4_mlp_out,0.06781994551420212,-0.09519743919372559
discovery,6,double,3 + 3 =,5_mlp_out,0.010909340344369411,-0.09519743919372559
discovery,6,double,3 + 3 =,6_mlp_out,0.018363792449235916,-0.09519743919372559
discovery,6,double,3 + 3 =,7_mlp_out,-0.09329432994127274,-0.09519743919372559
discovery,6,double,3 + 3 =,8_mlp_out,-0.052155960351228714,-0.09519743919372559
discovery,6,double,3 + 3 =,9_mlp_out,0.07426541298627853,-0.09519743919372559
discovery,6,double,3 + 3 =,10_mlp_out,-0.055491410195827484,-0.09519743919372559
discovery,6,double,3 + 3 =,11_mlp_out,0.1132892519235611,-0.09519743919372559
discovery,6,double,3 + 3 =,embed,0.002930233720690012,-0.09519743919372559
discovery,6,double,3 + 3 =,pos_embed,0.00026342400815337896,-0.09519743919372559
discovery,6,double,3 + 3 =,bias,-0.02736247517168522,-0.09519743919372559
discovery,6,control,1 + 5 =,L0H0,0.005016583018004894,-0.09519743919372559
discovery,6,control,1 + 5 =,L0H1,0.004227501805871725,-0.09519743919372559
discovery,6,control,1 + 5 =,L0H2,0.009968599304556847,-0.09519743919372559
discovery,6,control,1 + 5 =,L0H3,0.01878182590007782,-0.09519743919372559
discovery,6,control,1 + 5 =,L0H4,0.0033477081451565027,-0.09519743919372559
discovery,6,control,1 + 5 =,L0H5,-0.0019032396376132965,-0.09519743919372559
discovery,6,control,1 + 5 =,L0H6,0.0007033366709947586,-0.09519743919372559
discovery,6,control,1 + 5 =,L0H7,-0.004370193928480148,-0.09519743919372559
discovery,6,control,1 + 5 =,L0H8,0.01633572205901146,-0.09519743919372559
discovery,6,control,1 + 5 =,L0H9,0.02359665371477604,-0.09519743919372559
discovery,6,control,1 + 5 =,L0H10,-0.026217510923743248,-0.09519743919372559
discovery,6,control,1 + 5 =,L0H11,-0.0022897860035300255,-0.09519743919372559
discovery,6,control,1 + 5 =,L1H0,-0.006864386610686779,-0.09519743919372559
discovery,6,control,1 + 5 =,L1H1,-0.0009676767513155937,-0.09519743919372559
discovery,6,control,1 + 5 =,L1H2,-0.030138500034809113,-0.09519743919372559
discovery,6,control,1 + 5 =,L1H3,-0.02193530648946762,-0.09519743919372559
discovery,6,control,1 + 5 =,L1H4,0.02120574377477169,-0.09519743919372559
discovery,6,control,1 + 5 =,L1H5,0.022138874977827072,-0.09519743919372559
discovery,6,control,1 + 5 =,L1H6,0.007202552165836096,-0.09519743919372559
discovery,6,control,1 + 5 =,L1H7,-0.006617705337703228,-0.09519743919372559
discovery,6,control,1 + 5 =,L1H8,-0.003232415299862623,-0.09519743919372559
discovery,6,control,1 + 5 =,L1H9,-0.015245461836457253,-0.09519743919372559
discovery,6,control,1 + 5 =,L1H10,0.03295707702636719,-0.09519743919372559
discovery,6,control,1 + 5 =,L1H11,-0.011432107537984848,-0.09519743919372559
discovery,6,control,1 + 5 =,L2H0,0.007216200232505798,-0.09519743919372559
discovery,6,control,1 + 5 =,L2H1,-0.007807751186192036,-0.09519743919372559
discovery,6,control,1 + 5 =,L2H2,-0.0028427010402083397,-0.09519743919372559
discovery,6,control,1 + 5 =,L2H3,0.00021982425823807716,-0.09519743919372559
discovery,6,control,1 + 5 =,L2H4,0.006010640412569046,-0.09519743919372559
discovery,6,control,1 + 5 =,L2H5,-0.0010947175323963165,-0.09519743919372559
discovery,6,control,1 + 5 =,L2H6,-0.0054112328216433525,-0.09519743919372559
discovery,6,control,1 + 5 =,L2H7,0.0011872733011841774,-0.09519743919372559
discovery,6,control,1 + 5 =,L2H8,0.0038061849772930145,-0.09519743919372559
discovery,6,control,1 + 5 =,L2H9,0.011446621268987656,-0.09519743919372559
discovery,6,control,1 + 5 =,L2H10,0.013552076183259487,-0.09519743919372559
discovery,6,control,1 + 5 =,L2H11,-0.005763040389865637,-0.09519743919372559
discovery,6,control,1 + 5 =,L3H0,0.0008386322297155857,-0.09519743919372559
discovery,6,control,1 + 5 =,L3H1,-0.007132231257855892,-0.09519743919372559
discovery,6,control,1 + 5 =,L3H2,-0.0017656213603913784,-0.09519743919372559
discovery,6,control,1 + 5 =,L3H3,0.014098946005105972,-0.09519743919372559
discovery,6,control,1 + 5 =,L3H4,0.013754261657595634,-0.09519743919372559
discovery,6,control,1 + 5 =,L3H5,-0.0016097850166261196,-0.09519743919372559
discovery,6,control,1 + 5 =,L3H6,0.0017436882480978966,-0.09519743919372559
discovery,6,control,1 + 5 =,L3H7,0.004056358709931374,-0.09519743919372559
discovery,6,control,1 + 5 =,L3H8,0.005196696612983942,-0.09519743919372559
discovery,6,control,1 + 5 =,L3H9,0.005930488929152489,-0.09519743919372559
discovery,6,control,1 + 5 =,L3H10,-0.007350519765168428,-0.09519743919372559
discovery,6,control,1 + 5 =,L3H11,-0.012396345846354961,-0.09519743919372559
discovery,6,control,1 + 5 =,L4H0,0.0014176024124026299,-0.09519743919372559
discovery,6,control,1 + 5 =,L4H1,0.006167563609778881,-0.09519743919372559
discovery,6,control,1 + 5 =,L4H2,0.0069405678659677505,-0.09519743919372559
discovery,6,control,1 + 5 =,L4H3,0.0064575644209980965,-0.09519743919372559
discovery,6,control,1 + 5 =,L4H4,0.0036831225734204054,-0.09519743919372559
discovery,6,control,1 + 5 =,L4H5,-0.0061656152829527855,-0.09519743919372559
discovery,6,control,1 + 5 =,L4H6,-0.009172756224870682,-0.09519743919372559
discovery,6,control,1 + 5 =,L4H7,-0.008595189079642296,-0.09519743919372559
discovery,6,control,1 + 5 =,L4H8,0.0016456368612125516,-0.09519743919372559
discovery,6,control,1 + 5 =,L4H9,-0.0028310706838965416,-0.09519743919372559
discovery,6,control,1 + 5 =,L4H10,-0.008272846229374409,-0.09519743919372559
discovery,6,control,1 + 5 =,L4H11,0.01541210152208805,-0.09519743919372559
discovery,6,control,1 + 5 =,L5H0,0.00829061958938837,-0.09519743919372559
discovery,6,control,1 + 5 =,L5H1,-1.3773329555988312e-05,-0.09519743919372559
discovery,6,control,1 + 5 =,L5H2,-0.00040670763701200485,-0.09519743919372559
discovery,6,control,1 + 5 =,L5H3,-0.012474230490624905,-0.09519743919372559
discovery,6,control,1 + 5 =,L5H4,0.0081472247838974,-0.09519743919372559
discovery,6,control,1 + 5 =,L5H5,-0.025130808353424072,-0.09519743919372559
discovery,6,control,1 + 5 =,L5H6,-0.0008849347941577435,-0.09519743919372559
discovery,6,control,1 + 5 =,L5H7,0.0034069290850311518,-0.09519743919372559
discovery,6,control,1 + 5 =,L5H8,0.016536155715584755,-0.09519743919372559
discovery,6,control,1 + 5 =,L5H9,0.007415462285280228,-0.09519743919372559
discovery,6,control,1 + 5 =,L5H10,0.003642786294221878,-0.09519743919372559
discovery,6,control,1 + 5 =,L5H11,0.010770783759653568,-0.09519743919372559
discovery,6,control,1 + 5 =,L6H0,0.006449699401855469,-0.09519743919372559
discovery,6,control,1 + 5 =,L6H1,0.021319840103387833,-0.09519743919372559
discovery,6,control,1 + 5 =,L6H2,0.004033225122839212,-0.09519743919372559
discovery,6,control,1 + 5 =,L6H3,0.003255629912018776,-0.09519743919372559
discovery,6,control,1 + 5 =,L6H4,-0.016205359250307083,-0.09519743919372559
discovery,6,control,1 + 5 =,L6H5,0.00032104807905852795,-0.09519743919372559
discovery,6,control,1 + 5 =,L6H6,0.002157216891646385,-0.09519743919372559
discovery,6,control,1 + 5 =,L6H7,-0.0181014034897089,-0.09519743919372559
discovery,6,control,1 + 5 =,L6H8,1.5042722225189209e-05,-0.09519743919372559
discovery,6,control,1 + 5 =,L6H9,-0.0514695942401886,-0.09519743919372559
discovery,6,control,1 + 5 =,L6H10,0.00042238819878548384,-0.09519743919372559
discovery,6,control,1 + 5 =,L6H11,0.010429196059703827,-0.09519743919372559
discovery,6,control,1 + 5 =,L7H0,0.010053465142846107,-0.09519743919372559
discovery,6,control,1 + 5 =,L7H1,-0.004553833045065403,-0.09519743919372559
discovery,6,control,1 + 5 =,L7H2,0.0016876044683158398,-0.09519743919372559
discovery,6,control,1 + 5 =,L7H3,0.01090763509273529,-0.09519743919372559
discovery,6,control,1 + 5 =,L7H4,0.012860548682510853,-0.09519743919372559
discovery,6,control,1 + 5 =,L7H5,-0.005346241407096386,-0.09519743919372559
discovery,6,control,1 + 5 =,L7H6,-0.014466130174696445,-0.09519743919372559
discovery,6,control,1 + 5 =,L7H7,-6.86874845996499e-05,-0.09519743919372559
discovery,6,control,1 + 5 =,L7H8,-0.0012061716988682747,-0.09519743919372559
discovery,6,control,1 + 5 =,L7H9,-0.015944914892315865,-0.09519743919372559
discovery,6,control,1 + 5 =,L7H10,-0.008210437372326851,-0.09519743919372559
discovery,6,control,1 + 5 =,L7H11,0.005459528882056475,-0.09519743919372559
discovery,6,control,1 + 5 =,L8H0,-0.0010594921186566353,-0.09519743919372559
discovery,6,control,1 + 5 =,L8H1,-0.007124838884919882,-0.09519743919372559
discovery,6,control,1 + 5 =,L8H2,-0.018409091979265213,-0.09519743919372559
discovery,6,control,1 + 5 =,L8H3,-0.00027404772117733955,-0.09519743919372559
discovery,6,control,1 + 5 =,L8H4,-0.001468307338654995,-0.09519743919372559
discovery,6,control,1 + 5 =,L8H5,0.007777428720146418,-0.09519743919372559
discovery,6,control,1 + 5 =,L8H6,-0.0144499521702528,-0.09519743919372559
discovery,6,control,1 + 5 =,L8H7,-0.0013078239280730486,-0.09519743919372559
discovery,6,control,1 + 5 =,L8H8,0.02365904673933983,-0.09519743919372559
discovery,6,control,1 + 5 =,L8H9,-0.0014884625561535358,-0.09519743919372559
discovery,6,control,1 + 5 =,L8H10,0.014931399375200272,-0.09519743919372559
discovery,6,control,1 + 5 =,L8H11,0.020662745460867882,-0.09519743919372559
discovery,6,control,1 + 5 =,L9H0,0.00025208061560988426,-0.09519743919372559
discovery,6,control,1 + 5 =,L9H1,0.04977262020111084,-0.09519743919372559
discovery,6,control,1 + 5 =,L9H2,-0.008238161914050579,-0.09519743919372559
discovery,6,control,1 + 5 =,L9H3,0.003989440388977528,-0.09519743919372559
discovery,6,control,1 + 5 =,L9H4,0.001296370755881071,-0.09519743919372559
discovery,6,control,1 + 5 =,L9H5,0.016756173223257065,-0.09519743919372559
discovery,6,control,1 + 5 =,L9H6,0.0008834321051836014,-0.09519743919372559
discovery,6,control,1 + 5 =,L9H7,0.0028291898779571056,-0.09519743919372559
discovery,6,control,1 + 5 =,L9H8,0.0035632767248898745,-0.09519743919372559
discovery,6,control,1 + 5 =,L9H9,-0.016986392438411713,-0.09519743919372559
discovery,6,control,1 + 5 =,L9H10,0.0024383862037211657,-0.09519743919372559
discovery,6,control,1 + 5 =,L9H11,-0.004213654901832342,-0.09519743919372559
discovery,6,control,1 + 5 =,L10H0,0.006383693777024746,-0.09519743919372559
discovery,6,control,1 + 5 =,L10H1,0.005650443956255913,-0.09519743919372559
discovery,6,control,1 + 5 =,L10H2,0.008650013245642185,-0.09519743919372559
discovery,6,control,1 + 5 =,L10H3,0.00230837007984519,-0.09519743919372559
discovery,6,control,1 + 5 =,L10H4,0.007270964793860912,-0.09519743919372559
discovery,6,control,1 + 5 =,L10H5,-0.0008886232972145081,-0.09519743919372559
discovery,6,control,1 + 5 =,L10H6,0.006278165616095066,-0.09519743919372559
discovery,6,control,1 + 5 =,L10H7,-0.018572691828012466,-0.09519743919372559
discovery,6,control,1 + 5 =,L10H8,-0.006036905571818352,-0.09519743919372559
discovery,6,control,1 + 5 =,L10H9,0.0024069594219326973,-0.09519743919372559
discovery,6,control,1 + 5 =,L10H10,-0.002773732179775834,-0.09519743919372559
discovery,6,control,1 + 5 =,L10H11,0.01677849143743515,-0.09519743919372559
discovery,6,control,1 + 5 =,L11H0,0.04307539016008377,-0.09519743919372559
discovery,6,control,1 + 5 =,L11H1,0.009120997041463852,-0.09519743919372559
discovery,6,control,1 + 5 =,L11H2,-0.004158255644142628,-0.09519743919372559
discovery,6,control,1 + 5 =,L11H3,-0.014022544026374817,-0.09519743919372559
discovery,6,control,1 + 5 =,L11H4,-0.010196253657341003,-0.09519743919372559
discovery,6,control,1 + 5 =,L11H5,-0.01267824787646532,-0.09519743919372559
discovery,6,control,1 + 5 =,L11H6,0.004406064283102751,-0.09519743919372559
discovery,6,control,1 + 5 =,L11H7,0.01812024414539337,-0.09519743919372559
discovery,6,control,1 + 5 =,L11H8,-0.01688731461763382,-0.09519743919372559
discovery,6,control,1 + 5 =,L11H9,-0.00041092466562986374,-0.09519743919372559
discovery,6,control,1 + 5 =,L11H10,-0.0501234233379364,-0.09519743919372559
discovery,6,control,1 + 5 =,L11H11,-0.00951746292412281,-0.09519743919372559
discovery,6,control,1 + 5 =,0_mlp_out,-0.006013380363583565,-0.09519743919372559
discovery,6,control,1 + 5 =,1_mlp_out,-0.009437669068574905,-0.09519743919372559
discovery,6,control,1 + 5 =,2_mlp_out,0.06827091425657272,-0.09519743919372559
discovery,6,control,1 + 5 =,3_mlp_out,0.04450380802154541,-0.09519743919372559
discovery,6,control,1 + 5 =,4_mlp_out,0.06536300480365753,-0.09519743919372559
discovery,6,control,1 + 5 =,5_mlp_out,0.012027421966195107,-0.09519743919372559
discovery,6,control,1 + 5 =,6_mlp_out,0.022418562322854996,-0.09519743919372559
discovery,6,control,1 + 5 =,7_mlp_out,-0.11832086741924286,-0.09519743919372559
discovery,6,control,1 + 5 =,8_mlp_out,-0.06470214575529099,-0.09519743919372559
discovery,6,control,1 + 5 =,9_mlp_out,0.10489658266305923,-0.09519743919372559
discovery,6,control,1 + 5 =,10_mlp_out,-0.10247519612312317,-0.09519743919372559
discovery,6,control,1 + 5 =,11_mlp_out,0.15833501517772675,-0.09519743919372559
discovery,6,control,1 + 5 =,embed,0.003277415642514825,-0.09519743919372559
discovery,6,control,1 + 5 =,pos_embed,0.0002946367021650076,-0.09519743919372559
discovery,6,control,1 + 5 =,bias,-0.030604448169469833,-0.09519743919372559
discovery,6,control,2 + 4 =,L0H0,0.004408057313412428,-0.09519743919372559
discovery,6,control,2 + 4 =,L0H1,0.003715328872203827,-0.09519743919372559
discovery,6,control,2 + 4 =,L0H2,0.00872714165598154,-0.09519743919372559
discovery,6,control,2 + 4 =,L0H3,0.01625845395028591,-0.09519743919372559
discovery,6,control,2 + 4 =,L0H4,0.0031028268858790398,-0.09519743919372559
discovery,6,control,2 + 4 =,L0H5,-0.001677013235166669,-0.09519743919372559
discovery,6,control,2 + 4 =,L0H6,0.0012765005230903625,-0.09519743919372559
discovery,6,control,2 + 4 =,L0H7,-0.001523529994301498,-0.09519743919372559
discovery,6,control,2 + 4 =,L0H8,0.014952637255191803,-0.09519743919372559
discovery,6,control,2 + 4 =,L0H9,0.021059460937976837,-0.09519743919372559
discovery,6,control,2 + 4 =,L0H10,-0.02241881936788559,-0.09519743919372559
discovery,6,control,2 + 4 =,L0H11,-0.002233784645795822,-0.09519743919372559
discovery,6,control,2 + 4 =,L1H0,-0.0055501689203083515,-0.09519743919372559
discovery,6,control,2 + 4 =,L1H1,-0.0006240652874112129,-0.09519743919372559
discovery,6,control,2 + 4 =,L1H2,-0.026287492364645004,-0.09519743919372559
discovery,6,control,2 + 4 =,L1H3,-0.019232893362641335,-0.09519743919372559
discovery,6,control,2 + 4 =,L1H4,0.019399099051952362,-0.09519743919372559
discovery,6,control,2 + 4 =,L1H5,0.019341660663485527,-0.09519743919372559
discovery,6,control,2 + 4 =,L1H6,0.006268110126256943,-0.09519743919372559
discovery,6,control,2 + 4 =,L1H7,-0.0069560399278998375,-0.09519743919372559
discovery,6,control,2 + 4 =,L1H8,-0.0027171289548277855,-0.09519743919372559
discovery,6,control,2 + 4 =,L1H9,-0.01211773045361042,-0.09519743919372559
discovery,6,control,2 + 4 =,L1H10,0.027574308216571808,-0.09519743919372559
discovery,6,control,2 + 4 =,L1H11,-0.011108806356787682,-0.09519743919372559
discovery,6,control,2 + 4 =,L2H0,0.005818130914121866,-0.09519743919372559
discovery,6,control,2 + 4 =,L2H1,-0.006723217666149139,-0.09519743919372559
discovery,6,control,2 + 4 =,L2H2,0.0027934114914387465,-0.09519743919372559
discovery,6,control,2 + 4 =,L2H3,6.960611790418625e-05,-0.09519743919372559
discovery,6,control,2 + 4 =,L2H4,0.005074302665889263,-0.09519743919372559
discovery,6,control,2 + 4 =,L2H5,-0.0016677770763635635,-0.09519743919372559
discovery,6,control,2 + 4 =,L2H6,-0.005620187148451805,-0.09519743919372559
discovery,6,control,2 + 4 =,L2H7,5.704909563064575e-05,-0.09519743919372559
discovery,6,control,2 + 4 =,L2H8,0.002303700428456068,-0.09519743919372559
discovery,6,control,2 + 4 =,L2H9,0.01019144244492054,-0.09519743919372559
discovery,6,control,2 + 4 =,L2H10,0.011408754624426365,-0.09519743919372559
discovery,6,control,2 + 4 =,L2H11,-0.004314441233873367,-0.09519743919372559
discovery,6,control,2 + 4 =,L3H0,0.0015417756512761116,-0.09519743919372559
discovery,6,control,2 + 4 =,L3H1,-0.004957718309015036,-0.09519743919372559
discovery,6,control,2 + 4 =,L3H2,-0.0005297688767313957,-0.09519743919372559
discovery,6,control,2 + 4 =,L3H3,0.013279118575155735,-0.09519743919372559
discovery,6,control,2 + 4 =,L3H4,0.012635002844035625,-0.09519743919372559
discovery,6,control,2 + 4 =,L3H5,-0.00038993055932223797,-0.09519743919372559
discovery,6,control,2 + 4 =,L3H6,0.0037516693118959665,-0.09519743919372559
discovery,6,control,2 + 4 =,L3H7,0.001280311495065689,-0.09519743919372559
discovery,6,control,2 + 4 =,L3H8,0.004126761108636856,-0.09519743919372559
discovery,6,control,2 + 4 =,L3H9,0.004837916232645512,-0.09519743919372559
discovery,6,control,2 + 4 =,L3H10,-0.004025319591164589,-0.09519743919372559
discovery,6,control,2 + 4 =,L3H11,-0.010920516215264797,-0.09519743919372559
discovery,6,control,2 + 4 =,L4H0,0.0016040625050663948,-0.09519743919372559
discovery,6,control,2 + 4 =,L4H1,0.006452210713177919,-0.09519743919372559
discovery,6,control,2 + 4 =,L4H2,0.004419370088726282,-0.09519743919372559
discovery,6,control,2 + 4 =,L4H3,0.0084075927734375,-0.09519743919372559
discovery,6,control,2 + 4 =,L4H4,0.0019830665551126003,-0.09519743919372559
discovery,6,control,2 + 4 =,L4H5,-0.002767945406958461,-0.09519743919372559
discovery,6,control,2 + 4 =,L4H6,-0.015887871384620667,-0.09519743919372559
discovery,6,control,2 + 4 =,L4H7,-0.006722778081893921,-0.09519743919372559
discovery,6,control,2 + 4 =,L4H8,0.003711546305567026,-0.09519743919372559
discovery,6,control,2 + 4 =,L4H9,-0.0025070994161069393,-0.09519743919372559
discovery,6,control,2 + 4 =,L4H10,-0.004880583379417658,-0.09519743919372559
discovery,6,control,2 + 4 =,L4H11,0.015363385900855064,-0.09519743919372559
discovery,6,control,2 + 4 =,L5H0,0.007594430819153786,-0.09519743919372559
discovery,6,control,2 + 4 =,L5H1,0.0010472051799297333,-0.09519743919372559
discovery,6,control,2 + 4 =,L5H2,0.007592605426907539,-0.09519743919372559
discovery,6,control,2 + 4 =,L5H3,-0.011089814826846123,-0.09519743919372559
discovery,6,control,2 + 4 =,L5H4,0.007335109636187553,-0.09519743919372559
discovery,6,control,2 + 4 =,L5H5,-0.022448541596531868,-0.09519743919372559
discovery,6,control,2 + 4 =,L5H6,-0.001643699943087995,-0.09519743919372559
discovery,6,control,2 + 4 =,L5H7,0.001998292747884989,-0.09519743919372559
discovery,6,control,2 + 4 =,L5H8,0.003425968810915947,-0.09519743919372559
discovery,6,control,2 + 4 =,L5H9,0.00805266946554184,-0.09519743919372559
discovery,6,control,2 + 4 =,L5H10,0.002178001683205366,-0.09519743919372559
discovery,6,control,2 + 4 =,L5H11,0.009038824588060379,-0.09519743919372559
discovery,6,control,2 + 4 =,L6H0,0.00476951664313674,-0.09519743919372559
discovery,6,control,2 + 4 =,L6H1,-7.756520062685013e-06,-0.09519743919372559
discovery,6,control,2 + 4 =,L6H2,0.004093841649591923,-0.09519743919372559
discovery,6,control,2 + 4 =,L6H3,0.0029175649397075176,-0.09519743919372559
discovery,6,control,2 + 4 =,L6H4,-0.008459106087684631,-0.09519743919372559
discovery,6,control,2 + 4 =,L6H5,-0.0032683892641216516,-0.09519743919372559
discovery,6,control,2 + 4 =,L6H6,0.0006355545483529568,-0.09519743919372559
discovery,6,control,2 + 4 =,L6H7,-0.005252630449831486,-0.09519743919372559
discovery,6,control,2 + 4 =,L6H8,0.00815974548459053,-0.09519743919372559
discovery,6,control,2 + 4 =,L6H9,0.0038200807757675648,-0.09519743919372559
discovery,6,control,2 + 4 =,L6H10,0.0011568638728931546,-0.09519743919372559
discovery,6,control,2 + 4 =,L6H11,0.01092647947371006,-0.09519743919372559
discovery,6,control,2 + 4 =,L7H0,0.010491985827684402,-0.09519743919372559
discovery,6,control,2 + 4 =,L7H1,-0.0039801765233278275,-0.09519743919372559
discovery,6,control,2 + 4 =,L7H2,0.0017178943380713463,-0.09519743919372559
discovery,6,control,2 + 4 =,L7H3,0.015922510996460915,-0.09519743919372559
discovery,6,control,2 + 4 =,L7H4,0.020866692066192627,-0.09519743919372559
discovery,6,control,2 + 4 =,L7H5,0.0039241621270775795,-0.09519743919372559
discovery,6,control,2 + 4 =,L7H6,-0.007645764388144016,-0.09519743919372559
discovery,6,control,2 + 4 =,L7H7,-0.00016483094077557325,-0.09519743919372559
discovery,6,control,2 + 4 =,L7H8,-0.001136493869125843,-0.09519743919372559
discovery,6,control,2 + 4 =,L7H9,-0.016573233529925346,-0.09519743919372559
discovery,6,control,2 + 4 =,L7H10,-2.8063543140888214e-05,-0.09519743919372559
discovery,6,control,2 + 4 =,L7H11,0.006502620875835419,-0.09519743919372559
discovery,6,control,2 + 4 =,L8H0,-0.0017130449414253235,-0.09519743919372559
discovery,6,control,2 + 4 =,L8H1,-0.004685040097683668,-0.09519743919372559
discovery,6,control,2 + 4 =,L8H2,-0.013750077225267887,-0.09519743919372559
discovery,6,control,2 + 4 =,L8H3,0.004400890786200762,-0.09519743919372559
discovery,6,control,2 + 4 =,L8H4,-0.00016904901713132858,-0.09519743919372559
discovery,6,control,2 + 4 =,L8H5,0.014305905438959599,-0.09519743919372559
discovery,6,control,2 + 4 =,L8H6,-0.007393469102680683,-0.09519743919372559
discovery,6,control,2 + 4 =,L8H7,-0.0006096120923757553,-0.09519743919372559
discovery,6,control,2 + 4 =,L8H8,0.012565210461616516,-0.09519743919372559
discovery,6,control,2 + 4 =,L8H9,-0.004541500937193632,-0.09519743919372559
discovery,6,control,2 + 4 =,L8H10,-0.0010534175671637058,-0.09519743919372559
discovery,6,control,2 + 4 =,L8H11,0.03928845748305321,-0.09519743919372559
discovery,6,control,2 + 4 =,L9H0,0.001982425106689334,-0.09519743919372559
discovery,6,control,2 + 4 =,L9H1,0.005707818083465099,-0.09519743919372559
discovery,6,control,2 + 4 =,L9H2,-0.005589418578892946,-0.09519743919372559
discovery,6,control,2 + 4 =,L9H3,0.004926086403429508,-0.09519743919372559
discovery,6,control,2 + 4 =,L9H4,-0.0011547110043466091,-0.09519743919372559
discovery,6,control,2 + 4 =,L9H5,0.017657216638326645,-0.09519743919372559
discovery,6,control,2 + 4 =,L9H6,0.0031864794436842203,-0.09519743919372559
discovery,6,control,2 + 4 =,L9H7,0.000506572425365448,-0.09519743919372559
discovery,6,control,2 + 4 =,L9H8,0.00271826540119946,-0.09519743919372559
discovery,6,control,2 + 4 =,L9H9,0.037502653896808624,-0.09519743919372559
discovery,6,control,2 + 4 =,L9H10,0.003959415480494499,-0.09519743919372559
discovery,6,control,2 + 4 =,L9H11,-0.003259879071265459,-0.09519743919372559
discovery,6,control,2 + 4 =,L10H0,0.004686063155531883,-0.09519743919372559
discovery,6,control,2 + 4 =,L10H1,0.005820654332637787,-0.09519743919372559
discovery,6,control,2 + 4 =,L10H2,0.07948493957519531,-0.09519743919372559
discovery,6,control,2 + 4 =,L10H3,0.0028931819833815098,-0.09519743919372559
discovery,6,control,2 + 4 =,L10H4,0.005618595518171787,-0.09519743919372559
discovery,6,control,2 + 4 =,L10H5,0.0012086322531104088,-0.09519743919372559
discovery,6,control,2 + 4 =,L10H6,0.0045203701592981815,-0.09519743919372559
discovery,6,control,2 + 4 =,L10H7,-0.04894186556339264,-0.09519743919372559
discovery,6,control,2 + 4 =,L10H8,-0.004062847699970007,-0.09519743919372559
discovery,6,control,2 + 4 =,L10H9,0.0023513140622526407,-0.09519743919372559
discovery,6,control,2 + 4 =,L10H10,0.004377259872853756,-0.09519743919372559
discovery,6,control,2 + 4 =,L10H11,0.016240669414401054,-0.09519743919372559
discovery,6,control,2 + 4 =,L11H0,0.04228025674819946,-0.09519743919372559
discovery,6,control,2 + 4 =,L11H1,0.01022982969880104,-0.09519743919372559
discovery,6,control,2 + 4 =,L11H2,-0.004072519019246101,-0.09519743919372559
discovery,6,control,2 + 4 =,L11H3,-0.012099787592887878,-0.09519743919372559
discovery,6,control,2 + 4 =,L11H4,-0.003715797560289502,-0.09519743919372559
discovery,6,control,2 + 4 =,L11H5,-0.009769793599843979,-0.09519743919372559
discovery,6,control,2 + 4 =,L11H6,0.006406219210475683,-0.09519743919372559
discovery,6,control,2 + 4 =,L11H7,0.014075378887355328,-0.09519743919372559
discovery,6,control,2 + 4 =,L11H8,-0.011841151863336563,-0.09519743919372559
discovery,6,control,2 + 4 =,L11H9,-0.0011399276554584503,-0.09519743919372559
discovery,6,control,2 + 4 =,L11H10,-0.059145212173461914,-0.09519743919372559
discovery,6,control,2 + 4 =,L11H11,-0.004468253813683987,-0.09519743919372559
discovery,6,control,2 + 4 =,0_mlp_out,-0.0035877330228686333,-0.09519743919372559
discovery,6,control,2 + 4 =,1_mlp_out,-0.010693579912185669,-0.09519743919372559
discovery,6,control,2 + 4 =,2_mlp_out,0.0581853911280632,-0.09519743919372559
discovery,6,control,2 + 4 =,3_mlp_out,0.05299613997340202,-0.09519743919372559
discovery,6,control,2 + 4 =,4_mlp_out,0.04947856068611145,-0.09519743919372559
discovery,6,control,2 + 4 =,5_mlp_out,0.020893868058919907,-0.09519743919372559
discovery,6,control,2 + 4 =,6_mlp_out,0.02274971641600132,-0.09519743919372559
discovery,6,control,2 + 4 =,7_mlp_out,-0.10379806905984879,-0.09519743919372559
discovery,6,control,2 + 4 =,8_mlp_out,-0.05158998444676399,-0.09519743919372559
discovery,6,control,2 + 4 =,9_mlp_out,0.08717596530914307,-0.09519743919372559
discovery,6,control,2 + 4 =,10_mlp_out,-0.047399431467056274,-0.09519743919372559
discovery,6,control,2 + 4 =,11_mlp_out,0.11971031129360199,-0.09519743919372559
discovery,6,control,2 + 4 =,embed,0.002885468304157257,-0.09519743919372559
discovery,6,control,2 + 4 =,pos_embed,0.00025940092746168375,-0.09519743919372559
discovery,6,control,2 + 4 =,bias,-0.026944434270262718,-0.09519743919372559
discovery,6,control,4 + 2 =,L0H0,0.004344265442341566,-0.09519743919372559
discovery,6,control,4 + 2 =,L0H1,0.0038514030165970325,-0.09519743919372559
discovery,6,control,4 + 2 =,L0H2,0.008547987788915634,-0.09519743919372559
discovery,6,control,4 + 2 =,L0H3,0.016211483627557755,-0.09519743919372559
discovery,6,control,4 + 2 =,L0H4,0.0035758703015744686,-0.09519743919372559
discovery,6,control,4 + 2 =,L0H5,-0.0017312143463641405,-0.09519743919372559
discovery,6,control,4 + 2 =,L0H6,0.00146566703915596,-0.09519743919372559
discovery,6,control,4 + 2 =,L0H7,-0.0026448899880051613,-0.09519743919372559
discovery,6,control,4 + 2 =,L0H8,0.015305865556001663,-0.09519743919372559
discovery,6,control,4 + 2 =,L0H9,0.02237755060195923,-0.09519743919372559
discovery,6,control,4 + 2 =,L0H10,-0.02404729463160038,-0.09519743919372559
discovery,6,control,4 + 2 =,L0H11,-0.0024391068145632744,-0.09519743919372559
discovery,6,control,4 + 2 =,L1H0,-0.00855849590152502,-0.09519743919372559
discovery,6,control,4 + 2 =,L1H1,-0.001160705229267478,-0.09519743919372559
discovery,6,control,4 + 2 =,L1H2,-0.027992866933345795,-0.09519743919372559
discovery,6,control,4 + 2 =,L1H3,-0.020014852285385132,-0.09519743919372559
discovery,6,control,4 + 2 =,L1H4,0.020479679107666016,-0.09519743919372559
discovery,6,control,4 + 2 =,L1H5,0.020388226956129074,-0.09519743919372559
discovery,6,control,4 + 2 =,L1H6,0.0065320078283548355,-0.09519743919372559
discovery,6,control,4 + 2 =,L1H7,-0.006338160485029221,-0.09519743919372559
discovery,6,control,4 + 2 =,L1H8,-0.0023841732181608677,-0.09519743919372559
discovery,6,control,4 + 2 =,L1H9,-0.012677391991019249,-0.09519743919372559
discovery,6,control,4 + 2 =,L1H10,0.028402797877788544,-0.09519743919372559
discovery,6,control,4 + 2 =,L1H11,-0.013052007183432579,-0.09519743919372559
discovery,6,control,4 + 2 =,L2H0,0.0050126733258366585,-0.09519743919372559
discovery,6,control,4 + 2 =,L2H1,-0.006744085345417261,-0.09519743919372559
discovery,6,control,4 + 2 =,L2H2,-0.008549731224775314,-0.09519743919372559
discovery,6,control,4 + 2 =,L2H3,0.00017202040180563927,-0.09519743919372559
discovery,6,control,4 + 2 =,L2H4,0.005373585969209671,-0.09519743919372559
discovery,6,control,4 + 2 =,L2H5,-0.0017707659862935543,-0.09519743919372559
discovery,6,control,4 + 2 =,L2H6,-0.0062880972400307655,-0.09519743919372559
discovery,6,control,4 + 2 =,L2H7,0.0007735928520560265,-0.09519743919372559
discovery,6,control,4 + 2 =,L2H8,0.0015377635136246681,-0.09519743919372559
discovery,6,control,4 + 2 =,L2H9,0.006943536922335625,-0.09519743919372559
discovery,6,control,4 + 2 =,L2H10,0.011752822436392307,-0.09519743919372559
discovery,6,control,4 + 2 =,L2H11,-0.004175524227321148,-0.09519743919372559
discovery,6,control,4 + 2 =,L3H0,0.0022998489439487457,-0.09519743919372559
discovery,6,control,4 + 2 =,L3H1,-0.00366382347419858,-0.09519743919372559
discovery,6,control,4 + 2 =,L3H2,1.0755378752946854e-05,-0.09519743919372559
discovery,6,control,4 + 2 =,L3H3,0.0152735048905015,-0.09519743919372559
discovery,6,control,4 + 2 =,L3H4,0.01295486744493246,-0.09519743919372559
discovery,6,control,4 + 2 =,L3H5,-0.0021569496020674706,-0.09519743919372559
discovery,6,control,4 + 2 =,L3H6,-0.0034841569140553474,-0.09519743919372559
discovery,6,control,4 + 2 =,L3H7,-0.003616536036133766,-0.09519743919372559
discovery,6,control,4 + 2 =,L3H8,0.005541859194636345,-0.09519743919372559
discovery,6,control,4 + 2 =,L3H9,0.006268614903092384,-0.09519743919372559
discovery,6,control,4 + 2 =,L3H10,-0.006399252451956272,-0.09519743919372559
discovery,6,control,4 + 2 =,L3H11,-0.010966936126351357,-0.09519743919372559
discovery,6,control,4 + 2 =,L4H0,0.0013194363564252853,-0.09519743919372559
discovery,6,control,4 + 2 =,L4H1,0.006114644929766655,-0.09519743919372559
discovery,6,control,4 + 2 =,L4H2,0.004524183459579945,-0.09519743919372559
discovery,6,control,4 + 2 =,L4H3,0.006777199450880289,-0.09519743919372559
discovery,6,control,4 + 2 =,L4H4,0.0023311276454478502,-0.09519743919372559
discovery,6,control,4 + 2 =,L4H5,-0.004194445908069611,-0.09519743919372559
discovery,6,control,4 + 2 =,L4H6,-0.018440112471580505,-0.09519743919372559
discovery,6,control,4 + 2 =,L4H7,-0.00331960991024971,-0.09519743919372559
discovery,6,control,4 + 2 =,L4H8,0.0037058359012007713,-0.09519743919372559
discovery,6,control,4 + 2 =,L4H9,-0.0018673421582207084,-0.09519743919372559
discovery,6,control,4 + 2 =,L4H10,-0.00536970142275095,-0.09519743919372559
discovery,6,control,4 + 2 =,L4H11,0.021430686116218567,-0.09519743919372559
discovery,6,control,4 + 2 =,L5H0,0.006698410026729107,-0.09519743919372559
discovery,6,control,4 + 2 =,L5H1,0.0012599299661815166,-0.09519743919372559
discovery,6,control,4 + 2 =,L5H2,0.008248042315244675,-0.09519743919372559
discovery,6,control,4 + 2 =,L5H3,-0.013445944525301456,-0.09519743919372559
discovery,6,control,4 + 2 =,L5H4,0.005412811879068613,-0.09519743919372559
discovery,6,control,4 + 2 =,L5H5,-0.02005693130195141,-0.09519743919372559
discovery,6,control,4 + 2 =,L5H6,-0.0020125731825828552,-0.09519743919372559
discovery,6,control,4 + 2 =,L5H7,0.002984190359711647,-0.09519743919372559
discovery,6,control,4 + 2 =,L5H8,0.008640539832413197,-0.09519743919372559
discovery,6,control,4 + 2 =,L5H9,0.010582882910966873,-0.09519743919372559
discovery,6,control,4 + 2 =,L5H10,0.001127738505601883,-0.09519743919372559
discovery,6,control,4 + 2 =,L5H11,0.008920499123632908,-0.09519743919372559
discovery,6,control,4 + 2 =,L6H0,0.005653394386172295,-0.09519743919372559
discovery,6,control,4 + 2 =,L6H1,-0.0006553067360073328,-0.09519743919372559
discovery,6,control,4 + 2 =,L6H2,0.0038031055592000484,-0.09519743919372559
discovery,6,control,4 + 2 =,L6H3,0.0006248042918741703,-0.09519743919372559
discovery,6,control,4 + 2 =,L6H4,-0.001972320256754756,-0.09519743919372559
discovery,6,control,4 + 2 =,L6H5,-0.004399164579808712,-0.09519743919372559
discovery,6,control,4 + 2 =,L6H6,-0.0017068209126591682,-0.09519743919372559
discovery,6,control,4 + 2 =,L6H7,-0.0031178854405879974,-0.09519743919372559
discovery,6,control,4 + 2 =,L6H8,0.005240537226200104,-0.09519743919372559
discovery,6,control,4 + 2 =,L6H9,-0.009391022846102715,-0.09519743919372559
discovery,6,control,4 + 2 =,L6H10,0.0017826968105509877,-0.09519743919372559
discovery,6,control,4 + 2 =,L6H11,0.008672709576785564,-0.09519743919372559
discovery,6,control,4 + 2 =,L7H0,0.010945001617074013,-0.09519743919372559
discovery,6,control,4 + 2 =,L7H1,-0.0038726525381207466,-0.09519743919372559
discovery,6,control,4 + 2 =,L7H2,0.0021623079665005207,-0.09519743919372559
discovery,6,control,4 + 2 =,L7H3,0.011671347543597221,-0.09519743919372559
discovery,6,control,4 + 2 =,L7H4,0.018650498241186142,-0.09519743919372559
discovery,6,control,4 + 2 =,L7H5,0.0037198346108198166,-0.09519743919372559
discovery,6,control,4 + 2 =,L7H6,-0.004713414236903191,-0.09519743919372559
discovery,6,control,4 + 2 =,L7H7,-0.0004261881113052368,-0.09519743919372559
discovery,6,control,4 + 2 =,L7H8,-0.002003343775868416,-0.09519743919372559
discovery,6,control,4 + 2 =,L7H9,-0.025460604578256607,-0.09519743919372559
discovery,6,control,4 + 2 =,L7H10,-0.001655076164752245,-0.09519743919372559
discovery,6,control,4 + 2 =,L7H11,0.0059168534353375435,-0.09519743919372559
discovery,6,control,4 + 2 =,L8H0,-0.0010074949823319912,-0.09519743919372559
discovery,6,control,4 + 2 =,L8H1,-0.005873812362551689,-0.09519743919372559
discovery,6,control,4 + 2 =,L8H2,-0.01649037003517151,-0.09519743919372559
discovery,6,control,4 + 2 =,L8H3,0.0067986114881932735,-0.09519743919372559
discovery,6,control,4 + 2 =,L8H4,-0.000302995671518147,-0.09519743919372559
discovery,6,control,4 + 2 =,L8H5,0.015886478126049042,-0.09519743919372559
discovery,6,control,4 + 2 =,L8H6,-0.007864261977374554,-0.09519743919372559
discovery,6,control,4 + 2 =,L8H7,-0.0007390601094812155,-0.09519743919372559
discovery,6,control,4 + 2 =,L8H8,0.008136218413710594,-0.09519743919372559
discovery,6,control,4 + 2 =,L8H9,-0.0044890642166137695,-0.09519743919372559
discovery,6,control,4 + 2 =,L8H10,-0.007121674716472626,-0.09519743919372559
discovery,6,control,4 + 2 =,L8H11,0.05262540280818939,-0.09519743919372559
discovery,6,control,4 + 2 =,L9H0,0.003226961474865675,-0.09519743919372559
discovery,6,control,4 + 2 =,L9H1,0.0004026778042316437,-0.09519743919372559
discovery,6,control,4 + 2 =,L9H2,-0.005473668221384287,-0.09519743919372559
discovery,6,control,4 + 2 =,L9H3,0.005069122649729252,-0.09519743919372559
discovery,6,control,4 + 2 =,L9H4,-0.0018227812834084034,-0.09519743919372559
discovery,6,control,4 + 2 =,L9H5,0.02083412930369377,-0.09519743919372559
discovery,6,control,4 + 2 =,L9H6,-0.0014041406102478504,-0.09519743919372559
discovery,6,control,4 + 2 =,L9H7,-0.002326362766325474,-0.09519743919372559
discovery,6,control,4 + 2 =,L9H8,0.0030086818151175976,-0.09519743919372559
discovery,6,control,4 + 2 =,L9H9,0.04062895476818085,-0.09519743919372559
discovery,6,control,4 + 2 =,L9H10,0.0031844433397054672,-0.09519743919372559
discovery,6,control,4 + 2 =,L9H11,-0.003143195528537035,-0.09519743919372559
discovery,6,control,4 + 2 =,L10H0,0.007742262911051512,-0.09519743919372559
discovery,6,control,4 + 2 =,L10H1,0.005904994904994965,-0.09519743919372559
discovery,6,control,4 + 2 =,L10H2,0.07502681761980057,-0.09519743919372559
discovery,6,control,4 + 2 =,L10H3,0.0032398838084191084,-0.09519743919372559
discovery,6,control,4 + 2 =,L10H4,0.006723885890096426,-0.09519743919372559
discovery,6,control,4 + 2 =,L10H5,-0.0007595103234052658,-0.09519743919372559
discovery,6,control,4 + 2 =,L10H6,0.003679510671645403,-0.09519743919372559
discovery,6,control,4 + 2 =,L10H7,-0.055974483489990234,-0.09519743919372559
discovery,6,control,4 + 2 =,L10H8,-0.004185079596936703,-0.09519743919372559
discovery,6,control,4 + 2 =,L10H9,0.0028362497687339783,-0.09519743919372559
discovery,6,control,4 + 2 =,L10H10,0.004285829141736031,-0.09519743919372559
discovery,6,control,4 + 2 =,L10H11,0.017241187393665314,-0.09519743919372559
discovery,6,control,4 + 2 =,L11H0,0.039030469954013824,-0.09519743919372559
discovery,6,control,4 + 2 =,L11H1,0.010351419448852539,-0.09519743919372559
discovery,6,control,4 + 2 =,L11H2,-0.002921098843216896,-0.09519743919372559
discovery,6,control,4 + 2 =,L11H3,-0.010807333514094353,-0.09519743919372559
discovery,6,control,4 + 2 =,L11H4,-0.0011531906202435493,-0.09519743919372559
discovery,6,control,4 + 2 =,L11H5,-0.010244300588965416,-0.09519743919372559
discovery,6,control,4 + 2 =,L11H6,0.007838983088731766,-0.09519743919372559
discovery,6,control,4 + 2 =,L11H7,0.01309511624276638,-0.09519743919372559
discovery,6,control,4 + 2 =,L11H8,-0.01160530373454094,-0.09519743919372559
discovery,6,control,4 + 2 =,L11H9,-1.4824792742729187e-05,-0.09519743919372559
discovery,6,control,4 + 2 =,L11H10,-0.055001210421323776,-0.09519743919372559
discovery,6,control,4 + 2 =,L11H11,-0.0059824297204613686,-0.09519743919372559
discovery,6,control,4 + 2 =,0_mlp_out,-0.00023964699357748032,-0.09519743919372559
discovery,6,control,4 + 2 =,1_mlp_out,-0.012774674221873283,-0.09519743919372559
discovery,6,control,4 + 2 =,2_mlp_out,0.06423559039831161,-0.09519743919372559
discovery,6,control,4 + 2 =,3_mlp_out,0.060886841267347336,-0.09519743919372559
discovery,6,control,4 + 2 =,4_mlp_out,0.049313630908727646,-0.09519743919372559
discovery,6,control,4 + 2 =,5_mlp_out,0.020610369741916656,-0.09519743919372559
discovery,6,control,4 + 2 =,6_mlp_out,0.02782309055328369,-0.09519743919372559
discovery,6,control,4 + 2 =,7_mlp_out,-0.0895293727517128,-0.09519743919372559
discovery,6,control,4 + 2 =,8_mlp_out,-0.040715739130973816,-0.09519743919372559
discovery,6,control,4 + 2 =,9_mlp_out,0.043562453240156174,-0.09519743919372559
discovery,6,control,4 + 2 =,10_mlp_out,-0.05775380879640579,-0.09519743919372559
discovery,6,control,4 + 2 =,11_mlp_out,0.08217846602201462,-0.09519743919372559
discovery,6,control,4 + 2 =,embed,0.0029756466392427683,-0.09519743919372559
discovery,6,control,4 + 2 =,pos_embed,0.0002675072755664587,-0.09519743919372559
discovery,6,control,4 + 2 =,bias,-0.027786536142230034,-0.09519743919372559
discovery,6,control,5 + 1 =,L0H0,0.0047784289345145226,-0.09519743919372559
discovery,6,control,5 + 1 =,L0H1,0.004409658256918192,-0.09519743919372559
discovery,6,control,5 + 1 =,L0H2,0.010484696365892887,-0.09519743919372559
discovery,6,control,5 + 1 =,L0H3,0.018770460039377213,-0.09519743919372559
discovery,6,control,5 + 1 =,L0H4,0.003879112657159567,-0.09519743919372559
discovery,6,control,5 + 1 =,L0H5,-0.0019589560106396675,-0.09519743919372559
discovery,6,control,5 + 1 =,L0H6,0.0006483104079961777,-0.09519743919372559
discovery,6,control,5 + 1 =,L0H7,-0.004538579843938351,-0.09519743919372559
discovery,6,control,5 + 1 =,L0H8,0.01722976192831993,-0.09519743919372559
discovery,6,control,5 + 1 =,L0H9,0.02307959645986557,-0.09519743919372559
discovery,6,control,5 + 1 =,L0H10,-0.02580396831035614,-0.09519743919372559
discovery,6,control,5 + 1 =,L0H11,-0.0011841384693980217,-0.09519743919372559
discovery,6,control,5 + 1 =,L1H0,-0.013362261466681957,-0.09519743919372559
discovery,6,control,5 + 1 =,L1H1,-0.0007596297655254602,-0.09519743919372559
discovery,6,control,5 + 1 =,L1H2,-0.032164424657821655,-0.09519743919372559
discovery,6,control,5 + 1 =,L1H3,-0.022452522069215775,-0.09519743919372559
discovery,6,control,5 + 1 =,L1H4,0.022254906594753265,-0.09519743919372559
discovery,6,control,5 + 1 =,L1H5,0.023471862077713013,-0.09519743919372559
discovery,6,control,5 + 1 =,L1H6,0.0072869788855314255,-0.09519743919372559
discovery,6,control,5 + 1 =,L1H7,-0.006157423369586468,-0.09519743919372559
discovery,6,control,5 + 1 =,L1H8,-0.003060015384107828,-0.09519743919372559
discovery,6,control,5 + 1 =,L1H9,-0.015249577350914478,-0.09519743919372559
discovery,6,control,5 + 1 =,L1H10,0.03427427262067795,-0.09519743919372559
discovery,6,control,5 + 1 =,L1H11,-0.014039000496268272,-0.09519743919372559
discovery,6,control,5 + 1 =,L2H0,0.004642351530492306,-0.09519743919372559
discovery,6,control,5 + 1 =,L2H1,-0.0072143906727433205,-0.09519743919372559
discovery,6,control,5 + 1 =,L2H2,-0.015999337658286095,-0.09519743919372559
discovery,6,control,5 + 1 =,L2H3,0.001459677703678608,-0.09519743919372559
discovery,6,control,5 + 1 =,L2H4,0.005582008510828018,-0.09519743919372559
discovery,6,control,5 + 1 =,L2H5,-0.001043777447193861,-0.09519743919372559
discovery,6,control,5 + 1 =,L2H6,-0.005355565343052149,-0.09519743919372559
discovery,6,control,5 + 1 =,L2H7,-0.00044043920934200287,-0.09519743919372559
discovery,6,control,5 + 1 =,L2H8,0.003053700551390648,-0.09519743919372559
discovery,6,control,5 + 1 =,L2H9,0.005444275215268135,-0.09519743919372559
discovery,6,control,5 + 1 =,L2H10,0.013382606208324432,-0.09519743919372559
discovery,6,control,5 + 1 =,L2H11,-0.004997054114937782,-0.09519743919372559
discovery,6,control,5 + 1 =,L3H0,0.0020719189196825027,-0.09519743919372559
discovery,6,control,5 + 1 =,L3H1,-0.004047414753586054,-0.09519743919372559
discovery,6,control,5 + 1 =,L3H2,-1.81710347533226e-05,-0.09519743919372559
discovery,6,control,5 + 1 =,L3H3,0.013210847042500973,-0.09519743919372559
discovery,6,control,5 + 1 =,L3H4,0.015447108075022697,-0.09519743919372559
discovery,6,control,5 + 1 =,L3H5,-0.0036205509677529335,-0.09519743919372559
discovery,6,control,5 + 1 =,L3H6,-0.013027282431721687,-0.09519743919372559
discovery,6,control,5 + 1 =,L3H7,0.000241733156144619,-0.09519743919372559
discovery,6,control,5 + 1 =,L3H8,0.0066803814843297005,-0.09519743919372559
discovery,6,control,5 + 1 =,L3H9,0.007688861805945635,-0.09519743919372559
discovery,6,control,5 + 1 =,L3H10,-0.005942868534475565,-0.09519743919372559
discovery,6,control,5 + 1 =,L3H11,-0.013347079046070576,-0.09519743919372559
discovery,6,control,5 + 1 =,L4H0,0.0005386942066252232,-0.09519743919372559
discovery,6,control,5 + 1 =,L4H1,0.004913762211799622,-0.09519743919372559
discovery,6,control,5 + 1 =,L4H2,0.005052127875387669,-0.09519743919372559
discovery,6,control,5 + 1 =,L4H3,0.006666403729468584,-0.09519743919372559
discovery,6,control,5 + 1 =,L4H4,0.0038896913174539804,-0.09519743919372559
discovery,6,control,5 + 1 =,L4H5,-0.0066499263048172,-0.09519743919372559
discovery,6,control,5 + 1 =,L4H6,-0.011724286712706089,-0.09519743919372559
discovery,6,control,5 + 1 =,L4H7,0.0017220787703990936,-0.09519743919372559
discovery,6,control,5 + 1 =,L4H8,0.0022342177107930183,-0.09519743919372559
discovery,6,control,5 + 1 =,L4H9,-0.0028673051856458187,-0.09519743919372559
discovery,6,control,5 + 1 =,L4H10,-0.004632202442735434,-0.09519743919372559
discovery,6,control,5 + 1 =,L4H11,0.026263318955898285,-0.09519743919372559
discovery,6,control,5 + 1 =,L5H0,0.007735803723335266,-0.09519743919372559
discovery,6,control,5 + 1 =,L5H1,0.0015483768656849861,-0.09519743919372559
discovery,6,control,5 + 1 =,L5H2,0.018057379871606827,-0.09519743919372559
discovery,6,control,5 + 1 =,L5H3,-0.015275578945875168,-0.09519743919372559
discovery,6,control,5 + 1 =,L5H4,0.001976650208234787,-0.09519743919372559
discovery,6,control,5 + 1 =,L5H5,-0.020449012517929077,-0.09519743919372559
discovery,6,control,5 + 1 =,L5H6,-0.0033409595489501953,-0.09519743919372559
discovery,6,control,5 + 1 =,L5H7,0.003911111503839493,-0.09519743919372559
discovery,6,control,5 + 1 =,L5H8,0.014409657567739487,-0.09519743919372559
discovery,6,control,5 + 1 =,L5H9,0.010348677635192871,-0.09519743919372559
discovery,6,control,5 + 1 =,L5H10,0.007055098656564951,-0.09519743919372559
discovery,6,control,5 + 1 =,L5H11,0.010310215875506401,-0.09519743919372559
discovery,6,control,5 + 1 =,L6H0,0.006973779760301113,-0.09519743919372559
discovery,6,control,5 + 1 =,L6H1,0.014089440926909447,-0.09519743919372559
discovery,6,control,5 + 1 =,L6H2,0.003383998293429613,-0.09519743919372559
discovery,6,control,5 + 1 =,L6H3,2.8449343517422676e-05,-0.09519743919372559
discovery,6,control,5 + 1 =,L6H4,-3.7481775507330894e-05,-0.09519743919372559
discovery,6,control,5 + 1 =,L6H5,-0.006116693373769522,-0.09519743919372559
discovery,6,control,5 + 1 =,L6H6,-0.0023826020769774914,-0.09519743919372559
discovery,6,control,5 + 1 =,L6H7,-0.011582416482269764,-0.09519743919372559
discovery,6,control,5 + 1 =,L6H8,0.006032767705619335,-0.09519743919372559
discovery,6,control,5 + 1 =,L6H9,-0.01226251944899559,-0.09519743919372559
discovery,6,control,5 + 1 =,L6H10,0.0019197657238692045,-0.09519743919372559
discovery,6,control,5 + 1 =,L6H11,0.008014668710529804,-0.09519743919372559
discovery,6,control,5 + 1 =,L7H0,0.014426711946725845,-0.09519743919372559
discovery,6,control,5 + 1 =,L7H1,-0.004392007831484079,-0.09519743919372559
discovery,6,control,5 + 1 =,L7H2,0.003394564613699913,-0.09519743919372559
discovery,6,control,5 + 1 =,L7H3,0.008339292369782925,-0.09519743919372559
discovery,6,control,5 + 1 =,L7H4,0.018542122095823288,-0.09519743919372559
discovery,6,control,5 + 1 =,L7H5,0.002913504606112838,-0.09519743919372559
discovery,6,control,5 + 1 =,L7H6,-0.0076822442933917046,-0.09519743919372559
discovery,6,control,5 + 1 =,L7H7,-0.0007091747829690576,-0.09519743919372559
discovery,6,control,5 + 1 =,L7H8,-0.005460262298583984,-0.09519743919372559
discovery,6,control,5 + 1 =,L7H9,-0.018389178439974785,-0.09519743919372559
discovery,6,control,5 + 1 =,L7H10,-0.0034293956123292446,-0.09519743919372559
discovery,6,control,5 + 1 =,L7H11,0.006568462587893009,-0.09519743919372559
discovery,6,control,5 + 1 =,L8H0,0.00034918682649731636,-0.09519743919372559
discovery,6,control,5 + 1 =,L8H1,-0.008359629660844803,-0.09519743919372559
discovery,6,control,5 + 1 =,L8H2,-0.02143847942352295,-0.09519743919372559
discovery,6,control,5 + 1 =,L8H3,0.0021142931655049324,-0.09519743919372559
discovery,6,control,5 + 1 =,L8H4,-0.0005825785920023918,-0.09519743919372559
discovery,6,control,5 + 1 =,L8H5,0.015995170921087265,-0.09519743919372559
discovery,6,control,5 + 1 =,L8H6,-0.009275434538722038,-0.09519743919372559
discovery,6,control,5 + 1 =,L8H7,-0.0018157397862523794,-0.09519743919372559
discovery,6,control,5 + 1 =,L8H8,0.01635413058102131,-0.09519743919372559
discovery,6,control,5 + 1 =,L8H9,-0.005510968156158924,-0.09519743919372559
discovery,6,control,5 + 1 =,L8H10,0.011682124808430672,-0.09519743919372559
discovery,6,control,5 + 1 =,L8H11,0.018630076199769974,-0.09519743919372559
discovery,6,control,5 + 1 =,L9H0,0.0019789356738328934,-0.09519743919372559
discovery,6,control,5 + 1 =,L9H1,0.03092828392982483,-0.09519743919372559
discovery,6,control,5 + 1 =,L9H2,-0.007061920594424009,-0.09519743919372559
discovery,6,control,5 + 1 =,L9H3,0.005401446484029293,-0.09519743919372559
discovery,6,control,5 + 1 =,L9H4,-0.001824148464947939,-0.09519743919372559
discovery,6,control,5 + 1 =,L9H5,0.021667158231139183,-0.09519743919372559
discovery,6,control,5 + 1 =,L9H6,-0.0032132603228092194,-0.09519743919372559
discovery,6,control,5 + 1 =,L9H7,0.0009049326181411743,-0.09519743919372559
discovery,6,control,5 + 1 =,L9H8,0.002786500845104456,-0.09519743919372559
discovery,6,control,5 + 1 =,L9H9,-0.04954055696725845,-0.09519743919372559
discovery,6,control,5 + 1 =,L9H10,0.003634202294051647,-0.09519743919372559
discovery,6,control,5 + 1 =,L9H11,-0.0035617563407868147,-0.09519743919372559
discovery,6,control,5 + 1 =,L10H0,0.0074368976056575775,-0.09519743919372559
discovery,6,control,5 + 1 =,L10H1,0.007291439920663834,-0.09519743919372559
discovery,6,control,5 + 1 =,L10H2,0.04655256122350693,-0.09519743919372559
discovery,6,control,5 + 1 =,L10H3,0.0021070390939712524,-0.09519743919372559
discovery,6,control,5 + 1 =,L10H4,0.006394470110535622,-0.09519743919372559
discovery,6,control,5 + 1 =,L10H5,-0.0007447833195328712,-0.09519743919372559
discovery,6,control,5 + 1 =,L10H6,0.0051894960924983025,-0.09519743919372559
discovery,6,control,5 + 1 =,L10H7,-0.01139722391963005,-0.09519743919372559
discovery,6,control,5 + 1 =,L10H8,-0.005582049489021301,-0.09519743919372559
discovery,6,control,5 + 1 =,L10H9,0.0015395693480968475,-0.09519743919372559
discovery,6,control,5 + 1 =,L10H10,-0.0021040462888777256,-0.09519743919372559
discovery,6,control,5 + 1 =,L10H11,0.019254375249147415,-0.09519743919372559
discovery,6,control,5 + 1 =,L11H0,0.051736995577812195,-0.09519743919372559
discovery,6,control,5 + 1 =,L11H1,0.008014094084501266,-0.09519743919372559
discovery,6,control,5 + 1 =,L11H2,-0.010456321761012077,-0.09519743919372559
discovery,6,control,5 + 1 =,L11H3,-0.022069057449698448,-0.09519743919372559
discovery,6,control,5 + 1 =,L11H4,-0.005469619762152433,-0.09519743919372559
discovery,6,control,5 + 1 =,L11H5,-0.011969145387411118,-0.09519743919372559
discovery,6,control,5 + 1 =,L11H6,0.007975185289978981,-0.09519743919372559
discovery,6,control,5 + 1 =,L11H7,0.01738091930747032,-0.09519743919372559
discovery,6,control,5 + 1 =,L11H8,-0.01825084164738655,-0.09519743919372559
discovery,6,control,5 + 1 =,L11H9,-0.000746430829167366,-0.09519743919372559
discovery,6,control,5 + 1 =,L11H10,-0.057971350848674774,-0.09519743919372559
discovery,6,control,5 + 1 =,L11H11,-0.011425737291574478,-0.09519743919372559
discovery,6,control,5 + 1 =,0_mlp_out,-0.008313169702887535,-0.09519743919372559
discovery,6,control,5 + 1 =,1_mlp_out,-0.007207420654594898,-0.09519743919372559
discovery,6,control,5 + 1 =,2_mlp_out,0.074288010597229,-0.09519743919372559
discovery,6,control,5 + 1 =,3_mlp_out,0.0804814025759697,-0.09519743919372559
discovery,6,control,5 + 1 =,4_mlp_out,0.03981133922934532,-0.09519743919372559
discovery,6,control,5 + 1 =,5_mlp_out,0.00425846129655838,-0.09519743919372559
discovery,6,control,5 + 1 =,6_mlp_out,0.00047150999307632446,-0.09519743919372559
discovery,6,control,5 + 1 =,7_mlp_out,-0.10510959476232529,-0.09519743919372559
discovery,6,control,5 + 1 =,8_mlp_out,-0.048007331788539886,-0.09519743919372559
discovery,6,control,5 + 1 =,9_mlp_out,0.015455663204193115,-0.09519743919372559
discovery,6,control,5 + 1 =,10_mlp_out,-0.10833580791950226,-0.09519743919372559
discovery,6,control,5 + 1 =,11_mlp_out,0.08757531642913818,-0.09519743919372559
discovery,6,control,5 + 1 =,embed,0.0033731095027178526,-0.09519743919372559
discovery,6,control,5 + 1 =,pos_embed,0.00030324049293994904,-0.09519743919372559
discovery,6,control,5 + 1 =,bias,-0.03149805963039398,-0.09519743919372559
discovery,10,double,5 + 5 =,L0H0,-0.0007974933832883835,0.66534423828125
discovery,10,double,5 + 5 =,L0H1,0.005164263769984245,0.66534423828125
discovery,10,double,5 + 5 =,L0H2,-0.032479092478752136,0.66534423828125
discovery,10,double,5 + 5 =,L0H3,-0.012127778492867947,0.66534423828125
discovery,10,double,5 + 5 =,L0H4,0.001159699633717537,0.66534423828125
discovery,10,double,5 + 5 =,L0H5,0.0035311332903802395,0.66534423828125
discovery,10,double,5 + 5 =,L0H6,0.10663920640945435,0.66534423828125
discovery,10,double,5 + 5 =,L0H7,0.014857185073196888,0.66534423828125
discovery,10,double,5 + 5 =,L0H8,-0.05514611303806305,0.66534423828125
discovery,10,double,5 + 5 =,L0H9,-0.04298115521669388,0.66534423828125
discovery,10,double,5 + 5 =,L0H10,0.014202175661921501,0.66534423828125
discovery,10,double,5 + 5 =,L0H11,0.0015216781757771969,0.66534423828125
discovery,10,double,5 + 5 =,L1H0,0.004031449556350708,0.66534423828125
discovery,10,double,5 + 5 =,L1H1,-0.012620899826288223,0.66534423828125
discovery,10,double,5 + 5 =,L1H2,-0.0035472591407597065,0.66534423828125
discovery,10,double,5 + 5 =,L1H3,-0.012603988870978355,0.66534423828125
discovery,10,double,5 + 5 =,L1H4,0.009294494986534119,0.66534423828125
discovery,10,double,5 + 5 =,L1H5,0.027940820902585983,0.66534423828125
discovery,10,double,5 + 5 =,L1H6,-0.00536172091960907,0.66534423828125
discovery,10,double,5 + 5 =,L1H7,0.017383404076099396,0.66534423828125
discovery,10,double,5 + 5 =,L1H8,-0.02218981459736824,0.66534423828125
discovery,10,double,5 + 5 =,L1H9,0.017254415899515152,0.66534423828125
discovery,10,double,5 + 5 =,L1H10,0.017849229276180267,0.66534423828125
discovery,10,double,5 + 5 =,L1H11,-0.018700988963246346,0.66534423828125
discovery,10,double,5 + 5 =,L2H0,-0.008528299629688263,0.66534423828125
discovery,10,double,5 + 5 =,L2H1,0.0003266406711190939,0.66534423828125
discovery,10,double,5 + 5 =,L2H2,0.003906526602804661,0.66534423828125
discovery,10,double,5 + 5 =,L2H3,0.010447301901876926,0.66534423828125
discovery,10,double,5 + 5 =,L2H4,0.0005401400849223137,0.66534423828125
discovery,10,double,5 + 5 =,L2H5,-0.005173163488507271,0.66534423828125
discovery,10,double,5 + 5 =,L2H6,-0.012484561651945114,0.66534423828125
discovery,10,double,5 + 5 =,L2H7,-0.003518076613545418,0.66534423828125
discovery,10,double,5 + 5 =,L2H8,0.00021583586931228638,0.66534423828125
discovery,10,double,5 + 5 =,L2H9,0.006673543713986874,0.66534423828125
discovery,10,double,5 + 5 =,L2H10,0.009327128529548645,0.66534423828125
discovery,10,double,5 + 5 =,L2H11,0.02127216011285782,0.66534423828125
discovery,10,double,5 + 5 =,L3H0,-0.02267839014530182,0.66534423828125
discovery,10,double,5 + 5 =,L3H1,-0.01553419604897499,0.66534423828125
discovery,10,double,5 + 5 =,L3H2,0.0065422458574175835,0.66534423828125
discovery,10,double,5 + 5 =,L3H3,0.009399469941854477,0.66534423828125
discovery,10,double,5 + 5 =,L3H4,0.005297067575156689,0.66534423828125
discovery,10,double,5 + 5 =,L3H5,-0.00022834911942481995,0.66534423828125
discovery,10,double,5 + 5 =,L3H6,-0.01478374470025301,0.66534423828125
discovery,10,double,5 + 5 =,L3H7,0.013229206204414368,0.66534423828125
discovery,10,double,5 + 5 =,L3H8,-0.006639779079705477,0.66534423828125
discovery,10,double,5 + 5 =,L3H9,-0.0031968383118510246,0.66534423828125
discovery,10,double,5 + 5 =,L3H10,0.005992880091071129,0.66534423828125
discovery,10,double,5 + 5 =,L3H11,-0.010692024603486061,0.66534423828125
discovery,10,double,5 + 5 =,L4H0,-0.0008677819278091192,0.66534423828125
discovery,10,double,5 + 5 =,L4H1,-0.009228731505572796,0.66534423828125
discovery,10,double,5 + 5 =,L4H2,-0.006540233734995127,0.66534423828125
discovery,10,double,5 + 5 =,L4H3,-0.015124598518013954,0.66534423828125
discovery,10,double,5 + 5 =,L4H4,-0.005893032997846603,0.66534423828125
discovery,10,double,5 + 5 =,L4H5,-0.005302755627781153,0.66534423828125
discovery,10,double,5 + 5 =,L4H6,0.0040434012189507484,0.66534423828125
discovery,10,double,5 + 5 =,L4H7,0.026811644434928894,0.66534423828125
discovery,10,double,5 + 5 =,L4H8,0.01022307202219963,0.66534423828125
discovery,10,double,5 + 5 =,L4H9,-0.0058832475915551186,0.66534423828125
discovery,10,double,5 + 5 =,L4H10,-0.005028943531215191,0.66534423828125
discovery,10,double,5 + 5 =,L4H11,0.012341275811195374,0.66534423828125
discovery,10,double,5 + 5 =,L5H0,-0.0045299232006073,0.66534423828125
discovery,10,double,5 + 5 =,L5H1,-0.03537469729781151,0.66534423828125
discovery,10,double,5 + 5 =,L5H2,0.036487191915512085,0.66534423828125
discovery,10,double,5 + 5 =,L5H3,-0.03205432370305061,0.66534423828125
discovery,10,double,5 + 5 =,L5H4,0.0031926720403134823,0.66534423828125
discovery,10,double,5 + 5 =,L5H5,-0.028216850012540817,0.66534423828125
discovery,10,double,5 + 5 =,L5H6,0.0012942408211529255,0.66534423828125
discovery,10,double,5 + 5 =,L5H7,0.013221500441432,0.66534423828125
discovery,10,double,5 + 5 =,L5H8,-0.023677535355091095,0.66534423828125
discovery,10,double,5 + 5 =,L5H9,0.0965210497379303,0.66534423828125
discovery,10,double,5 + 5 =,L5H10,-0.041196051985025406,0.66534423828125
discovery,10,double,5 + 5 =,L5H11,-0.0002781646326184273,0.66534423828125
discovery,10,double,5 + 5 =,L6H0,-0.012720724567770958,0.66534423828125
discovery,10,double,5 + 5 =,L6H1,-0.0006595784216187894,0.66534423828125
discovery,10,double,5 + 5 =,L6H2,-0.0020613668020814657,0.66534423828125
discovery,10,double,5 + 5 =,L6H3,-0.003352113999426365,0.66534423828125
discovery,10,double,5 + 5 =,L6H4,0.004799414426088333,0.66534423828125
discovery,10,double,5 + 5 =,L6H5,-0.03623580187559128,0.66534423828125
discovery,10,double,5 + 5 =,L6H6,0.016750436276197433,0.66534423828125
discovery,10,double,5 + 5 =,L6H7,0.03133741021156311,0.66534423828125
discovery,10,double,5 + 5 =,L6H8,-0.035415783524513245,0.66534423828125
discovery,10,double,5 + 5 =,L6H9,0.02840755507349968,0.66534423828125
discovery,10,double,5 + 5 =,L6H10,-0.0006637047044932842,0.66534423828125
discovery,10,double,5 + 5 =,L6H11,0.000268744770437479,0.66534423828125
discovery,10,double,5 + 5 =,L7H0,-0.01826351508498192,0.66534423828125
discovery,10,double,5 + 5 =,L7H1,-0.012752814218401909,0.66534423828125
discovery,10,double,5 + 5 =,L7H2,-0.012250084429979324,0.66534423828125
discovery,10,double,5 + 5 =,L7H3,0.010554874315857887,0.66534423828125
discovery,10,double,5 + 5 =,L7H4,-0.006753602996468544,0.66534423828125
discovery,10,double,5 + 5 =,L7H5,-0.012185348197817802,0.66534423828125
discovery,10,double,5 + 5 =,L7H6,0.015593321993947029,0.66534423828125
discovery,10,double,5 + 5 =,L7H7,0.004602580796927214,0.66534423828125
discovery,10,double,5 + 5 =,L7H8,0.00827756617218256,0.66534423828125
discovery,10,double,5 + 5 =,L7H9,0.01191755011677742,0.66534423828125
discovery,10,double,5 + 5 =,L7H10,0.000608435133472085,0.66534423828125
discovery,10,double,5 + 5 =,L7H11,-0.0114555973559618,0.66534423828125
discovery,10,double,5 + 5 =,L8H0,-0.008996004238724709,0.66534423828125
discovery,10,double,5 + 5 =,L8H1,0.002453089691698551,0.66534423828125
discovery,10,double,5 + 5 =,L8H2,0.041871923953294754,0.66534423828125
discovery,10,double,5 + 5 =,L8H3,-0.014847518876194954,0.66534423828125
discovery,10,double,5 + 5 =,L8H4,-0.0051427255384624004,0.66534423828125
discovery,10,double,5 + 5 =,L8H5,-0.026858313009142876,0.66534423828125
discovery,10,double,5 + 5 =,L8H6,-0.012804465368390083,0.66534423828125
discovery,10,double,5 + 5 =,L8H7,0.01328643225133419,0.66534423828125
discovery,10,double,5 + 5 =,L8H8,-0.04319849982857704,0.66534423828125
discovery,10,double,5 + 5 =,L8H9,0.006228167098015547,0.66534423828125
discovery,10,double,5 + 5 =,L8H10,-0.001631968654692173,0.66534423828125
discovery,10,double,5 + 5 =,L8H11,0.022508062422275543,0.66534423828125
discovery,10,double,5 + 5 =,L9H0,-0.009204966947436333,0.66534423828125
discovery,10,double,5 + 5 =,L9H1,0.028319526463747025,0.66534423828125
discovery,10,double,5 + 5 =,L9H2,-0.015240136533975601,0.66534423828125
discovery,10,double,5 + 5 =,L9H3,0.003542662598192692,0.66534423828125
discovery,10,double,5 + 5 =,L9H4,-0.004049687646329403,0.66534423828125
discovery,10,double,5 + 5 =,L9H5,-0.00219529471360147,0.66534423828125
discovery,10,double,5 + 5 =,L9H6,-8.417200297117233e-05,0.66534423828125
discovery,10,double,5 + 5 =,L9H7,0.013391798362135887,0.66534423828125
discovery,10,double,5 + 5 =,L9H8,0.002741853939369321,0.66534423828125
discovery,10,double,5 + 5 =,L9H9,0.024159226566553116,0.66534423828125
discovery,10,double,5 + 5 =,L9H10,-0.006530993618071079,0.66534423828125
discovery,10,double,5 + 5 =,L9H11,0.0043252031318843365,0.66534423828125
discovery,10,double,5 + 5 =,L10H0,-0.015586582943797112,0.66534423828125
discovery,10,double,5 + 5 =,L10H1,-0.05116136744618416,0.66534423828125
discovery,10,double,5 + 5 =,L10H2,0.03679291903972626,0.66534423828125
discovery,10,double,5 + 5 =,L10H3,0.0006229560822248459,0.66534423828125
discovery,10,double,5 + 5 =,L10H4,-0.004417814314365387,0.66534423828125
discovery,10,double,5 + 5 =,L10H5,0.004045082256197929,0.66534423828125
discovery,10,double,5 + 5 =,L10H6,-0.005163004621863365,0.66534423828125
discovery,10,double,5 + 5 =,L10H7,0.013352511450648308,0.66534423828125
discovery,10,double,5 + 5 =,L10H8,-0.005025610327720642,0.66534423828125
discovery,10,double,5 + 5 =,L10H9,0.019410649314522743,0.66534423828125
discovery,10,double,5 + 5 =,L10H10,-0.002007303759455681,0.66534423828125
discovery,10,double,5 + 5 =,L10H11,-0.006968438625335693,0.66534423828125
discovery,10,double,5 + 5 =,L11H0,-0.056908100843429565,0.66534423828125
discovery,10,double,5 + 5 =,L11H1,0.042112648487091064,0.66534423828125
discovery,10,double,5 + 5 =,L11H2,0.010966325178742409,0.66534423828125
discovery,10,double,5 + 5 =,L11H3,-0.012376341968774796,0.66534423828125
discovery,10,double,5 + 5 =,L11H4,-0.020246848464012146,0.66534423828125
discovery,10,double,5 + 5 =,L11H5,-0.012660052627325058,0.66534423828125
discovery,10,double,5 + 5 =,L11H6,0.005877045914530754,0.66534423828125
discovery,10,double,5 + 5 =,L11H7,-0.01341315172612667,0.66534423828125
discovery,10,double,5 + 5 =,L11H8,0.06981084495782852,0.66534423828125
discovery,10,double,5 + 5 =,L11H9,0.010705001652240753,0.66534423828125
discovery,10,double,5 + 5 =,L11H10,0.010564490221440792,0.66534423828125
discovery,10,double,5 + 5 =,L11H11,-0.020024161785840988,0.66534423828125
discovery,10,double,5 + 5 =,0_mlp_out,0.023036649450659752,0.66534423828125
discovery,10,double,5 + 5 =,1_mlp_out,-0.030134093016386032,0.66534423828125
discovery,10,double,5 + 5 =,2_mlp_out,-0.02902485989034176,0.66534423828125
discovery,10,double,5 + 5 =,3_mlp_out,-0.0023737922310829163,0.66534423828125
discovery,10,double,5 + 5 =,4_mlp_out,-0.05019627511501312,0.66534423828125
discovery,10,double,5 + 5 =,5_mlp_out,0.0031822705641388893,0.66534423828125
discovery,10,double,5 + 5 =,6_mlp_out,-0.11264201253652573,0.66534423828125
discovery,10,double,5 + 5 =,7_mlp_out,0.11322161555290222,0.66534423828125
discovery,10,double,5 + 5 =,8_mlp_out,-0.02912021428346634,0.66534423828125
discovery,10,double,5 + 5 =,9_mlp_out,0.1412096470594406,0.66534423828125
discovery,10,double,5 + 5 =,10_mlp_out,0.029464423656463623,0.66534423828125
discovery,10,double,5 + 5 =,11_mlp_out,-0.03172624856233597,0.66534423828125
discovery,10,double,5 + 5 =,embed,-0.004440464079380035,0.66534423828125
discovery,10,double,5 + 5 =,pos_embed,0.00887011643499136,0.66534423828125
discovery,10,double,5 + 5 =,bias,-0.023061223328113556,0.66534423828125
discovery,10,control,1 + 9 =,L0H0,0.0007365606725215912,0.66534423828125
discovery,10,control,1 + 9 =,L0H1,0.004548909142613411,0.66534423828125
discovery,10,control,1 + 9 =,L0H2,-0.028306934982538223,0.66534423828125
discovery,10,control,1 + 9 =,L0H3,-0.011122537776827812,0.66534423828125
discovery,10,control,1 + 9 =,L0H4,0.0019041672348976135,0.66534423828125
discovery,10,control,1 + 9 =,L0H5,0.00310191186144948,0.66534423828125
discovery,10,control,1 + 9 =,L0H6,0.09311473369598389,0.66534423828125
discovery,10,control,1 + 9 =,L0H7,0.0064713601022958755,0.66534423828125
discovery,10,control,1 + 9 =,L0H8,-0.04918442666530609,0.66534423828125
discovery,10,control,1 + 9 =,L0H9,-0.037490569055080414,0.66534423828125
discovery,10,control,1 + 9 =,L0H10,0.014181660488247871,0.66534423828125
discovery,10,control,1 + 9 =,L0H11,0.002110170666128397,0.66534423828125
discovery,10,control,1 + 9 =,L1H0,0.001784804742783308,0.66534423828125
discovery,10,control,1 + 9 =,L1H1,-0.014072006568312645,0.66534423828125
discovery,10,control,1 + 9 =,L1H2,-0.0030816281214356422,0.66534423828125
discovery,10,control,1 + 9 =,L1H3,-0.011307170614600182,0.66534423828125
discovery,10,control,1 + 9 =,L1H4,0.009523175656795502,0.66534423828125
discovery,10,control,1 + 9 =,L1H5,0.02243567258119583,0.66534423828125
discovery,10,control,1 + 9 =,L1H6,-0.005273902788758278,0.66534423828125
discovery,10,control,1 + 9 =,L1H7,0.02101432904601097,0.66534423828125
discovery,10,control,1 + 9 =,L1H8,-0.018311211839318275,0.66534423828125
discovery,10,control,1 + 9 =,L1H9,0.015041937120258808,0.66534423828125
discovery,10,control,1 + 9 =,L1H10,0.019869210198521614,0.66534423828125
discovery,10,control,1 + 9 =,L1H11,-0.016443423926830292,0.66534423828125
discovery,10,control,1 + 9 =,L2H0,-0.0077455490827560425,0.66534423828125
discovery,10,control,1 + 9 =,L2H1,0.00020094390492886305,0.66534423828125
discovery,10,control,1 + 9 =,L2H2,0.005472898483276367,0.66534423828125
discovery,10,control,1 + 9 =,L2H3,0.007593507878482342,0.66534423828125
discovery,10,control,1 + 9 =,L2H4,-0.00017508305609226227,0.66534423828125
discovery,10,control,1 + 9 =,L2H5,-0.005442723631858826,0.66534423828125
discovery,10,control,1 + 9 =,L2H6,-0.009468328207731247,0.66534423828125
discovery,10,control,1 + 9 =,L2H7,-0.0024495618417859077,0.66534423828125
discovery,10,control,1 + 9 =,L2H8,-0.002406034618616104,0.66534423828125
discovery,10,control,1 + 9 =,L2H9,0.006450898014008999,0.66534423828125
discovery,10,control,1 + 9 =,L2H10,0.007469164207577705,0.66534423828125
discovery,10,control,1 + 9 =,L2H11,0.02034677378833294,0.66534423828125
discovery,10,control,1 + 9 =,L3H0,-0.021763470023870468,0.66534423828125
discovery,10,control,1 + 9 =,L3H1,-0.01114688627421856,0.66534423828125
discovery,10,control,1 + 9 =,L3H2,0.0026267366483807564,0.66534423828125
discovery,10,control,1 + 9 =,L3H3,0.0006841928698122501,0.66534423828125
discovery,10,control,1 + 9 =,L3H4,0.009746808558702469,0.66534423828125
discovery,10,control,1 + 9 =,L3H5,0.00131173525005579,0.66534423828125
discovery,10,control,1 + 9 =,L3H6,-0.02021649479866028,0.66534423828125
discovery,10,control,1 + 9 =,L3H7,0.01594243198633194,0.66534423828125
discovery,10,control,1 + 9 =,L3H8,-0.002155683236196637,0.66534423828125
discovery,10,control,1 + 9 =,L3H9,-0.010557743720710278,0.66534423828125
discovery,10,control,1 + 9 =,L3H10,0.010041584260761738,0.66534423828125
discovery,10,control,1 + 9 =,L3H11,-0.011132314801216125,0.66534423828125
discovery,10,control,1 + 9 =,L4H0,0.0005812826566398144,0.66534423828125
discovery,10,control,1 + 9 =,L4H1,-0.0071241892874240875,0.66534423828125
discovery,10,control,1 + 9 =,L4H2,-0.002099385717883706,0.66534423828125
discovery,10,control,1 + 9 =,L4H3,-0.013680131174623966,0.66534423828125
discovery,10,control,1 + 9 =,L4H4,-0.0025924821384251118,0.66534423828125
discovery,10,control,1 + 9 =,L4H5,0.005765181966125965,0.66534423828125
discovery,10,control,1 + 9 =,L4H6,0.008411187678575516,0.66534423828125
discovery,10,control,1 + 9 =,L4H7,0.023152824491262436,0.66534423828125
discovery,10,control,1 + 9 =,L4H8,0.014187525026500225,0.66534423828125
discovery,10,control,1 + 9 =,L4H9,-0.00456454511731863,0.66534423828125
discovery,10,control,1 + 9 =,L4H10,0.006112147122621536,0.66534423828125
discovery,10,control,1 + 9 =,L4H11,0.01707717403769493,0.66534423828125
discovery,10,control,1 + 9 =,L5H0,-0.0033111735247075558,0.66534423828125
discovery,10,control,1 + 9 =,L5H1,-0.03243881091475487,0.66534423828125
discovery,10,control,1 + 9 =,L5H2,0.040929265320301056,0.66534423828125
discovery,10,control,1 + 9 =,L5H3,-0.02606983855366707,0.66534423828125
discovery,10,control,1 + 9 =,L5H4,0.006600758992135525,0.66534423828125
discovery,10,control,1 + 9 =,L5H5,-0.02470397762954235,0.66534423828125
discovery,10,control,1 + 9 =,L5H6,0.001776325050741434,0.66534423828125
discovery,10,control,1 + 9 =,L5H7,0.011704291217029095,0.66534423828125
discovery,10,control,1 + 9 =,L5H8,-0.006731312721967697,0.66534423828125
discovery,10,control,1 + 9 =,L5H9,0.08322250843048096,0.66534423828125
discovery,10,control,1 + 9 =,L5H10,-0.020376654341816902,0.66534423828125
discovery,10,control,1 + 9 =,L5H11,-0.001289403298869729,0.66534423828125
discovery,10,control,1 + 9 =,L6H0,-0.008101841434836388,0.66534423828125
discovery,10,control,1 + 9 =,L6H1,0.00238123070448637,0.66534423828125
discovery,10,control,1 + 9 =,L6H2,-0.002725311554968357,0.66534423828125
discovery,10,control,1 + 9 =,L6H3,0.0024877015966922045,0.66534423828125
discovery,10,control,1 + 9 =,L6H4,0.0011798706836998463,0.66534423828125
discovery,10,control,1 + 9 =,L6H5,-0.0271836519241333,0.66534423828125
discovery,10,control,1 + 9 =,L6H6,0.01804959960281849,0.66534423828125
discovery,10,control,1 + 9 =,L6H7,0.022112857550382614,0.66534423828125
discovery,10,control,1 + 9 =,L6H8,-0.017733579501509666,0.66534423828125
discovery,10,control,1 + 9 =,L6H9,-0.03643202781677246,0.66534423828125
discovery,10,control,1 + 9 =,L6H10,-0.0034224672708660364,0.66534423828125
discovery,10,control,1 + 9 =,L6H11,-0.009391028434038162,0.66534423828125
discovery,10,control,1 + 9 =,L7H0,-0.011024645529687405,0.66534423828125
discovery,10,control,1 + 9 =,L7H1,-0.012050429359078407,0.66534423828125
discovery,10,control,1 + 9 =,L7H2,-0.010939945466816425,0.66534423828125
discovery,10,control,1 + 9 =,L7H3,0.02314833179116249,0.66534423828125
discovery,10,control,1 + 9 =,L7H4,-0.007026288192719221,0.66534423828125
discovery,10,control,1 + 9 =,L7H5,-0.01195690780878067,0.66534423828125
discovery,10,control,1 + 9 =,L7H6,0.017474379390478134,0.66534423828125
discovery,10,control,1 + 9 =,L7H7,0.005515134893357754,0.66534423828125
discovery,10,control,1 + 9 =,L7H8,-0.00027184048667550087,0.66534423828125
discovery,10,control,1 + 9 =,L7H9,0.03594912961125374,0.66534423828125
discovery,10,control,1 + 9 =,L7H10,-0.019974423572421074,0.66534423828125
discovery,10,control,1 + 9 =,L7H11,-0.014197437092661858,0.66534423828125
discovery,10,control,1 + 9 =,L8H0,-0.011200453154742718,0.66534423828125
discovery,10,control,1 + 9 =,L8H1,-0.0012829694896936417,0.66534423828125
discovery,10,control,1 + 9 =,L8H2,0.023424049839377403,0.66534423828125
discovery,10,control,1 + 9 =,L8H3,-0.023733675479888916,0.66534423828125
discovery,10,control,1 + 9 =,L8H4,-0.005150572396814823,0.66534423828125
discovery,10,control,1 + 9 =,L8H5,-0.01310712844133377,0.66534423828125
discovery,10,control,1 + 9 =,L8H6,-0.027453772723674774,0.66534423828125
discovery,10,control,1 + 9 =,L8H7,0.0030114976689219475,0.66534423828125
discovery,10,control,1 + 9 =,L8H8,-0.03905114531517029,0.66534423828125
discovery,10,control,1 + 9 =,L8H9,0.008313106372952461,0.66534423828125
discovery,10,control,1 + 9 =,L8H10,0.023617984727025032,0.66534423828125
discovery,10,control,1 + 9 =,L8H11,-0.07048970460891724,0.66534423828125
discovery,10,control,1 + 9 =,L9H0,-0.006204437930136919,0.66534423828125
discovery,10,control,1 + 9 =,L9H1,0.033117879182100296,0.66534423828125
discovery,10,control,1 + 9 =,L9H2,-0.01221492514014244,0.66534423828125
discovery,10,control,1 + 9 =,L9H3,-0.0005445349961519241,0.66534423828125
discovery,10,control,1 + 9 =,L9H4,-0.013759043999016285,0.66534423828125
discovery,10,control,1 + 9 =,L9H5,0.0004674836527556181,0.66534423828125
discovery,10,control,1 + 9 =,L9H6,-0.01268770731985569,0.66534423828125
discovery,10,control,1 + 9 =,L9H7,0.016274526715278625,0.66534423828125
discovery,10,control,1 + 9 =,L9H8,0.0026972240302711725,0.66534423828125
discovery,10,control,1 + 9 =,L9H9,-0.09371776878833771,0.66534423828125
discovery,10,control,1 + 9 =,L9H10,-0.0037413807585835457,0.66534423828125
discovery,10,control,1 + 9 =,L9H11,0.003367107827216387,0.66534423828125
discovery,10,control,1 + 9 =,L10H0,-0.0250563807785511,0.66534423828125
discovery,10,control,1 + 9 =,L10H1,-0.04544344171881676,0.66534423828125
discovery,10,control,1 + 9 =,L10H2,-0.1005629450082779,0.66534423828125
discovery,10,control,1 + 9 =,L10H3,-0.00010900851339101791,0.66534423828125
discovery,10,control,1 + 9 =,L10H4,-0.001539548859000206,0.66534423828125
discovery,10,control,1 + 9 =,L10H5,0.005832177586853504,0.66534423828125
discovery,10,control,1 + 9 =,L10H6,-0.0008628112263977528,0.66534423828125
discovery,10,control,1 + 9 =,L10H7,0.08762165158987045,0.66534423828125
discovery,10,control,1 + 9 =,L10H8,-0.002993682399392128,0.66534423828125
discovery,10,control,1 + 9 =,L10H9,0.01762448623776436,0.66534423828125
discovery,10,control,1 + 9 =,L10H10,-0.007848099805414677,0.66534423828125
discovery,10,control,1 + 9 =,L10H11,-0.004507910460233688,0.66534423828125
discovery,10,control,1 + 9 =,L11H0,-0.0307514239102602,0.66534423828125
discovery,10,control,1 + 9 =,L11H1,0.036239445209503174,0.66534423828125
discovery,10,control,1 + 9 =,L11H2,-0.022282160818576813,0.66534423828125
discovery,10,control,1 + 9 =,L11H3,-0.025795169174671173,0.66534423828125
discovery,10,control,1 + 9 =,L11H4,-0.024410944432020187,0.66534423828125
discovery,10,control,1 + 9 =,L11H5,-0.010582219809293747,0.66534423828125
discovery,10,control,1 + 9 =,L11H6,0.004016554448753595,0.66534423828125
discovery,10,control,1 + 9 =,L11H7,-0.013232413679361343,0.66534423828125
discovery,10,control,1 + 9 =,L11H8,0.0537664033472538,0.66534423828125
discovery,10,control,1 + 9 =,L11H9,0.013607940636575222,0.66534423828125
discovery,10,control,1 + 9 =,L11H10,0.00994916446506977,0.66534423828125
discovery,10,control,1 + 9 =,L11H11,-0.018762093037366867,0.66534423828125
discovery,10,control,1 + 9 =,0_mlp_out,0.013569239526987076,0.66534423828125
discovery,10,control,1 + 9 =,1_mlp_out,-0.02304399199783802,0.66534423828125
discovery,10,control,1 + 9 =,2_mlp_out,-0.015266720205545425,0.66534423828125
discovery,10,control,1 + 9 =,3_mlp_out,-0.022462598979473114,0.66534423828125
discovery,10,control,1 + 9 =,4_mlp_out,-0.04684850573539734,0.66534423828125
discovery,10,control,1 + 9 =,5_mlp_out,-0.023667939007282257,0.66534423828125
discovery,10,control,1 + 9 =,6_mlp_out,-0.06654901802539825,0.66534423828125
discovery,10,control,1 + 9 =,7_mlp_out,0.11209862679243088,0.66534423828125
discovery,10,control,1 + 9 =,8_mlp_out,-0.03737519681453705,0.66534423828125
discovery,10,control,1 + 9 =,9_mlp_out,0.05333336815237999,0.66534423828125
discovery,10,control,1 + 9 =,10_mlp_out,-0.1481153517961502,0.66534423828125
discovery,10,control,1 + 9 =,11_mlp_out,-0.01304209977388382,0.66534423828125
discovery,10,control,1 + 9 =,embed,-0.003955301828682423,0.66534423828125
discovery,10,control,1 + 9 =,pos_embed,0.007900964468717575,0.66534423828125
discovery,10,control,1 + 9 =,bias,-0.02054150402545929,0.66534423828125
discovery,10,control,2 + 8 =,L0H0,-0.0010403729975223541,0.66534423828125
discovery,10,control,2 + 8 =,L0H1,0.004385144915431738,0.66534423828125
discovery,10,control,2 + 8 =,L0H2,-0.026082109659910202,0.66534423828125
discovery,10,control,2 + 8 =,L0H3,-0.010607011616230011,0.66534423828125
discovery,10,control,2 + 8 =,L0H4,0.0011264197528362274,0.66534423828125
discovery,10,control,2 + 8 =,L0H5,0.003018332179635763,0.66534423828125
discovery,10,control,2 + 8 =,L0H6,0.0904526486992836,0.66534423828125
discovery,10,control,2 + 8 =,L0H7,0.008867844939231873,0.66534423828125
discovery,10,control,2 + 8 =,L0H8,-0.047374919056892395,0.66534423828125
discovery,10,control,2 + 8 =,L0H9,-0.03716500848531723,0.66534423828125
discovery,10,control,2 + 8 =,L0H10,0.012105125933885574,0.66534423828125
discovery,10,control,2 + 8 =,L0H11,0.001956633059307933,0.66534423828125
discovery,10,control,2 + 8 =,L1H0,0.0005919276736676693,0.66534423828125
discovery,10,control,2 + 8 =,L1H1,-0.012802623212337494,0.66534423828125
discovery,10,control,2 + 8 =,L1H2,-0.0028657519724220037,0.66534423828125
discovery,10,control,2 + 8 =,L1H3,-0.011054487898945808,0.66534423828125
discovery,10,control,2 + 8 =,L1H4,0.009039925411343575,0.66534423828125
discovery,10,control,2 + 8 =,L1H5,0.021236933767795563,0.66534423828125
discovery,10,control,2 + 8 =,L1H6,-0.004741453565657139,0.66534423828125
discovery,10,control,2 + 8 =,L1H7,0.019080255180597305,0.66534423828125
discovery,10,control,2 + 8 =,L1H8,-0.017856035381555557,0.66534423828125
discovery,10,control,2 + 8 =,L1H9,0.01338200643658638,0.66534423828125
discovery,10,control,2 + 8 =,L1H10,0.01778392679989338,0.66534423828125
discovery,10,control,2 + 8 =,L1H11,-0.01562529429793358,0.66534423828125
discovery,10,control,2 + 8 =,L2H0,-0.005907840561121702,0.66534423828125
discovery,10,control,2 + 8 =,L2H1,-8.877133950591087e-05,0.66534423828125
discovery,10,control,2 + 8 =,L2H2,-0.004007506184279919,0.66534423828125
discovery,10,control,2 + 8 =,L2H3,0.008536629378795624,0.66534423828125
discovery,10,control,2 + 8 =,L2H4,-0.0021345403511077166,0.66534423828125
discovery,10,control,2 + 8 =,L2H5,-0.004692945629358292,0.66534423828125
discovery,10,control,2 + 8 =,L2H6,-0.009973876178264618,0.66534423828125
discovery,10,control,2 + 8 =,L2H7,-0.001866297796368599,0.66534423828125
discovery,10,control,2 + 8 =,L2H8,-0.0008432716131210327,0.66534423828125
discovery,10,control,2 + 8 =,L2H9,0.00878975074738264,0.66534423828125
discovery,10,control,2 + 8 =,L2H10,0.008603308349847794,0.66534423828125
discovery,10,control,2 + 8 =,L2H11,0.017725424841046333,0.66534423828125
discovery,10,control,2 + 8 =,L3H0,-0.019625158980488777,0.66534423828125
discovery,10,control,2 + 8 =,L3H1,-0.011912538670003414,0.66534423828125
discovery,10,control,2 + 8 =,L3H2,0.0032501202076673508,0.66534423828125
discovery,10,control,2 + 8 =,L3H3,-0.00186055526137352,0.66534423828125
discovery,10,control,2 + 8 =,L3H4,0.007468576077371836,0.66534423828125
discovery,10,control,2 + 8 =,L3H5,0.0017039785161614418,0.66534423828125
discovery,10,control,2 + 8 =,L3H6,-0.009769510477781296,0.66534423828125
discovery,10,control,2 + 8 =,L3H7,0.014918867498636246,0.66534423828125
discovery,10,control,2 + 8 =,L3H8,-0.004691651090979576,0.66534423828125
discovery,10,control,2 + 8 =,L3H9,-0.00963242631405592,0.66534423828125
discovery,10,control,2 + 8 =,L3H10,0.011514636687934399,0.66534423828125
discovery,10,control,2 + 8 =,L3H11,-0.011171787045896053,0.66534423828125
discovery,10,control,2 + 8 =,L4H0,-0.0009090793319046497,0.66534423828125
discovery,10,control,2 + 8 =,L4H1,-0.003709311131387949,0.66534423828125
discovery,10,control,2 + 8 =,L4H2,-0.002360699698328972,0.66534423828125
discovery,10,control,2 + 8 =,L4H3,-0.008964783512055874,0.66534423828125
discovery,10,control,2 + 8 =,L4H4,-0.0019375106785446405,0.66534423828125
discovery,10,control,2 + 8 =,L4H5,-0.0010905559174716473,0.66534423828125
discovery,10,control,2 + 8 =,L4H6,0.007164627779275179,0.66534423828125
discovery,10,control,2 + 8 =,L4H7,0.02685595117509365,0.66534423828125
discovery,10,control,2 + 8 =,L4H8,0.01048235222697258,0.66534423828125
discovery,10,control,2 + 8 =,L4H9,-0.006730843335390091,0.66534423828125
discovery,10,control,2 + 8 =,L4H10,-0.0011412955354899168,0.66534423828125
discovery,10,control,2 + 8 =,L4H11,0.006527610123157501,0.66534423828125
discovery,10,control,2 + 8 =,L5H0,-0.003138311905786395,0.66534423828125
discovery,10,control,2 + 8 =,L5H1,-0.031202778220176697,0.66534423828125
discovery,10,control,2 + 8 =,L5H2,0.030817829072475433,0.66534423828125
discovery,10,control,2 + 8 =,L5H3,-0.030026918277144432,0.66534423828125
discovery,10,control,2 + 8 =,L5H4,0.00785136315971613,0.66534423828125
discovery,10,control,2 + 8 =,L5H5,-0.02277311682701111,0.66534423828125
discovery,10,control,2 + 8 =,L5H6,0.0005049083847552538,0.66534423828125
discovery,10,control,2 + 8 =,L5H7,0.011689647100865841,0.66534423828125
discovery,10,control,2 + 8 =,L5H8,-0.023981846868991852,0.66534423828125
discovery,10,control,2 + 8 =,L5H9,0.08178101480007172,0.66534423828125
discovery,10,control,2 + 8 =,L5H10,-0.01922350563108921,0.66534423828125
discovery,10,control,2 + 8 =,L5H11,-0.003073330270126462,0.66534423828125
discovery,10,control,2 + 8 =,L6H0,-0.004085531458258629,0.66534423828125
discovery,10,control,2 + 8 =,L6H1,-0.01580769009888172,0.66534423828125
discovery,10,control,2 + 8 =,L6H2,-0.000715647591277957,0.66534423828125
discovery,10,control,2 + 8 =,L6H3,0.007609148509800434,0.66534423828125
discovery,10,control,2 + 8 =,L6H4,0.0021934756077826023,0.66534423828125
discovery,10,control,2 + 8 =,L6H5,-0.022901542484760284,0.66534423828125
discovery,10,control,2 + 8 =,L6H6,0.014443215914070606,0.66534423828125
discovery,10,control,2 + 8 =,L6H7,0.009525180794298649,0.66534423828125
discovery,10,control,2 + 8 =,L6H8,-0.02443666383624077,0.66534423828125
discovery,10,control,2 + 8 =,L6H9,0.013022624887526035,0.66534423828125
discovery,10,control,2 + 8 =,L6H10,-0.0019517200998961926,0.66534423828125
discovery,10,control,2 + 8 =,L6H11,-0.008516627363860607,0.66534423828125
discovery,10,control,2 + 8 =,L7H0,-0.005317763891071081,0.66534423828125
discovery,10,control,2 + 8 =,L7H1,-0.011380672454833984,0.66534423828125
discovery,10,control,2 + 8 =,L7H2,-0.010601626709103584,0.66534423828125
discovery,10,control,2 + 8 =,L7H3,0.012234093621373177,0.66534423828125
discovery,10,control,2 + 8 =,L7H4,-0.016531823202967644,0.66534423828125
discovery,10,control,2 + 8 =,L7H5,-0.014240519143640995,0.66534423828125
discovery,10,control,2 + 8 =,L7H6,0.012300892733037472,0.66534423828125
discovery,10,control,2 + 8 =,L7H7,0.0047257100231945515,0.66534423828125
discovery,10,control,2 + 8 =,L7H8,0.0011725910007953644,0.66534423828125
discovery,10,control,2 + 8 =,L7H9,0.021074501797556877,0.66534423828125
discovery,10,control,2 + 8 =,L7H10,-0.008321963250637054,0.66534423828125
discovery,10,control,2 + 8 =,L7H11,-0.009914624504745007,0.66534423828125
discovery,10,control,2 + 8 =,L8H0,-0.009652433916926384,0.66534423828125
discovery,10,control,2 + 8 =,L8H1,0.0011058893287554383,0.66534423828125
discovery,10,control,2 + 8 =,L8H2,0.028120122849941254,0.66534423828125
discovery,10,control,2 + 8 =,L8H3,-0.023988425731658936,0.66534423828125
discovery,10,control,2 + 8 =,L8H4,-0.003960884176194668,0.66534423828125
discovery,10,control,2 + 8 =,L8H5,-0.016439009457826614,0.66534423828125
discovery,10,control,2 + 8 =,L8H6,-0.04056922346353531,0.66534423828125
discovery,10,control,2 + 8 =,L8H7,0.006297190673649311,0.66534423828125
discovery,10,control,2 + 8 =,L8H8,-0.0627298355102539,0.66534423828125
discovery,10,control,2 + 8 =,L8H9,0.0025035887956619263,0.66534423828125
discovery,10,control,2 + 8 =,L8H10,0.023172616958618164,0.66534423828125
discovery,10,control,2 + 8 =,L8H11,-0.009380035102367401,0.66534423828125
discovery,10,control,2 + 8 =,L9H0,-0.010371244512498379,0.66534423828125
discovery,10,control,2 + 8 =,L9H1,-0.029535191133618355,0.66534423828125
discovery,10,control,2 + 8 =,L9H2,-0.014115780591964722,0.66534423828125
discovery,10,control,2 + 8 =,L9H3,0.0007028346881270409,0.66534423828125
discovery,10,control,2 + 8 =,L9H4,-0.013036513701081276,0.66534423828125
discovery,10,control,2 + 8 =,L9H5,0.0037999118212610483,0.66534423828125
discovery,10,control,2 + 8 =,L9H6,-0.004593941383063793,0.66534423828125
discovery,10,control,2 + 8 =,L9H7,0.01076988410204649,0.66534423828125
discovery,10,control,2 + 8 =,L9H8,0.002077702432870865,0.66534423828125
discovery,10,control,2 + 8 =,L9H9,-0.002177638001739979,0.66534423828125
discovery,10,control,2 + 8 =,L9H10,-0.0045767780393362045,0.66534423828125
discovery,10,control,2 + 8 =,L9H11,0.003896573092788458,0.66534423828125
discovery,10,control,2 + 8 =,L10H0,-0.02552938088774681,0.66534423828125
discovery,10,control,2 + 8 =,L10H1,-0.023558663204312325,0.66534423828125
discovery,10,control,2 + 8 =,L10H2,-0.06096459925174713,0.66534423828125
discovery,10,control,2 + 8 =,L10H3,-0.00036465656012296677,0.66534423828125
discovery,10,control,2 + 8 =,L10H4,-0.0047774724662303925,0.66534423828125
discovery,10,control,2 + 8 =,L10H5,0.0037452764809131622,0.66534423828125
discovery,10,control,2 + 8 =,L10H6,-0.00040481449104845524,0.66534423828125
discovery,10,control,2 + 8 =,L10H7,0.026489634066820145,0.66534423828125
discovery,10,control,2 + 8 =,L10H8,-0.002134328940883279,0.66534423828125
discovery,10,control,2 + 8 =,L10H9,0.015363321639597416,0.66534423828125
discovery,10,control,2 + 8 =,L10H10,-0.0016210577450692654,0.66534423828125
discovery,10,control,2 + 8 =,L10H11,-0.004718051292002201,0.66534423828125
discovery,10,control,2 + 8 =,L11H0,-0.027364132925868034,0.66534423828125
discovery,10,control,2 + 8 =,L11H1,0.034847378730773926,0.66534423828125
discovery,10,control,2 + 8 =,L11H2,0.0049175540916621685,0.66534423828125
discovery,10,control,2 + 8 =,L11H3,-0.02255582995712757,0.66534423828125
discovery,10,control,2 + 8 =,L11H4,-0.024770347401499748,0.66534423828125
discovery,10,control,2 + 8 =,L11H5,-0.007578875869512558,0.66534423828125
discovery,10,control,2 + 8 =,L11H6,0.005033398047089577,0.66534423828125
discovery,10,control,2 + 8 =,L11H7,-0.014014769345521927,0.66534423828125
discovery,10,control,2 + 8 =,L11H8,0.04775513708591461,0.66534423828125
discovery,10,control,2 + 8 =,L11H9,0.01324282307177782,0.66534423828125
discovery,10,control,2 + 8 =,L11H10,0.004217536188662052,0.66534423828125
discovery,10,control,2 + 8 =,L11H11,-0.018458092585206032,0.66534423828125
discovery,10,control,2 + 8 =,0_mlp_out,0.017526770010590553,0.66534423828125
discovery,10,control,2 + 8 =,1_mlp_out,-0.02350585162639618,0.66534423828125
discovery,10,control,2 + 8 =,2_mlp_out,-0.02025633677840233,0.66534423828125
discovery,10,control,2 + 8 =,3_mlp_out,-0.022167379036545753,0.66534423828125
discovery,10,control,2 + 8 =,4_mlp_out,-0.02994018979370594,0.66534423828125
discovery,10,control,2 + 8 =,5_mlp_out,-0.017471546307206154,0.66534423828125
discovery,10,control,2 + 8 =,6_mlp_out,-0.04362577944993973,0.66534423828125
discovery,10,control,2 + 8 =,7_mlp_out,0.08486149460077286,0.66534423828125
discovery,10,control,2 + 8 =,8_mlp_out,-0.0029101669788360596,0.66534423828125
discovery,10,control,2 + 8 =,9_mlp_out,0.048039648681879044,0.66534423828125
discovery,10,control,2 + 8 =,10_mlp_out,-0.14691665768623352,0.66534423828125
discovery,10,control,2 + 8 =,11_mlp_out,0.008333005011081696,0.66534423828125
discovery,10,control,2 + 8 =,embed,-0.003811110742390156,0.66534423828125
discovery,10,control,2 + 8 =,pos_embed,0.007612935267388821,0.66534423828125
discovery,10,control,2 + 8 =,bias,-0.019792713224887848,0.66534423828125
discovery,10,control,3 + 7 =,L0H0,-0.00022613443434238434,0.66534423828125
discovery,10,control,3 + 7 =,L0H1,0.004346766974776983,0.66534423828125
discovery,10,control,3 + 7 =,L0H2,-0.027262765914201736,0.66534423828125
discovery,10,control,3 + 7 =,L0H3,-0.010172010399401188,0.66534423828125
discovery,10,control,3 + 7 =,L0H4,0.0019621606916189194,0.66534423828125
discovery,10,control,3 + 7 =,L0H5,0.0029808124527335167,0.66534423828125
discovery,10,control,3 + 7 =,L0H6,0.088972307741642,0.66534423828125
discovery,10,control,3 + 7 =,L0H7,0.007224726025015116,0.66534423828125
discovery,10,control,3 + 7 =,L0H8,-0.04614301770925522,0.66534423828125
discovery,10,control,3 + 7 =,L0H9,-0.03606204316020012,0.66534423828125
discovery,10,control,3 + 7 =,L0H10,0.01368667185306549,0.66534423828125
discovery,10,control,3 + 7 =,L0H11,0.0015763535629957914,0.66534423828125
discovery,10,control,3 + 7 =,L1H0,0.0019383577164262533,0.66534423828125
discovery,10,control,3 + 7 =,L1H1,-0.012814108282327652,0.66534423828125
discovery,10,control,3 + 7 =,L1H2,-0.002625822089612484,0.66534423828125
discovery,10,control,3 + 7 =,L1H3,-0.010609062388539314,0.66534423828125
discovery,10,control,3 + 7 =,L1H4,0.007984789088368416,0.66534423828125
discovery,10,control,3 + 7 =,L1H5,0.02240564487874508,0.66534423828125
discovery,10,control,3 + 7 =,L1H6,-0.0049777766689658165,0.66534423828125
discovery,10,control,3 + 7 =,L1H7,0.015083640813827515,0.66534423828125
discovery,10,control,3 + 7 =,L1H8,-0.017309438437223434,0.66534423828125
discovery,10,control,3 + 7 =,L1H9,0.01607172004878521,0.66534423828125
discovery,10,control,3 + 7 =,L1H10,0.017210502177476883,0.66534423828125
discovery,10,control,3 + 7 =,L1H11,-0.014907791279256344,0.66534423828125
discovery,10,control,3 + 7 =,L2H0,-0.009480705484747887,0.66534423828125
discovery,10,control,3 + 7 =,L2H1,-0.0007985616102814674,0.66534423828125
discovery,10,control,3 + 7 =,L2H2,-0.00024099182337522507,0.66534423828125
discovery,10,control,3 + 7 =,L2H3,0.006122542545199394,0.66534423828125
discovery,10,control,3 + 7 =,L2H4,-0.000675050774589181,0.66534423828125
discovery,10,control,3 + 7 =,L2H5,-0.003354291431605816,0.66534423828125
discovery,10,control,3 + 7 =,L2H6,-0.009360757656395435,0.66534423828125
discovery,10,control,3 + 7 =,L2H7,-0.002780431415885687,0.66534423828125
discovery,10,control,3 + 7 =,L2H8,-0.00022893212735652924,0.66534423828125
discovery,10,control,3 + 7 =,L2H9,0.0025733057409524918,0.66534423828125
discovery,10,control,3 + 7 =,L2H10,0.0072366478852927685,0.66534423828125
discovery,10,control,3 + 7 =,L2H11,0.01850038394331932,0.66534423828125
discovery,10,control,3 + 7 =,L3H0,-0.020379425957798958,0.66534423828125
discovery,10,control,3 + 7 =,L3H1,-0.011261960491538048,0.66534423828125
discovery,10,control,3 + 7 =,L3H2,0.004764820449054241,0.66534423828125
discovery,10,control,3 + 7 =,L3H3,0.0024671852588653564,0.66534423828125
discovery,10,control,3 + 7 =,L3H4,0.007164231967180967,0.66534423828125
discovery,10,control,3 + 7 =,L3H5,-0.000845024362206459,0.66534423828125
discovery,10,control,3 + 7 =,L3H6,-0.011813703924417496,0.66534423828125
discovery,10,control,3 + 7 =,L3H7,0.009197760373353958,0.66534423828125
discovery,10,control,3 + 7 =,L3H8,-0.002932819537818432,0.66534423828125
discovery,10,control,3 + 7 =,L3H9,-0.00889572687447071,0.66534423828125
discovery,10,control,3 + 7 =,L3H10,0.009510740637779236,0.66534423828125
discovery,10,control,3 + 7 =,L3H11,-0.011519961059093475,0.66534423828125
discovery,10,control,3 + 7 =,L4H0,-0.001549618085846305,0.66534423828125
discovery,10,control,3 + 7 =,L4H1,-0.004028677474707365,0.66534423828125
discovery,10,control,3 + 7 =,L4H2,-0.0018726489506661892,0.66534423828125
discovery,10,control,3 + 7 =,L4H3,-0.014199785888195038,0.66534423828125
discovery,10,control,3 + 7 =,L4H4,-0.003250309033319354,0.66534423828125
discovery,10,control,3 + 7 =,L4H5,-0.0025152377784252167,0.66534423828125
discovery,10,control,3 + 7 =,L4H6,0.008189915679395199,0.66534423828125
discovery,10,control,3 + 7 =,L4H7,0.022856025025248528,0.66534423828125
discovery,10,control,3 + 7 =,L4H8,0.004237426444888115,0.66534423828125
discovery,10,control,3 + 7 =,L4H9,-0.00815832894295454,0.66534423828125
discovery,10,control,3 + 7 =,L4H10,-0.0038604442961513996,0.66534423828125
discovery,10,control,3 + 7 =,L4H11,0.00015474297106266022,0.66534423828125
discovery,10,control,3 + 7 =,L5H0,-0.00375623581930995,0.66534423828125
discovery,10,control,3 + 7 =,L5H1,-0.03069111704826355,0.66534423828125
discovery,10,control,3 + 7 =,L5H2,0.02744412049651146,0.66534423828125
discovery,10,control,3 + 7 =,L5H3,-0.028345493599772453,0.66534423828125
discovery,10,control,3 + 7 =,L5H4,0.004650903865695,0.66534423828125
discovery,10,control,3 + 7 =,L5H5,-0.022700149565935135,0.66534423828125
discovery,10,control,3 + 7 =,L5H6,0.0007996034109964967,0.66534423828125
discovery,10,control,3 + 7 =,L5H7,0.01193402148783207,0.66534423828125
discovery,10,control,3 + 7 =,L5H8,-0.009307167492806911,0.66534423828125
discovery,10,control,3 + 7 =,L5H9,0.08129878342151642,0.66534423828125
discovery,10,control,3 + 7 =,L5H10,-0.02628651075065136,0.66534423828125
discovery,10,control,3 + 7 =,L5H11,-0.002077622339129448,0.66534423828125
discovery,10,control,3 + 7 =,L6H0,-0.0074093397706747055,0.66534423828125
discovery,10,control,3 + 7 =,L6H1,0.0006870205979794264,0.66534423828125
discovery,10,control,3 + 7 =,L6H2,-0.001052794512361288,0.66534423828125
discovery,10,control,3 + 7 =,L6H3,0.0028852655086666346,0.66534423828125
discovery,10,control,3 + 7 =,L6H4,0.0016356348060071468,0.66534423828125
discovery,10,control,3 + 7 =,L6H5,-0.027786260470747948,0.66534423828125
discovery,10,control,3 + 7 =,L6H6,0.016454430297017097,0.66534423828125
discovery,10,control,3 + 7 =,L6H7,0.007341298274695873,0.66534423828125
discovery,10,control,3 + 7 =,L6H8,-0.02658100798726082,0.66534423828125
discovery,10,control,3 + 7 =,L6H9,0.008919295854866505,0.66534423828125
discovery,10,control,3 + 7 =,L6H10,-0.0025510527193546295,0.66534423828125
discovery,10,control,3 + 7 =,L6H11,-0.007818300276994705,0.66534423828125
discovery,10,control,3 + 7 =,L7H0,-0.012231466360390186,0.66534423828125
discovery,10,control,3 + 7 =,L7H1,-0.011476214975118637,0.66534423828125
discovery,10,control,3 + 7 =,L7H2,-0.010411183349788189,0.66534423828125
discovery,10,control,3 + 7 =,L7H3,0.01098274439573288,0.66534423828125
discovery,10,control,3 + 7 =,L7H4,-0.012561790645122528,0.66534423828125
discovery,10,control,3 + 7 =,L7H5,-0.025285795331001282,0.66534423828125
discovery,10,control,3 + 7 =,L7H6,0.012788614258170128,0.66534423828125
discovery,10,control,3 + 7 =,L7H7,0.0041971332393586636,0.66534423828125
discovery,10,control,3 + 7 =,L7H8,0.007084615528583527,0.66534423828125
discovery,10,control,3 + 7 =,L7H9,0.02119205705821514,0.66534423828125
discovery,10,control,3 + 7 =,L7H10,-0.010793781839311123,0.66534423828125
discovery,10,control,3 + 7 =,L7H11,-0.014697372913360596,0.66534423828125
discovery,10,control,3 + 7 =,L8H0,-0.008452820591628551,0.66534423828125
discovery,10,control,3 + 7 =,L8H1,2.0720413886010647e-05,0.66534423828125
discovery,10,control,3 + 7 =,L8H2,0.028399091213941574,0.66534423828125
discovery,10,control,3 + 7 =,L8H3,-0.02252427488565445,0.66534423828125
discovery,10,control,3 + 7 =,L8H4,-0.005037097726017237,0.66534423828125
discovery,10,control,3 + 7 =,L8H5,-0.019517850130796432,0.66534423828125
discovery,10,control,3 + 7 =,L8H6,-0.038558099418878555,0.66534423828125
discovery,10,control,3 + 7 =,L8H7,0.008376948535442352,0.66534423828125
discovery,10,control,3 + 7 =,L8H8,-0.046695780009031296,0.66534423828125
discovery,10,control,3 + 7 =,L8H9,0.0018413057550787926,0.66534423828125
discovery,10,control,3 + 7 =,L8H10,0.019554151222109795,0.66534423828125
discovery,10,control,3 + 7 =,L8H11,-0.027865983545780182,0.66534423828125
discovery,10,control,3 + 7 =,L9H0,-0.008790859021246433,0.66534423828125
discovery,10,control,3 + 7 =,L9H1,-0.01989605650305748,0.66534423828125
discovery,10,control,3 + 7 =,L9H2,-0.014942005276679993,0.66534423828125
discovery,10,control,3 + 7 =,L9H3,0.0004007946699857712,0.66534423828125
discovery,10,control,3 + 7 =,L9H4,-0.010452200658619404,0.66534423828125
discovery,10,control,3 + 7 =,L9H5,0.004510264843702316,0.66534423828125
discovery,10,control,3 + 7 =,L9H6,-0.004907292313873768,0.66534423828125
discovery,10,control,3 + 7 =,L9H7,0.0136196818202734,0.66534423828125
discovery,10,control,3 + 7 =,L9H8,0.0019390345551073551,0.66534423828125
discovery,10,control,3 + 7 =,L9H9,-0.046594858169555664,0.66534423828125
discovery,10,control,3 + 7 =,L9H10,-0.004927292466163635,0.66534423828125
discovery,10,control,3 + 7 =,L9H11,0.003967468626797199,0.66534423828125
discovery,10,control,3 + 7 =,L10H0,-0.021986275911331177,0.66534423828125
discovery,10,control,3 + 7 =,L10H1,-0.04036865010857582,0.66534423828125
discovery,10,control,3 + 7 =,L10H2,-0.07035771012306213,0.66534423828125
discovery,10,control,3 + 7 =,L10H3,-0.0003716032952070236,0.66534423828125
discovery,10,control,3 + 7 =,L10H4,-0.001138925552368164,0.66534423828125
discovery,10,control,3 + 7 =,L10H5,0.0032330136746168137,0.66534423828125
discovery,10,control,3 + 7 =,L10H6,-0.0023523394484072924,0.66534423828125
discovery,10,control,3 + 7 =,L10H7,0.05952490121126175,0.66534423828125
discovery,10,control,3 + 7 =,L10H8,-0.002664928324520588,0.66534423828125
discovery,10,control,3 + 7 =,L10H9,0.014003453776240349,0.66534423828125
discovery,10,control,3 + 7 =,L10H10,-0.0026171524077653885,0.66534423828125
discovery,10,control,3 + 7 =,L10H11,-0.004955016076564789,0.66534423828125
discovery,10,control,3 + 7 =,L11H0,-0.02769819274544716,0.66534423828125
discovery,10,control,3 + 7 =,L11H1,0.03455526381731033,0.66534423828125
discovery,10,control,3 + 7 =,L11H2,0.0035840431228280067,0.66534423828125
discovery,10,control,3 + 7 =,L11H3,-0.024771159514784813,0.66534423828125
discovery,10,control,3 + 7 =,L11H4,-0.036464132368564606,0.66534423828125
discovery,10,control,3 + 7 =,L11H5,-0.00934754777699709,0.66534423828125
discovery,10,control,3 + 7 =,L11H6,0.005391712300479412,0.66534423828125
discovery,10,control,3 + 7 =,L11H7,-0.014243710786104202,0.66534423828125
discovery,10,control,3 + 7 =,L11H8,0.03262616693973541,0.66534423828125
discovery,10,control,3 + 7 =,L11H9,0.00968180038034916,0.66534423828125
discovery,10,control,3 + 7 =,L11H10,0.004707996267825365,0.66534423828125
discovery,10,control,3 + 7 =,L11H11,-0.018110739067196846,0.66534423828125
discovery,10,control,3 + 7 =,0_mlp_out,0.007831348106265068,0.66534423828125
discovery,10,control,3 + 7 =,1_mlp_out,-0.023807374760508537,0.66534423828125
discovery,10,control,3 + 7 =,2_mlp_out,-0.01992042548954487,0.66534423828125
discovery,10,control,3 + 7 =,3_mlp_out,-0.0184628963470459,0.66534423828125
discovery,10,control,3 + 7 =,4_mlp_out,-0.053005803376436234,0.66534423828125
discovery,10,control,3 + 7 =,5_mlp_out,0.0011252108961343765,0.66534423828125
discovery,10,control,3 + 7 =,6_mlp_out,-0.04066023230552673,0.66534423828125
discovery,10,control,3 + 7 =,7_mlp_out,0.09847133606672287,0.66534423828125
discovery,10,control,3 + 7 =,8_mlp_out,-0.03231425583362579,0.66534423828125
discovery,10,control,3 + 7 =,9_mlp_out,0.05812796205282211,0.66534423828125
discovery,10,control,3 + 7 =,10_mlp_out,-0.16859126091003418,0.66534423828125
discovery,10,control,3 + 7 =,11_mlp_out,0.027375217527151108,0.66534423828125
discovery,10,control,3 + 7 =,embed,-0.003750714473426342,0.66534423828125
discovery,10,control,3 + 7 =,pos_embed,0.007492296397686005,0.66534423828125
discovery,10,control,3 + 7 =,bias,-0.01947905123233795,0.66534423828125
discovery,10,control,4 + 6 =,L0H0,-0.0005534756928682327,0.66534423828125
discovery,10,control,4 + 6 =,L0H1,0.00474432623013854,0.66534423828125
discovery,10,control,4 + 6 =,L0H2,-0.02908588945865631,0.66534423828125
discovery,10,control,4 + 6 =,L0H3,-0.011223110370337963,0.66534423828125
discovery,10,control,4 + 6 =,L0H4,0.0021609338000416756,0.66534423828125
discovery,10,control,4 + 6 =,L0H5,0.003235845360904932,0.66534423828125
discovery,10,control,4 + 6 =,L0H6,0.09694259613752365,0.66534423828125
discovery,10,control,4 + 6 =,L0H7,0.011140711605548859,0.66534423828125
discovery,10,control,4 + 6 =,L0H8,-0.05066299065947533,0.66534423828125
discovery,10,control,4 + 6 =,L0H9,-0.038376856595277786,0.66534423828125
discovery,10,control,4 + 6 =,L0H10,0.01472628116607666,0.66534423828125
discovery,10,control,4 + 6 =,L0H11,0.0009272645693272352,0.66534423828125
discovery,10,control,4 + 6 =,L1H0,0.003481314517557621,0.66534423828125
discovery,10,control,4 + 6 =,L1H1,-0.013945642858743668,0.66534423828125
discovery,10,control,4 + 6 =,L1H2,-0.0027534463442862034,0.66534423828125
discovery,10,control,4 + 6 =,L1H3,-0.010936195030808449,0.66534423828125
discovery,10,control,4 + 6 =,L1H4,0.008913528174161911,0.66534423828125
discovery,10,control,4 + 6 =,L1H5,0.02449182979762554,0.66534423828125
discovery,10,control,4 + 6 =,L1H6,-0.005952415056526661,0.66534423828125
discovery,10,control,4 + 6 =,L1H7,0.0145567012950778,0.66534423828125
discovery,10,control,4 + 6 =,L1H8,-0.018636800348758698,0.66534423828125
discovery,10,control,4 + 6 =,L1H9,0.015123961493372917,0.66534423828125
discovery,10,control,4 + 6 =,L1H10,0.019309774041175842,0.66534423828125
discovery,10,control,4 + 6 =,L1H11,-0.01672372780740261,0.66534423828125
discovery,10,control,4 + 6 =,L2H0,-0.008993199095129967,0.66534423828125
discovery,10,control,4 + 6 =,L2H1,-0.000635902164503932,0.66534423828125
discovery,10,control,4 + 6 =,L2H2,0.00826010201126337,0.66534423828125
discovery,10,control,4 + 6 =,L2H3,0.008981499820947647,0.66534423828125
discovery,10,control,4 + 6 =,L2H4,-0.0008339313790202141,0.66534423828125
discovery,10,control,4 + 6 =,L2H5,-0.0045429738238453865,0.66534423828125
discovery,10,control,4 + 6 =,L2H6,-0.008981045335531235,0.66534423828125
discovery,10,control,4 + 6 =,L2H7,-0.003141706809401512,0.66534423828125
discovery,10,control,4 + 6 =,L2H8,-0.0003642551600933075,0.66534423828125
discovery,10,control,4 + 6 =,L2H9,0.00881762895733118,0.66534423828125
discovery,10,control,4 + 6 =,L2H10,0.008757233619689941,0.66534423828125
discovery,10,control,4 + 6 =,L2H11,0.019469592720270157,0.66534423828125
discovery,10,control,4 + 6 =,L3H0,-0.02287846803665161,0.66534423828125
discovery,10,control,4 + 6 =,L3H1,-0.01232655718922615,0.66534423828125
discovery,10,control,4 + 6 =,L3H2,0.0033244602382183075,0.66534423828125
discovery,10,control,4 + 6 =,L3H3,0.0007449481636285782,0.66534423828125
discovery,10,control,4 + 6 =,L3H4,0.008838837966322899,0.66534423828125
discovery,10,control,4 + 6 =,L3H5,-0.0003642924129962921,0.66534423828125
discovery,10,control,4 + 6 =,L3H6,-0.013471158221364021,0.66534423828125
discovery,10,control,4 + 6 =,L3H7,0.016985753551125526,0.66534423828125
discovery,10,control,4 + 6 =,L3H8,-0.005347227677702904,0.66534423828125
discovery,10,control,4 + 6 =,L3H9,-0.004154420457780361,0.66534423828125
discovery,10,control,4 + 6 =,L3H10,0.009924415498971939,0.66534423828125
discovery,10,control,4 + 6 =,L3H11,-0.012429359368979931,0.66534423828125
discovery,10,control,4 + 6 =,L4H0,0.00027368764858692884,0.66534423828125
discovery,10,control,4 + 6 =,L4H1,-0.00588378868997097,0.66534423828125
discovery,10,control,4 + 6 =,L4H2,-0.0034441521856933832,0.66534423828125
discovery,10,control,4 + 6 =,L4H3,-0.013073713518679142,0.66534423828125
discovery,10,control,4 + 6 =,L4H4,-0.004761062562465668,0.66534423828125
discovery,10,control,4 + 6 =,L4H5,-0.0023279376327991486,0.66534423828125
discovery,10,control,4 + 6 =,L4H6,0.005391571670770645,0.66534423828125
discovery,10,control,4 + 6 =,L4H7,0.02005589008331299,0.66534423828125
discovery,10,control,4 + 6 =,L4H8,0.00696894247084856,0.66534423828125
discovery,10,control,4 + 6 =,L4H9,-0.007983587682247162,0.66534423828125
discovery,10,control,4 + 6 =,L4H10,-0.003611278720200062,0.66534423828125
discovery,10,control,4 + 6 =,L4H11,0.009426500648260117,0.66534423828125
discovery,10,control,4 + 6 =,L5H0,-0.004817637614905834,0.66534423828125
discovery,10,control,4 + 6 =,L5H1,-0.033396463841199875,0.66534423828125
discovery,10,control,4 + 6 =,L5H2,0.029244314879179,0.66534423828125
discovery,10,control,4 + 6 =,L5H3,-0.02934349700808525,0.66534423828125
discovery,10,control,4 + 6 =,L5H4,0.0025488464161753654,0.66534423828125
discovery,10,control,4 + 6 =,L5H5,-0.02500387839972973,0.66534423828125
discovery,10,control,4 + 6 =,L5H6,0.0029605759773403406,0.66534423828125
discovery,10,control,4 + 6 =,L5H7,0.012315457686781883,0.66534423828125
discovery,10,control,4 + 6 =,L5H8,-0.031095324084162712,0.66534423828125
discovery,10,control,4 + 6 =,L5H9,0.09289415180683136,0.66534423828125
discovery,10,control,4 + 6 =,L5H10,-0.02985961362719536,0.66534423828125
discovery,10,control,4 + 6 =,L5H11,-0.0013615479692816734,0.66534423828125
discovery,10,control,4 + 6 =,L6H0,-0.010090657509863377,0.66534423828125
discovery,10,control,4 + 6 =,L6H1,-0.013613374903798103,0.66534423828125
discovery,10,control,4 + 6 =,L6H2,-0.00019500195048749447,0.66534423828125
discovery,10,control,4 + 6 =,L6H3,0.0032214459497481585,0.66534423828125
discovery,10,control,4 + 6 =,L6H4,-0.0018623154610395432,0.66534423828125
discovery,10,control,4 + 6 =,L6H5,-0.027407951653003693,0.66534423828125
discovery,10,control,4 + 6 =,L6H6,0.015300758183002472,0.66534423828125
discovery,10,control,4 + 6 =,L6H7,0.015718095004558563,0.66534423828125
discovery,10,control,4 + 6 =,L6H8,-0.03657704219222069,0.66534423828125
discovery,10,control,4 + 6 =,L6H9,0.009149506688117981,0.66534423828125
discovery,10,control,4 + 6 =,L6H10,-0.002871729899197817,0.66534423828125
discovery,10,control,4 + 6 =,L6H11,-0.005738460924476385,0.66534423828125
discovery,10,control,4 + 6 =,L7H0,-0.014043666422367096,0.66534423828125
discovery,10,control,4 + 6 =,L7H1,-0.0125241968780756,0.66534423828125
discovery,10,control,4 + 6 =,L7H2,-0.011165383271872997,0.66534423828125
discovery,10,control,4 + 6 =,L7H3,0.011647477746009827,0.66534423828125
discovery,10,control,4 + 6 =,L7H4,-0.009178307838737965,0.66534423828125
discovery,10,control,4 + 6 =,L7H5,-0.027169011533260345,0.66534423828125
discovery,10,control,4 + 6 =,L7H6,0.015027936547994614,0.66534423828125
discovery,10,control,4 + 6 =,L7H7,0.004487114492803812,0.66534423828125
discovery,10,control,4 + 6 =,L7H8,0.005861089564859867,0.66534423828125
discovery,10,control,4 + 6 =,L7H9,0.02356567233800888,0.66534423828125
discovery,10,control,4 + 6 =,L7H10,-0.00993404071778059,0.66534423828125
discovery,10,control,4 + 6 =,L7H11,-0.01428407896310091,0.66534423828125
discovery,10,control,4 + 6 =,L8H0,-0.010577976703643799,0.66534423828125
discovery,10,control,4 + 6 =,L8H1,0.00029884977266192436,0.66534423828125
discovery,10,control,4 + 6 =,L8H2,0.0322742760181427,0.66534423828125
discovery,10,control,4 + 6 =,L8H3,-0.026782050728797913,0.66534423828125
discovery,10,control,4 + 6 =,L8H4,-0.005329080857336521,0.66534423828125
discovery,10,control,4 + 6 =,L8H5,-0.01778685301542282,0.66534423828125
discovery,10,control,4 + 6 =,L8H6,-0.04741297662258148,0.66534423828125
discovery,10,control,4 + 6 =,L8H7,0.010123344138264656,0.66534423828125
discovery,10,control,4 + 6 =,L8H8,-0.07429361343383789,0.66534423828125
discovery,10,control,4 + 6 =,L8H9,0.004091187380254269,0.66534423828125
discovery,10,control,4 + 6 =,L8H10,0.029672589153051376,0.66534423828125
discovery,10,control,4 + 6 =,L8H11,-0.025849750265479088,0.66534423828125
discovery,10,control,4 + 6 =,L9H0,-0.008211931213736534,0.66534423828125
discovery,10,control,4 + 6 =,L9H1,-0.02186327986419201,0.66534423828125
discovery,10,control,4 + 6 =,L9H2,-0.014016276225447655,0.66534423828125
discovery,10,control,4 + 6 =,L9H3,-0.0022062482312321663,0.66534423828125
discovery,10,control,4 + 6 =,L9H4,-0.0110850865021348,0.66534423828125
discovery,10,control,4 + 6 =,L9H5,0.0055366684682667255,0.66534423828125
discovery,10,control,4 + 6 =,L9H6,-0.0008062506094574928,0.66534423828125
discovery,10,control,4 + 6 =,L9H7,0.010712221264839172,0.66534423828125
discovery,10,control,4 + 6 =,L9H8,0.0027539455331861973,0.66534423828125
discovery,10,control,4 + 6 =,L9H9,-0.026411185041069984,0.66534423828125
discovery,10,control,4 + 6 =,L9H10,-0.005144963040947914,0.66534423828125
discovery,10,control,4 + 6 =,L9H11,0.0038295630365610123,0.66534423828125
discovery,10,control,4 + 6 =,L10H0,-0.017117589712142944,0.66534423828125
discovery,10,control,4 + 6 =,L10H1,-0.03763721510767937,0.66534423828125
discovery,10,control,4 + 6 =,L10H2,-0.05202183499932289,0.66534423828125
discovery,10,control,4 + 6 =,L10H3,0.0007673865184187889,0.66534423828125
discovery,10,control,4 + 6 =,L10H4,-0.00669066421687603,0.66534423828125
discovery,10,control,4 + 6 =,L10H5,0.005514552816748619,0.66534423828125
discovery,10,control,4 + 6 =,L10H6,-0.003147462848573923,0.66534423828125
discovery,10,control,4 + 6 =,L10H7,0.04528164863586426,0.66534423828125
discovery,10,control,4 + 6 =,L10H8,-0.0036810049787163734,0.66534423828125
discovery,10,control,4 + 6 =,L10H9,0.016242990270256996,0.66534423828125
discovery,10,control,4 + 6 =,L10H10,-0.0031559569761157036,0.66534423828125
discovery,10,control,4 + 6 =,L10H11,-0.005888441577553749,0.66534423828125
discovery,10,control,4 + 6 =,L11H0,-0.03329765051603317,0.66534423828125
discovery,10,control,4 + 6 =,L11H1,0.03631484881043434,0.66534423828125
discovery,10,control,4 + 6 =,L11H2,0.0030746636912226677,0.66534423828125
discovery,10,control,4 + 6 =,L11H3,-0.021611200645565987,0.66534423828125
discovery,10,control,4 + 6 =,L11H4,-0.043518900871276855,0.66534423828125
discovery,10,control,4 + 6 =,L11H5,-0.009999623522162437,0.66534423828125
discovery,10,control,4 + 6 =,L11H6,0.005674634128808975,0.66534423828125
discovery,10,control,4 + 6 =,L11H7,-0.012922970578074455,0.66534423828125
discovery,10,control,4 + 6 =,L11H8,0.0421675406396389,0.66534423828125
discovery,10,control,4 + 6 =,L11H9,0.011234392412006855,0.66534423828125
discovery,10,control,4 + 6 =,L11H10,0.008768497034907341,0.66534423828125
discovery,10,control,4 + 6 =,L11H11,-0.01987459883093834,0.66534423828125
discovery,10,control,4 + 6 =,0_mlp_out,0.017153985798358917,0.66534423828125
discovery,10,control,4 + 6 =,1_mlp_out,-0.025438599288463593,0.66534423828125
discovery,10,control,4 + 6 =,2_mlp_out,-0.03639405965805054,0.66534423828125
discovery,10,control,4 + 6 =,3_mlp_out,-0.019490471109747887,0.66534423828125
discovery,10,control,4 + 6 =,4_mlp_out,-0.05271696671843529,0.66534423828125
discovery,10,control,4 + 6 =,5_mlp_out,-0.004987142980098724,0.66534423828125
discovery,10,control,4 + 6 =,6_mlp_out,-0.06342294812202454,0.66534423828125
discovery,10,control,4 + 6 =,7_mlp_out,0.08944564312696457,0.66534423828125
discovery,10,control,4 + 6 =,8_mlp_out,-0.02682061493396759,0.66534423828125
discovery,10,control,4 + 6 =,9_mlp_out,0.09649447351694107,0.66534423828125
discovery,10,control,4 + 6 =,10_mlp_out,-0.15686005353927612,0.66534423828125
discovery,10,control,4 + 6 =,11_mlp_out,0.028865225613117218,0.66534423828125
discovery,10,control,4 + 6 =,embed,-0.0040816497057676315,0.66534423828125
discovery,10,control,4 + 6 =,pos_embed,0.008153356611728668,0.66534423828125
discovery,10,control,4 + 6 =,bias,-0.02119770646095276,0.66534423828125
discovery,10,control,6 + 4 =,L0H0,-0.00019375141710042953,0.66534423828125
discovery,10,control,6 + 4 =,L0H1,0.004590441007167101,0.66534423828125
discovery,10,control,6 + 4 =,L0H2,-0.02895614318549633,0.66534423828125
discovery,10,control,6 + 4 =,L0H3,-0.010818753391504288,0.66534423828125
discovery,10,control,6 + 4 =,L0H4,0.001516656018793583,0.66534423828125
discovery,10,control,6 + 4 =,L0H5,0.003136546118184924,0.66534423828125
discovery,10,control,6 + 4 =,L0H6,0.09380081295967102,0.66534423828125
discovery,10,control,6 + 4 =,L0H7,0.008870735764503479,0.66534423828125
discovery,10,control,6 + 4 =,L0H8,-0.048830751329660416,0.66534423828125
discovery,10,control,6 + 4 =,L0H9,-0.03727369010448456,0.66534423828125
discovery,10,control,6 + 4 =,L0H10,0.013450639322400093,0.66534423828125
discovery,10,control,6 + 4 =,L0H11,0.0002705357037484646,0.66534423828125
discovery,10,control,6 + 4 =,L1H0,0.0031065610237419605,0.66534423828125
discovery,10,control,6 + 4 =,L1H1,-0.013769163750112057,0.66534423828125
discovery,10,control,6 + 4 =,L1H2,-0.0030337695498019457,0.66534423828125
discovery,10,control,6 + 4 =,L1H3,-0.011203531175851822,0.66534423828125
discovery,10,control,6 + 4 =,L1H4,0.009248379617929459,0.66534423828125
discovery,10,control,6 + 4 =,L1H5,0.02470267564058304,0.66534423828125
discovery,10,control,6 + 4 =,L1H6,-0.006167561747133732,0.66534423828125
discovery,10,control,6 + 4 =,L1H7,0.013744727708399296,0.66534423828125
discovery,10,control,6 + 4 =,L1H8,-0.01825866661965847,0.66534423828125
discovery,10,control,6 + 4 =,L1H9,0.01458241231739521,0.66534423828125
discovery,10,control,6 + 4 =,L1H10,0.01645040698349476,0.66534423828125
discovery,10,control,6 + 4 =,L1H11,-0.014458246529102325,0.66534423828125
discovery,10,control,6 + 4 =,L2H0,-0.007022547535598278,0.66534423828125
discovery,10,control,6 + 4 =,L2H1,-0.0003805758897215128,0.66534423828125
discovery,10,control,6 + 4 =,L2H2,-0.005761369131505489,0.66534423828125
discovery,10,control,6 + 4 =,L2H3,0.007955586537718773,0.66534423828125
discovery,10,control,6 + 4 =,L2H4,-0.0006102777551859617,0.66534423828125
discovery,10,control,6 + 4 =,L2H5,-0.003269168548285961,0.66534423828125
discovery,10,control,6 + 4 =,L2H6,-0.010578017681837082,0.66534423828125
discovery,10,control,6 + 4 =,L2H7,-0.0037268204614520073,0.66534423828125
discovery,10,control,6 + 4 =,L2H8,-0.0005742982029914856,0.66534423828125
discovery,10,control,6 + 4 =,L2H9,0.009875376708805561,0.66534423828125
discovery,10,control,6 + 4 =,L2H10,0.008370855823159218,0.66534423828125
discovery,10,control,6 + 4 =,L2H11,0.018846236169338226,0.66534423828125
discovery,10,control,6 + 4 =,L3H0,-0.021348323673009872,0.66534423828125
discovery,10,control,6 + 4 =,L3H1,-0.013850917108356953,0.66534423828125
discovery,10,control,6 + 4 =,L3H2,0.006231267005205154,0.66534423828125
discovery,10,control,6 + 4 =,L3H3,-0.0011938707903027534,0.66534423828125
discovery,10,control,6 + 4 =,L3H4,0.010238957591354847,0.66534423828125
discovery,10,control,6 + 4 =,L3H5,-0.0027689849957823753,0.66534423828125
discovery,10,control,6 + 4 =,L3H6,-0.014026051387190819,0.66534423828125
discovery,10,control,6 + 4 =,L3H7,0.012389395385980606,0.66534423828125
discovery,10,control,6 + 4 =,L3H8,-0.007376835681498051,0.66534423828125
discovery,10,control,6 + 4 =,L3H9,-0.003357944078743458,0.66534423828125
discovery,10,control,6 + 4 =,L3H10,0.009855428710579872,0.66534423828125
discovery,10,control,6 + 4 =,L3H11,-0.010000314563512802,0.66534423828125
discovery,10,control,6 + 4 =,L4H0,-0.00021181139163672924,0.66534423828125
discovery,10,control,6 + 4 =,L4H1,-0.0070073604583740234,0.66534423828125
discovery,10,control,6 + 4 =,L4H2,-0.003055392298847437,0.66534423828125
discovery,10,control,6 + 4 =,L4H3,-0.010534475557506084,0.66534423828125
discovery,10,control,6 + 4 =,L4H4,-0.004385732114315033,0.66534423828125
discovery,10,control,6 + 4 =,L4H5,-0.0015938179567456245,0.66534423828125
discovery,10,control,6 + 4 =,L4H6,0.00718082208186388,0.66534423828125
discovery,10,control,6 + 4 =,L4H7,0.028726981952786446,0.66534423828125
discovery,10,control,6 + 4 =,L4H8,0.00559060275554657,0.66534423828125
discovery,10,control,6 + 4 =,L4H9,-0.007041077129542828,0.66534423828125
discovery,10,control,6 + 4 =,L4H10,-0.005483157467097044,0.66534423828125
discovery,10,control,6 + 4 =,L4H11,0.0010487604886293411,0.66534423828125
discovery,10,control,6 + 4 =,L5H0,-0.005365887191146612,0.66534423828125
discovery,10,control,6 + 4 =,L5H1,-0.03295833244919777,0.66534423828125
discovery,10,control,6 + 4 =,L5H2,0.03604000061750412,0.66534423828125
discovery,10,control,6 + 4 =,L5H3,-0.0313175693154335,0.66534423828125
discovery,10,control,6 + 4 =,L5H4,0.0009253621101379395,0.66534423828125
discovery,10,control,6 + 4 =,L5H5,-0.027356190606951714,0.66534423828125
discovery,10,control,6 + 4 =,L5H6,-0.0029207272455096245,0.66534423828125
discovery,10,control,6 + 4 =,L5H7,0.012032734230160713,0.66534423828125
discovery,10,control,6 + 4 =,L5H8,-0.03573812544345856,0.66534423828125
discovery,10,control,6 + 4 =,L5H9,0.08991208672523499,0.66534423828125
discovery,10,control,6 + 4 =,L5H10,-0.03228622302412987,0.66534423828125
discovery,10,control,6 + 4 =,L5H11,-0.0015195086598396301,0.66534423828125
discovery,10,control,6 + 4 =,L6H0,-0.009568603709340096,0.66534423828125
discovery,10,control,6 + 4 =,L6H1,-0.010647200047969818,0.66534423828125
discovery,10,control,6 + 4 =,L6H2,-0.00023889495059847832,0.66534423828125
discovery,10,control,6 + 4 =,L6H3,0.003805793123319745,0.66534423828125
discovery,10,control,6 + 4 =,L6H4,0.005483577493578196,0.66534423828125
discovery,10,control,6 + 4 =,L6H5,-0.029347114264965057,0.66534423828125
discovery,10,control,6 + 4 =,L6H6,0.0187724307179451,0.66534423828125
discovery,10,control,6 + 4 =,L6H7,0.004950394853949547,0.66534423828125
discovery,10,control,6 + 4 =,L6H8,-0.036870501935482025,0.66534423828125
discovery,10,control,6 + 4 =,L6H9,0.007611118722707033,0.66534423828125
discovery,10,control,6 + 4 =,L6H10,-0.003975496627390385,0.66534423828125
discovery,10,control,6 + 4 =,L6H11,-0.0038528728764504194,0.66534423828125
discovery,10,control,6 + 4 =,L7H0,-0.019431117922067642,0.66534423828125
discovery,10,control,6 + 4 =,L7H1,-0.012007944285869598,0.66534423828125
discovery,10,control,6 + 4 =,L7H2,-0.01108729001134634,0.66534423828125
discovery,10,control,6 + 4 =,L7H3,0.01129203662276268,0.66534423828125
discovery,10,control,6 + 4 =,L7H4,-0.00807231292128563,0.66534423828125
discovery,10,control,6 + 4 =,L7H5,-0.024219097569584846,0.66534423828125
discovery,10,control,6 + 4 =,L7H6,0.013963915407657623,0.66534423828125
discovery,10,control,6 + 4 =,L7H7,0.004250062629580498,0.66534423828125
discovery,10,control,6 + 4 =,L7H8,0.008363975211977959,0.66534423828125
discovery,10,control,6 + 4 =,L7H9,0.02327810786664486,0.66534423828125
discovery,10,control,6 + 4 =,L7H10,-0.00986509956419468,0.66534423828125
discovery,10,control,6 + 4 =,L7H11,-0.01659625768661499,0.66534423828125
discovery,10,control,6 + 4 =,L8H0,-0.010560590773820877,0.66534423828125
discovery,10,control,6 + 4 =,L8H1,0.0002660221653059125,0.66534423828125
discovery,10,control,6 + 4 =,L8H2,0.03243448585271835,0.66534423828125
discovery,10,control,6 + 4 =,L8H3,-0.024795113131403923,0.66534423828125
discovery,10,control,6 + 4 =,L8H4,-0.0036207004450261593,0.66534423828125
discovery,10,control,6 + 4 =,L8H5,-0.02515587769448757,0.66534423828125
discovery,10,control,6 + 4 =,L8H6,-0.04477658122777939,0.66534423828125
discovery,10,control,6 + 4 =,L8H7,0.008901837281882763,0.66534423828125
discovery,10,control,6 + 4 =,L8H8,-0.06651455163955688,0.66534423828125
discovery,10,control,6 + 4 =,L8H9,-0.0008889022283256054,0.66534423828125
discovery,10,control,6 + 4 =,L8H10,0.029381729662418365,0.66534423828125
discovery,10,control,6 + 4 =,L8H11,-0.03283639997243881,0.66534423828125
discovery,10,control,6 + 4 =,L9H0,-0.004603787325322628,0.66534423828125
discovery,10,control,6 + 4 =,L9H1,-0.021909449249505997,0.66534423828125
discovery,10,control,6 + 4 =,L9H2,-0.014700211584568024,0.66534423828125
discovery,10,control,6 + 4 =,L9H3,-0.0047286758199334145,0.66534423828125
discovery,10,control,6 + 4 =,L9H4,-0.008231034502387047,0.66534423828125
discovery,10,control,6 + 4 =,L9H5,0.006469799671322107,0.66534423828125
discovery,10,control,6 + 4 =,L9H6,0.0010924609377980232,0.66534423828125
discovery,10,control,6 + 4 =,L9H7,0.009919347241520882,0.66534423828125
discovery,10,control,6 + 4 =,L9H8,0.002111725276336074,0.66534423828125
discovery,10,control,6 + 4 =,L9H9,-0.03251532465219498,0.66534423828125
discovery,10,control,6 + 4 =,L9H10,-0.005434511229395866,0.66534423828125
discovery,10,control,6 + 4 =,L9H11,0.0037055197171866894,0.66534423828125
discovery,10,control,6 + 4 =,L10H0,-0.016023647040128708,0.66534423828125
discovery,10,control,6 + 4 =,L10H1,-0.039675358682870865,0.66534423828125
discovery,10,control,6 + 4 =,L10H2,-0.045176438987255096,0.66534423828125
discovery,10,control,6 + 4 =,L10H3,0.0006005200557410717,0.66534423828125
discovery,10,control,6 + 4 =,L10H4,0.0013196580111980438,0.66534423828125
discovery,10,control,6 + 4 =,L10H5,0.005928687751293182,0.66534423828125
discovery,10,control,6 + 4 =,L10H6,-0.0038454639725387096,0.66534423828125
discovery,10,control,6 + 4 =,L10H7,0.04636574909090996,0.66534423828125
discovery,10,control,6 + 4 =,L10H8,-0.0037992894649505615,0.66534423828125
discovery,10,control,6 + 4 =,L10H9,0.014443743973970413,0.66534423828125
discovery,10,control,6 + 4 =,L10H10,-0.002870991826057434,0.66534423828125
discovery,10,control,6 + 4 =,L10H11,-0.0070023927837610245,0.66534423828125
discovery,10,control,6 + 4 =,L11H0,-0.03745037689805031,0.66534423828125
discovery,10,control,6 + 4 =,L11H1,0.034206122159957886,0.66534423828125
discovery,10,control,6 + 4 =,L11H2,0.003406503237783909,0.66534423828125
discovery,10,control,6 + 4 =,L11H3,-0.021985722705721855,0.66534423828125
discovery,10,control,6 + 4 =,L11H4,-0.03599446266889572,0.66534423828125
discovery,10,control,6 + 4 =,L11H5,-0.0107785165309906,0.66534423828125
discovery,10,control,6 + 4 =,L11H6,0.005465108435600996,0.66534423828125
discovery,10,control,6 + 4 =,L11H7,-0.01341758668422699,0.66534423828125
discovery,10,control,6 + 4 =,L11H8,0.027079053223133087,0.66534423828125
discovery,10,control,6 + 4 =,L11H9,0.009326131083071232,0.66534423828125
discovery,10,control,6 + 4 =,L11H10,0.00813817698508501,0.66534423828125
discovery,10,control,6 + 4 =,L11H11,-0.01989864744246006,0.66534423828125
discovery,10,control,6 + 4 =,0_mlp_out,0.02101428434252739,0.66534423828125
discovery,10,control,6 + 4 =,1_mlp_out,-0.02390705980360508,0.66534423828125
discovery,10,control,6 + 4 =,2_mlp_out,-0.018897004425525665,0.66534423828125
discovery,10,control,6 + 4 =,3_mlp_out,-0.008504312485456467,0.66534423828125
discovery,10,control,6 + 4 =,4_mlp_out,-0.02788001298904419,0.66534423828125
discovery,10,control,6 + 4 =,5_mlp_out,-0.023941224440932274,0.66534423828125
discovery,10,control,6 + 4 =,6_mlp_out,-0.07242690026760101,0.66534423828125
discovery,10,control,6 + 4 =,7_mlp_out,0.1036560907959938,0.66534423828125
discovery,10,control,6 + 4 =,8_mlp_out,-0.06474095582962036,0.66534423828125
discovery,10,control,6 + 4 =,9_mlp_out,0.08547495305538177,0.66534423828125
discovery,10,control,6 + 4 =,10_mlp_out,-0.14900319278240204,0.66534423828125
discovery,10,control,6 + 4 =,11_mlp_out,0.0040032751858234406,0.66534423828125
discovery,10,control,6 + 4 =,embed,-0.00394762447103858,0.66534423828125
discovery,10,control,6 + 4 =,pos_embed,0.007885628379881382,0.66534423828125
discovery,10,control,6 + 4 =,bias,-0.020501643419265747,0.66534423828125
discovery,10,control,7 + 3 =,L0H0,-0.0006673838943243027,0.66534423828125
discovery,10,control,7 + 3 =,L0H1,0.004488575737923384,0.66534423828125
discovery,10,control,7 + 3 =,L0H2,-0.028705250471830368,0.66534423828125
discovery,10,control,7 + 3 =,L0H3,-0.010776078328490257,0.66534423828125
discovery,10,control,7 + 3 =,L0H4,0.0014508925378322601,0.66534423828125
discovery,10,control,7 + 3 =,L0H5,0.003079948015511036,0.66534423828125
discovery,10,control,7 + 3 =,L0H6,0.09208258986473083,0.66534423828125
discovery,10,control,7 + 3 =,L0H7,0.01095158513635397,0.66534423828125
discovery,10,control,7 + 3 =,L0H8,-0.04746866226196289,0.66534423828125
discovery,10,control,7 + 3 =,L0H9,-0.037870608270168304,0.66534423828125
discovery,10,control,7 + 3 =,L0H10,0.013548647984862328,0.66534423828125
discovery,10,control,7 + 3 =,L0H11,0.0007255079690366983,0.66534423828125
discovery,10,control,7 + 3 =,L1H0,0.003776638535782695,0.66534423828125
discovery,10,control,7 + 3 =,L1H1,-0.013510198332369328,0.66534423828125
discovery,10,control,7 + 3 =,L1H2,-0.0019686201121658087,0.66534423828125
discovery,10,control,7 + 3 =,L1H3,-0.01117006503045559,0.66534423828125
discovery,10,control,7 + 3 =,L1H4,0.0082680843770504,0.66534423828125
discovery,10,control,7 + 3 =,L1H5,0.023161347955465317,0.66534423828125
discovery,10,control,7 + 3 =,L1H6,-0.005776655860245228,0.66534423828125
discovery,10,control,7 + 3 =,L1H7,0.015581432729959488,0.66534423828125
discovery,10,control,7 + 3 =,L1H8,-0.017187347635626793,0.66534423828125
discovery,10,control,7 + 3 =,L1H9,0.016019515693187714,0.66534423828125
discovery,10,control,7 + 3 =,L1H10,0.017013227567076683,0.66534423828125
discovery,10,control,7 + 3 =,L1H11,-0.014364145696163177,0.66534423828125
discovery,10,control,7 + 3 =,L2H0,-0.007786796428263187,0.66534423828125
discovery,10,control,7 + 3 =,L2H1,-0.0005023849662393332,0.66534423828125
discovery,10,control,7 + 3 =,L2H2,0.002652517519891262,0.66534423828125
discovery,10,control,7 + 3 =,L2H3,0.008270692080259323,0.66534423828125
discovery,10,control,7 + 3 =,L2H4,-0.0006467453204095364,0.66534423828125
discovery,10,control,7 + 3 =,L2H5,-0.002303691580891609,0.66534423828125
discovery,10,control,7 + 3 =,L2H6,-0.011582635343074799,0.66534423828125
discovery,10,control,7 + 3 =,L2H7,-0.0030662082135677338,0.66534423828125
discovery,10,control,7 + 3 =,L2H8,-0.0006940551102161407,0.66534423828125
discovery,10,control,7 + 3 =,L2H9,0.002997159957885742,0.66534423828125
discovery,10,control,7 + 3 =,L2H10,0.006919004023075104,0.66534423828125
discovery,10,control,7 + 3 =,L2H11,0.018990270793437958,0.66534423828125
discovery,10,control,7 + 3 =,L3H0,-0.022892039269208908,0.66534423828125
discovery,10,control,7 + 3 =,L3H1,-0.013717149384319782,0.66534423828125
discovery,10,control,7 + 3 =,L3H2,0.00610686931759119,0.66534423828125
discovery,10,control,7 + 3 =,L3H3,0.007412348873913288,0.66534423828125
discovery,10,control,7 + 3 =,L3H4,0.01010975707322359,0.66534423828125
discovery,10,control,7 + 3 =,L3H5,-0.004281025379896164,0.66534423828125
discovery,10,control,7 + 3 =,L3H6,-0.014216283336281776,0.66534423828125
discovery,10,control,7 + 3 =,L3H7,0.010035302489995956,0.66534423828125
discovery,10,control,7 + 3 =,L3H8,-0.005045999772846699,0.66534423828125
discovery,10,control,7 + 3 =,L3H9,-0.008668221533298492,0.66534423828125
discovery,10,control,7 + 3 =,L3H10,0.00980036985129118,0.66534423828125
discovery,10,control,7 + 3 =,L3H11,-0.008979599922895432,0.66534423828125
discovery,10,control,7 + 3 =,L4H0,-7.490359712392092e-05,0.66534423828125
discovery,10,control,7 + 3 =,L4H1,-0.0034236861392855644,0.66534423828125
discovery,10,control,7 + 3 =,L4H2,-0.0021593545097857714,0.66534423828125
discovery,10,control,7 + 3 =,L4H3,-0.011333880014717579,0.66534423828125
discovery,10,control,7 + 3 =,L4H4,-0.003870735876262188,0.66534423828125
discovery,10,control,7 + 3 =,L4H5,-0.0031189557630568743,0.66534423828125
discovery,10,control,7 + 3 =,L4H6,0.008227469399571419,0.66534423828125
discovery,10,control,7 + 3 =,L4H7,0.027083134278655052,0.66534423828125
discovery,10,control,7 + 3 =,L4H8,0.004227550700306892,0.66534423828125
discovery,10,control,7 + 3 =,L4H9,-0.007355100009590387,0.66534423828125
discovery,10,control,7 + 3 =,L4H10,-0.006558425258845091,0.66534423828125
discovery,10,control,7 + 3 =,L4H11,0.0029498599469661713,0.66534423828125
discovery,10,control,7 + 3 =,L5H0,-0.004132939502596855,0.66534423828125
discovery,10,control,7 + 3 =,L5H1,-0.03295360505580902,0.66534423828125
discovery,10,control,7 + 3 =,L5H2,0.03705734759569168,0.66534423828125
discovery,10,control,7 + 3 =,L5H3,-0.029520506039261818,0.66534423828125
discovery,10,control,7 + 3 =,L5H4,-0.000837329775094986,0.66534423828125
discovery,10,control,7 + 3 =,L5H5,-0.025236977264285088,0.66534423828125
discovery,10,control,7 + 3 =,L5H6,-9.917584247887135e-05,0.66534423828125
discovery,10,control,7 + 3 =,L5H7,0.012420320883393288,0.66534423828125
discovery,10,control,7 + 3 =,L5H8,-0.012034112587571144,0.66534423828125
discovery,10,control,7 + 3 =,L5H9,0.0861905962228775,0.66534423828125
discovery,10,control,7 + 3 =,L5H10,-0.03567430004477501,0.66534423828125
discovery,10,control,7 + 3 =,L5H11,-0.0023318161256611347,0.66534423828125
discovery,10,control,7 + 3 =,L6H0,-0.010073784738779068,0.66534423828125
discovery,10,control,7 + 3 =,L6H1,-0.0027219122275710106,0.66534423828125
discovery,10,control,7 + 3 =,L6H2,-0.000858021667227149,0.66534423828125
discovery,10,control,7 + 3 =,L6H3,0.0011844250839203596,0.66534423828125
discovery,10,control,7 + 3 =,L6H4,0.004512626677751541,0.66534423828125
discovery,10,control,7 + 3 =,L6H5,-0.03329280763864517,0.66534423828125
discovery,10,control,7 + 3 =,L6H6,0.02181006222963333,0.66534423828125
discovery,10,control,7 + 3 =,L6H7,-0.0022635767236351967,0.66534423828125
discovery,10,control,7 + 3 =,L6H8,-0.03406413644552231,0.66534423828125
discovery,10,control,7 + 3 =,L6H9,0.0024744905531406403,0.66534423828125
discovery,10,control,7 + 3 =,L6H10,-0.003803106490522623,0.66534423828125
discovery,10,control,7 + 3 =,L6H11,-0.0024725906550884247,0.66534423828125
discovery,10,control,7 + 3 =,L7H0,-0.022008493542671204,0.66534423828125
discovery,10,control,7 + 3 =,L7H1,-0.011777310632169247,0.66534423828125
discovery,10,control,7 + 3 =,L7H2,-0.010998169891536236,0.66534423828125
discovery,10,control,7 + 3 =,L7H3,0.010262791998684406,0.66534423828125
discovery,10,control,7 + 3 =,L7H4,-0.009660829789936543,0.66534423828125
discovery,10,control,7 + 3 =,L7H5,-0.029332544654607773,0.66534423828125
discovery,10,control,7 + 3 =,L7H6,0.011460895650088787,0.66534423828125
discovery,10,control,7 + 3 =,L7H7,0.00436250539496541,0.66534423828125
discovery,10,control,7 + 3 =,L7H8,0.011339418590068817,0.66534423828125
discovery,10,control,7 + 3 =,L7H9,0.022911984473466873,0.66534423828125
discovery,10,control,7 + 3 =,L7H10,-0.0075212083756923676,0.66534423828125
discovery,10,control,7 + 3 =,L7H11,-0.01825418695807457,0.66534423828125
discovery,10,control,7 + 3 =,L8H0,-0.010140950791537762,0.66534423828125
discovery,10,control,7 + 3 =,L8H1,-9.896315168589354e-05,0.66534423828125
discovery,10,control,7 + 3 =,L8H2,0.027776852250099182,0.66534423828125
discovery,10,control,7 + 3 =,L8H3,-0.023029256612062454,0.66534423828125
discovery,10,control,7 + 3 =,L8H4,-0.0033228867687284946,0.66534423828125
discovery,10,control,7 + 3 =,L8H5,-0.031041912734508514,0.66534423828125
discovery,10,control,7 + 3 =,L8H6,-0.042021334171295166,0.66534423828125
discovery,10,control,7 + 3 =,L8H7,0.009523037821054459,0.66534423828125
discovery,10,control,7 + 3 =,L8H8,-0.04915497452020645,0.66534423828125
discovery,10,control,7 + 3 =,L8H9,-0.0009673450840637088,0.66534423828125
discovery,10,control,7 + 3 =,L8H10,0.021013397723436356,0.66534423828125
discovery,10,control,7 + 3 =,L8H11,-0.04458631947636604,0.66534423828125
discovery,10,control,7 + 3 =,L9H0,-0.00655072508379817,0.66534423828125
discovery,10,control,7 + 3 =,L9H1,-0.009444257244467735,0.66534423828125
discovery,10,control,7 + 3 =,L9H2,-0.014992141164839268,0.66534423828125
discovery,10,control,7 + 3 =,L9H3,-0.004876762628555298,0.66534423828125
discovery,10,control,7 + 3 =,L9H4,-0.008100922219455242,0.66534423828125
discovery,10,control,7 + 3 =,L9H5,0.00604220712557435,0.66534423828125
discovery,10,control,7 + 3 =,L9H6,0.0018512001261115074,0.66534423828125
discovery,10,control,7 + 3 =,L9H7,0.014201738871634007,0.66534423828125
discovery,10,control,7 + 3 =,L9H8,0.0014679469168186188,0.66534423828125
discovery,10,control,7 + 3 =,L9H9,-0.05199842154979706,0.66534423828125
discovery,10,control,7 + 3 =,L9H10,-0.004856168292462826,0.66534423828125
discovery,10,control,7 + 3 =,L9H11,0.003833862952888012,0.66534423828125
discovery,10,control,7 + 3 =,L10H0,-0.016706611961126328,0.66534423828125
discovery,10,control,7 + 3 =,L10H1,-0.0366479866206646,0.66534423828125
discovery,10,control,7 + 3 =,L10H2,-0.04471689462661743,0.66534423828125
discovery,10,control,7 + 3 =,L10H3,-0.0004172278568148613,0.66534423828125
discovery,10,control,7 + 3 =,L10H4,0.0008931141346693039,0.66534423828125
discovery,10,control,7 + 3 =,L10H5,0.004572572186589241,0.66534423828125
discovery,10,control,7 + 3 =,L10H6,-0.001960624475032091,0.66534423828125
discovery,10,control,7 + 3 =,L10H7,0.05646609514951706,0.66534423828125
discovery,10,control,7 + 3 =,L10H8,-0.0025593407917767763,0.66534423828125
discovery,10,control,7 + 3 =,L10H9,0.012733456678688526,0.66534423828125
discovery,10,control,7 + 3 =,L10H10,-0.0025533679872751236,0.66534423828125
discovery,10,control,7 + 3 =,L10H11,-0.006671450100839138,0.66534423828125
discovery,10,control,7 + 3 =,L11H0,-0.04203925281763077,0.66534423828125
discovery,10,control,7 + 3 =,L11H1,0.03427993506193161,0.66534423828125
discovery,10,control,7 + 3 =,L11H2,0.007144322618842125,0.66534423828125
discovery,10,control,7 + 3 =,L11H3,-0.026103829964995384,0.66534423828125
discovery,10,control,7 + 3 =,L11H4,-0.038012489676475525,0.66534423828125
discovery,10,control,7 + 3 =,L11H5,-0.01045907661318779,0.66534423828125
discovery,10,control,7 + 3 =,L11H6,0.005982656031847,0.66534423828125
discovery,10,control,7 + 3 =,L11H7,-0.014976754784584045,0.66534423828125
discovery,10,control,7 + 3 =,L11H8,0.031095018610358238,0.66534423828125
discovery,10,control,7 + 3 =,L11H9,0.009458819404244423,0.66534423828125
discovery,10,control,7 + 3 =,L11H10,-0.00028324034065008163,0.66534423828125
discovery,10,control,7 + 3 =,L11H11,-0.018398767337203026,0.66534423828125
discovery,10,control,7 + 3 =,0_mlp_out,0.011961247771978378,0.66534423828125
discovery,10,control,7 + 3 =,1_mlp_out,-0.030598709359765053,0.66534423828125
discovery,10,control,7 + 3 =,2_mlp_out,-0.014320038259029388,0.66534423828125
discovery,10,control,7 + 3 =,3_mlp_out,-0.004982979968190193,0.66534423828125
discovery,10,control,7 + 3 =,4_mlp_out,-0.038754742592573166,0.66534423828125
discovery,10,control,7 + 3 =,5_mlp_out,-0.02246035262942314,0.66534423828125
discovery,10,control,7 + 3 =,6_mlp_out,-0.07349616289138794,0.66534423828125
discovery,10,control,7 + 3 =,7_mlp_out,0.12812143564224243,0.66534423828125
discovery,10,control,7 + 3 =,8_mlp_out,-0.04915943741798401,0.66534423828125
discovery,10,control,7 + 3 =,9_mlp_out,0.09508968889713287,0.66534423828125
discovery,10,control,7 + 3 =,10_mlp_out,-0.13337953388690948,0.66534423828125
discovery,10,control,7 + 3 =,11_mlp_out,0.004347745329141617,0.66534423828125
discovery,10,control,7 + 3 =,embed,-0.0038743983022868633,0.66534423828125
discovery,10,control,7 + 3 =,pos_embed,0.007739358581602573,0.66534423828125
discovery,10,control,7 + 3 =,bias,-0.02012138068675995,0.66534423828125
discovery,10,control,8 + 2 =,L0H0,-0.0005641430616378784,0.66534423828125
discovery,10,control,8 + 2 =,L0H1,0.004441126249730587,0.66534423828125
discovery,10,control,8 + 2 =,L0H2,-0.027414236217737198,0.66534423828125
discovery,10,control,8 + 2 =,L0H3,-0.011015012860298157,0.66534423828125
discovery,10,control,8 + 2 =,L0H4,0.002055009827017784,0.66534423828125
discovery,10,control,8 + 2 =,L0H5,0.0030972331296652555,0.66534423828125
discovery,10,control,8 + 2 =,L0H6,0.09313973784446716,0.66534423828125
discovery,10,control,8 + 2 =,L0H7,0.011349033564329147,0.66534423828125
discovery,10,control,8 + 2 =,L0H8,-0.04795900359749794,0.66534423828125
discovery,10,control,8 + 2 =,L0H9,-0.038642607629299164,0.66534423828125
discovery,10,control,8 + 2 =,L0H10,0.013531072996556759,0.66534423828125
discovery,10,control,8 + 2 =,L0H11,0.001211811089888215,0.66534423828125
discovery,10,control,8 + 2 =,L1H0,0.0013243947178125381,0.66534423828125
discovery,10,control,8 + 2 =,L1H1,-0.0128098763525486,0.66534423828125
discovery,10,control,8 + 2 =,L1H2,-0.0018126219511032104,0.66534423828125
discovery,10,control,8 + 2 =,L1H3,-0.012100016698241234,0.66534423828125
discovery,10,control,8 + 2 =,L1H4,0.009113652631640434,0.66534423828125
discovery,10,control,8 + 2 =,L1H5,0.021563028916716576,0.66534423828125
discovery,10,control,8 + 2 =,L1H6,-0.00502750463783741,0.66534423828125
discovery,10,control,8 + 2 =,L1H7,0.018638208508491516,0.66534423828125
discovery,10,control,8 + 2 =,L1H8,-0.018117180094122887,0.66534423828125
discovery,10,control,8 + 2 =,L1H9,0.013018075376749039,0.66534423828125
discovery,10,control,8 + 2 =,L1H10,0.017908651381731033,0.66534423828125
discovery,10,control,8 + 2 =,L1H11,-0.015827985480427742,0.66534423828125
discovery,10,control,8 + 2 =,L2H0,-0.005134370177984238,0.66534423828125
discovery,10,control,8 + 2 =,L2H1,0.00020730437245219946,0.66534423828125
discovery,10,control,8 + 2 =,L2H2,-0.0018967504147440195,0.66534423828125
discovery,10,control,8 + 2 =,L2H3,0.01032213307917118,0.66534423828125
discovery,10,control,8 + 2 =,L2H4,-0.0020957770757377148,0.66534423828125
discovery,10,control,8 + 2 =,L2H5,-0.0020676888525485992,0.66534423828125
discovery,10,control,8 + 2 =,L2H6,-0.011900331825017929,0.66534423828125
discovery,10,control,8 + 2 =,L2H7,-0.0023150844499468803,0.66534423828125
discovery,10,control,8 + 2 =,L2H8,-0.001606382429599762,0.66534423828125
discovery,10,control,8 + 2 =,L2H9,0.00855984352529049,0.66534423828125
discovery,10,control,8 + 2 =,L2H10,0.010129361413419247,0.66534423828125
discovery,10,control,8 + 2 =,L2H11,0.018183209002017975,0.66534423828125
discovery,10,control,8 + 2 =,L3H0,-0.021947525441646576,0.66534423828125
discovery,10,control,8 + 2 =,L3H1,-0.012237943708896637,0.66534423828125
discovery,10,control,8 + 2 =,L3H2,0.005031237378716469,0.66534423828125
discovery,10,control,8 + 2 =,L3H3,-0.0006098384037613869,0.66534423828125
discovery,10,control,8 + 2 =,L3H4,0.013079753145575523,0.66534423828125
discovery,10,control,8 + 2 =,L3H5,-0.0017306655645370483,0.66534423828125
discovery,10,control,8 + 2 =,L3H6,-0.010024362243711948,0.66534423828125
discovery,10,control,8 + 2 =,L3H7,0.016410335898399353,0.66534423828125
discovery,10,control,8 + 2 =,L3H8,-0.006001801695674658,0.66534423828125
discovery,10,control,8 + 2 =,L3H9,-0.008077399805188179,0.66534423828125
discovery,10,control,8 + 2 =,L3H10,0.011721830815076828,0.66534423828125
discovery,10,control,8 + 2 =,L3H11,-0.009787811897695065,0.66534423828125
discovery,10,control,8 + 2 =,L4H0,0.0010070247808471322,0.66534423828125
discovery,10,control,8 + 2 =,L4H1,-0.0028991904109716415,0.66534423828125
discovery,10,control,8 + 2 =,L4H2,-0.0005641505122184753,0.66534423828125
discovery,10,control,8 + 2 =,L4H3,-0.008964675478637218,0.66534423828125
discovery,10,control,8 + 2 =,L4H4,-0.0030442397110164165,0.66534423828125
discovery,10,control,8 + 2 =,L4H5,-0.004035503603518009,0.66534423828125
discovery,10,control,8 + 2 =,L4H6,0.004912702366709709,0.66534423828125
discovery,10,control,8 + 2 =,L4H7,0.03098040260374546,0.66534423828125
discovery,10,control,8 + 2 =,L4H8,0.011381147429347038,0.66534423828125
discovery,10,control,8 + 2 =,L4H9,-0.006553778424859047,0.66534423828125
discovery,10,control,8 + 2 =,L4H10,-0.005247863475233316,0.66534423828125
discovery,10,control,8 + 2 =,L4H11,-0.007153816521167755,0.66534423828125
discovery,10,control,8 + 2 =,L5H0,-0.0033561531454324722,0.66534423828125
discovery,10,control,8 + 2 =,L5H1,-0.033602628856897354,0.66534423828125
discovery,10,control,8 + 2 =,L5H2,0.028592389076948166,0.66534423828125
discovery,10,control,8 + 2 =,L5H3,-0.02585892751812935,0.66534423828125
discovery,10,control,8 + 2 =,L5H4,0.002074449323117733,0.66534423828125
discovery,10,control,8 + 2 =,L5H5,-0.023832198232412338,0.66534423828125
discovery,10,control,8 + 2 =,L5H6,-0.0024724260438233614,0.66534423828125
discovery,10,control,8 + 2 =,L5H7,0.01201547496020794,0.66534423828125
discovery,10,control,8 + 2 =,L5H8,-0.029709666967391968,0.66534423828125
discovery,10,control,8 + 2 =,L5H9,0.0852949395775795,0.66534423828125
discovery,10,control,8 + 2 =,L5H10,-0.02615475095808506,0.66534423828125
discovery,10,control,8 + 2 =,L5H11,-0.0016443971544504166,0.66534423828125
discovery,10,control,8 + 2 =,L6H0,-0.013082478195428848,0.66534423828125
discovery,10,control,8 + 2 =,L6H1,-0.013556758873164654,0.66534423828125
discovery,10,control,8 + 2 =,L6H2,-0.00045651081018149853,0.66534423828125
discovery,10,control,8 + 2 =,L6H3,0.0068347458727657795,0.66534423828125
discovery,10,control,8 + 2 =,L6H4,0.0009050141088664532,0.66534423828125
discovery,10,control,8 + 2 =,L6H5,-0.023191649466753006,0.66534423828125
discovery,10,control,8 + 2 =,L6H6,0.017239650711417198,0.66534423828125
discovery,10,control,8 + 2 =,L6H7,0.0055593098513782024,0.66534423828125
discovery,10,control,8 + 2 =,L6H8,-0.03018602728843689,0.66534423828125
discovery,10,control,8 + 2 =,L6H9,0.011973408050835133,0.66534423828125
discovery,10,control,8 + 2 =,L6H10,-0.00607074610888958,0.66534423828125
discovery,10,control,8 + 2 =,L6H11,0.0012830756604671478,0.66534423828125
discovery,10,control,8 + 2 =,L7H0,-0.01464156061410904,0.66534423828125
discovery,10,control,8 + 2 =,L7H1,-0.011535514146089554,0.66534423828125
discovery,10,control,8 + 2 =,L7H2,-0.011991647072136402,0.66534423828125
discovery,10,control,8 + 2 =,L7H3,0.011909090913832188,0.66534423828125
discovery,10,control,8 + 2 =,L7H4,-0.009344733320176601,0.66534423828125
discovery,10,control,8 + 2 =,L7H5,-0.02318187989294529,0.66534423828125
discovery,10,control,8 + 2 =,L7H6,0.011213243007659912,0.66534423828125
discovery,10,control,8 + 2 =,L7H7,0.004388140980154276,0.66534423828125
discovery,10,control,8 + 2 =,L7H8,0.004435521550476551,0.66534423828125
discovery,10,control,8 + 2 =,L7H9,0.027440674602985382,0.66534423828125
discovery,10,control,8 + 2 =,L7H10,-0.003266200888901949,0.66534423828125
discovery,10,control,8 + 2 =,L7H11,-0.017922740429639816,0.66534423828125
discovery,10,control,8 + 2 =,L8H0,-0.010301848873496056,0.66534423828125
discovery,10,control,8 + 2 =,L8H1,0.0011597494594752789,0.66534423828125
discovery,10,control,8 + 2 =,L8H2,0.03266918659210205,0.66534423828125
discovery,10,control,8 + 2 =,L8H3,-0.02482990175485611,0.66534423828125
discovery,10,control,8 + 2 =,L8H4,-0.0026059141382575035,0.66534423828125
discovery,10,control,8 + 2 =,L8H5,-0.028097108006477356,0.66534423828125
discovery,10,control,8 + 2 =,L8H6,-0.0385221391916275,0.66534423828125
discovery,10,control,8 + 2 =,L8H7,0.011414390057325363,0.66534423828125
discovery,10,control,8 + 2 =,L8H8,-0.07471979409456253,0.66534423828125
discovery,10,control,8 + 2 =,L8H9,0.0002292483113706112,0.66534423828125
discovery,10,control,8 + 2 =,L8H10,0.02095874212682247,0.66534423828125
discovery,10,control,8 + 2 =,L8H11,-0.024296946823596954,0.66534423828125
discovery,10,control,8 + 2 =,L9H0,-0.005328009836375713,0.66534423828125
discovery,10,control,8 + 2 =,L9H1,-0.019444815814495087,0.66534423828125
discovery,10,control,8 + 2 =,L9H2,-0.013156714849174023,0.66534423828125
discovery,10,control,8 + 2 =,L9H3,-0.005772302858531475,0.66534423828125
discovery,10,control,8 + 2 =,L9H4,-0.007732718717306852,0.66534423828125
discovery,10,control,8 + 2 =,L9H5,0.003804173320531845,0.66534423828125
discovery,10,control,8 + 2 =,L9H6,-0.0020647579804062843,0.66534423828125
discovery,10,control,8 + 2 =,L9H7,0.00837741419672966,0.66534423828125
discovery,10,control,8 + 2 =,L9H8,0.0012441652361303568,0.66534423828125
discovery,10,control,8 + 2 =,L9H9,-0.0010666940361261368,0.66534423828125
discovery,10,control,8 + 2 =,L9H10,-0.004522871691733599,0.66534423828125
discovery,10,control,8 + 2 =,L9H11,0.004209871403872967,0.66534423828125
discovery,10,control,8 + 2 =,L10H0,-0.017257511615753174,0.66534423828125
discovery,10,control,8 + 2 =,L10H1,-0.02424192614853382,0.66534423828125
discovery,10,control,8 + 2 =,L10H2,-0.03480564057826996,0.66534423828125
discovery,10,control,8 + 2 =,L10H3,-0.0004990710876882076,0.66534423828125
discovery,10,control,8 + 2 =,L10H4,-0.0004511401057243347,0.66534423828125
discovery,10,control,8 + 2 =,L10H5,0.0051602330058813095,0.66534423828125
discovery,10,control,8 + 2 =,L10H6,-0.0006300029344856739,0.66534423828125
discovery,10,control,8 + 2 =,L10H7,0.028229624032974243,0.66534423828125
discovery,10,control,8 + 2 =,L10H8,-0.002888841787353158,0.66534423828125
discovery,10,control,8 + 2 =,L10H9,0.013756695203483105,0.66534423828125
discovery,10,control,8 + 2 =,L10H10,-0.0012133237905800343,0.66534423828125
discovery,10,control,8 + 2 =,L10H11,-0.007129238918423653,0.66534423828125
discovery,10,control,8 + 2 =,L11H0,-0.045134060084819794,0.66534423828125
discovery,10,control,8 + 2 =,L11H1,0.03462357074022293,0.66534423828125
discovery,10,control,8 + 2 =,L11H2,0.007037375122308731,0.66534423828125
discovery,10,control,8 + 2 =,L11H3,-0.023441441357135773,0.66534423828125
discovery,10,control,8 + 2 =,L11H4,-0.024273186922073364,0.66534423828125
discovery,10,control,8 + 2 =,L11H5,-0.008785414509475231,0.66534423828125
discovery,10,control,8 + 2 =,L11H6,0.0055099353194236755,0.66534423828125
discovery,10,control,8 + 2 =,L11H7,-0.014069264754652977,0.66534423828125
discovery,10,control,8 + 2 =,L11H8,0.04018201306462288,0.66534423828125
discovery,10,control,8 + 2 =,L11H9,0.01114065945148468,0.66534423828125
discovery,10,control,8 + 2 =,L11H10,0.002585847396403551,0.66534423828125
discovery,10,control,8 + 2 =,L11H11,-0.02001192420721054,0.66534423828125
discovery,10,control,8 + 2 =,0_mlp_out,0.013516854494810104,0.66534423828125
discovery,10,control,8 + 2 =,1_mlp_out,-0.026891233399510384,0.66534423828125
discovery,10,control,8 + 2 =,2_mlp_out,-0.017792047932744026,0.66534423828125
discovery,10,control,8 + 2 =,3_mlp_out,0.0006877295672893524,0.66534423828125
discovery,10,control,8 + 2 =,4_mlp_out,-0.029425520449876785,0.66534423828125
discovery,10,control,8 + 2 =,5_mlp_out,-0.03158724680542946,0.66534423828125
discovery,10,control,8 + 2 =,6_mlp_out,-0.09043742716312408,0.66534423828125
discovery,10,control,8 + 2 =,7_mlp_out,0.11971618235111237,0.66534423828125
discovery,10,control,8 + 2 =,8_mlp_out,-0.024525918066501617,0.66534423828125
discovery,10,control,8 + 2 =,9_mlp_out,0.07903962582349777,0.66534423828125
discovery,10,control,8 + 2 =,10_mlp_out,-0.1507921814918518,0.66534423828125
discovery,10,control,8 + 2 =,11_mlp_out,-0.012943673878908157,0.66534423828125
discovery,10,control,8 + 2 =,embed,-0.0039011728949844837,0.66534423828125
discovery,10,control,8 + 2 =,pos_embed,0.007792850024998188,0.66534423828125
discovery,10,control,8 + 2 =,bias,-0.020260408520698547,0.66534423828125
discovery,10,control,9 + 1 =,L0H0,0.0007987469434738159,0.66534423828125
discovery,10,control,9 + 1 =,L0H1,0.004789729602634907,0.66534423828125
discovery,10,control,9 + 1 =,L0H2,-0.030919207260012627,0.66534423828125
discovery,10,control,9 + 1 =,L0H3,-0.011825580149888992,0.66534423828125
discovery,10,control,9 + 1 =,L0H4,0.0005285963416099548,0.66534423828125
discovery,10,control,9 + 1 =,L0H5,0.00333967711776495,0.66534423828125
discovery,10,control,9 + 1 =,L0H6,0.10029376298189163,0.66534423828125
discovery,10,control,9 + 1 =,L0H7,0.00963386707007885,0.66534423828125
discovery,10,control,9 + 1 =,L0H8,-0.051536768674850464,0.66534423828125
discovery,10,control,9 + 1 =,L0H9,-0.04077913612127304,0.66534423828125
discovery,10,control,9 + 1 =,L0H10,0.017006229609251022,0.66534423828125
discovery,10,control,9 + 1 =,L0H11,0.0016858200542628765,0.66534423828125
discovery,10,control,9 + 1 =,L1H0,0.0006309617310762405,0.66534423828125
discovery,10,control,9 + 1 =,L1H1,-0.014596707187592983,0.66534423828125
discovery,10,control,9 + 1 =,L1H2,-0.0010428829118609428,0.66534423828125
discovery,10,control,9 + 1 =,L1H3,-0.01205415464937687,0.66534423828125
discovery,10,control,9 + 1 =,L1H4,0.010593228042125702,0.66534423828125
discovery,10,control,9 + 1 =,L1H5,0.02470334619283676,0.66534423828125
discovery,10,control,9 + 1 =,L1H6,-0.006387642584741116,0.66534423828125
discovery,10,control,9 + 1 =,L1H7,0.01955665647983551,0.66534423828125
discovery,10,control,9 + 1 =,L1H8,-0.02027377113699913,0.66534423828125
discovery,10,control,9 + 1 =,L1H9,0.015642741695046425,0.66534423828125
discovery,10,control,9 + 1 =,L1H10,0.022087521851062775,0.66534423828125
discovery,10,control,9 + 1 =,L1H11,-0.016289565712213516,0.66534423828125
discovery,10,control,9 + 1 =,L2H0,-0.007175994571298361,0.66534423828125
discovery,10,control,9 + 1 =,L2H1,-0.001071207458153367,0.66534423828125
discovery,10,control,9 + 1 =,L2H2,0.002839513123035431,0.66534423828125
discovery,10,control,9 + 1 =,L2H3,0.011423859745264053,0.66534423828125
discovery,10,control,9 + 1 =,L2H4,1.2275762856006622e-05,0.66534423828125
discovery,10,control,9 + 1 =,L2H5,-0.0009746039286255836,0.66534423828125
discovery,10,control,9 + 1 =,L2H6,-0.012427277863025665,0.66534423828125
discovery,10,control,9 + 1 =,L2H7,-0.002890246920287609,0.66534423828125
discovery,10,control,9 + 1 =,L2H8,-0.003641512244939804,0.66534423828125
discovery,10,control,9 + 1 =,L2H9,0.00780380517244339,0.66534423828125
discovery,10,control,9 + 1 =,L2H10,0.010100385174155235,0.66534423828125
discovery,10,control,9 + 1 =,L2H11,0.01967637985944748,0.66534423828125
discovery,10,control,9 + 1 =,L3H0,-0.024901509284973145,0.66534423828125
discovery,10,control,9 + 1 =,L3H1,-0.012711422517895699,0.66534423828125
discovery,10,control,9 + 1 =,L3H2,0.010169755667448044,0.66534423828125
discovery,10,control,9 + 1 =,L3H3,0.009469209238886833,0.66534423828125
discovery,10,control,9 + 1 =,L3H4,0.014514440670609474,0.66534423828125
discovery,10,control,9 + 1 =,L3H5,-0.004990413784980774,0.66534423828125
discovery,10,control,9 + 1 =,L3H6,-0.0031694937497377396,0.66534423828125
discovery,10,control,9 + 1 =,L3H7,0.011733588762581348,0.66534423828125
discovery,10,control,9 + 1 =,L3H8,-0.005038922186940908,0.66534423828125
discovery,10,control,9 + 1 =,L3H9,-0.010601748712360859,0.66534423828125
discovery,10,control,9 + 1 =,L3H10,0.008624845184385777,0.66534423828125
discovery,10,control,9 + 1 =,L3H11,-0.012186234816908836,0.66534423828125
discovery,10,control,9 + 1 =,L4H0,0.0002834480255842209,0.66534423828125
discovery,10,control,9 + 1 =,L4H1,-0.007796132005751133,0.66534423828125
discovery,10,control,9 + 1 =,L4H2,-0.0018951627425849438,0.66534423828125
discovery,10,control,9 + 1 =,L4H3,-0.01470198668539524,0.66534423828125
discovery,10,control,9 + 1 =,L4H4,-0.005559347104281187,0.66534423828125
discovery,10,control,9 + 1 =,L4H5,-0.0017038732767105103,0.66534423828125
discovery,10,control,9 + 1 =,L4H6,0.0069161057472229,0.66534423828125
discovery,10,control,9 + 1 =,L4H7,0.02934102714061737,0.66534423828125
discovery,10,control,9 + 1 =,L4H8,0.011957498267292976,0.66534423828125
discovery,10,control,9 + 1 =,L4H9,-0.005468464456498623,0.66534423828125
discovery,10,control,9 + 1 =,L4H10,-0.0021230350248515606,0.66534423828125
discovery,10,control,9 + 1 =,L4H11,-0.0077092088758945465,0.66534423828125
discovery,10,control,9 + 1 =,L5H0,-0.0029145576991140842,0.66534423828125
discovery,10,control,9 + 1 =,L5H1,-0.03545290604233742,0.66534423828125
discovery,10,control,9 + 1 =,L5H2,0.029799869284033775,0.66534423828125
discovery,10,control,9 + 1 =,L5H3,-0.03299646079540253,0.66534423828125
discovery,10,control,9 + 1 =,L5H4,-0.002347450703382492,0.66534423828125
discovery,10,control,9 + 1 =,L5H5,-0.025707507506012917,0.66534423828125
discovery,10,control,9 + 1 =,L5H6,-0.0026266532950103283,0.66534423828125
discovery,10,control,9 + 1 =,L5H7,0.013371609151363373,0.66534423828125
discovery,10,control,9 + 1 =,L5H8,-0.0066590141505002975,0.66534423828125
discovery,10,control,9 + 1 =,L5H9,0.08851692080497742,0.66534423828125
discovery,10,control,9 + 1 =,L5H10,-0.034858591854572296,0.66534423828125
discovery,10,control,9 + 1 =,L5H11,-0.0001924796961247921,0.66534423828125
discovery,10,control,9 + 1 =,L6H0,-0.016924161463975906,0.66534423828125
discovery,10,control,9 + 1 =,L6H1,7.7045988291502e-05,0.66534423828125
discovery,10,control,9 + 1 =,L6H2,-0.003003121353685856,0.66534423828125
discovery,10,control,9 + 1 =,L6H3,0.0012614752631634474,0.66534423828125
discovery,10,control,9 + 1 =,L6H4,5.7188794016838074e-05,0.66534423828125
discovery,10,control,9 + 1 =,L6H5,-0.026107370853424072,0.66534423828125
discovery,10,control,9 + 1 =,L6H6,0.021116849035024643,0.66534423828125
discovery,10,control,9 + 1 =,L6H7,0.005980875343084335,0.66534423828125
discovery,10,control,9 + 1 =,L6H8,-0.036590173840522766,0.66534423828125
discovery,10,control,9 + 1 =,L6H9,0.005717322696000338,0.66534423828125
discovery,10,control,9 + 1 =,L6H10,-0.004717751406133175,0.66534423828125
discovery,10,control,9 + 1 =,L6H11,-0.0022815843112766743,0.66534423828125
discovery,10,control,9 + 1 =,L7H0,-0.021186791360378265,0.66534423828125
discovery,10,control,9 + 1 =,L7H1,-0.012564029544591904,0.66534423828125
discovery,10,control,9 + 1 =,L7H2,-0.013327193446457386,0.66534423828125
discovery,10,control,9 + 1 =,L7H3,0.014727052301168442,0.66534423828125
discovery,10,control,9 + 1 =,L7H4,-0.014380255714058876,0.66534423828125
discovery,10,control,9 + 1 =,L7H5,-0.02324897237122059,0.66534423828125
discovery,10,control,9 + 1 =,L7H6,0.01295471005141735,0.66534423828125
discovery,10,control,9 + 1 =,L7H7,0.004559588618576527,0.66534423828125
discovery,10,control,9 + 1 =,L7H8,0.000608222559094429,0.66534423828125
discovery,10,control,9 + 1 =,L7H9,0.03258077800273895,0.66534423828125
discovery,10,control,9 + 1 =,L7H10,-0.012198315933346748,0.66534423828125
discovery,10,control,9 + 1 =,L7H11,-0.020102977752685547,0.66534423828125
discovery,10,control,9 + 1 =,L8H0,-0.0098427040502429,0.66534423828125
discovery,10,control,9 + 1 =,L8H1,-0.0012556745205074549,0.66534423828125
discovery,10,control,9 + 1 =,L8H2,0.036227088421583176,0.66534423828125
discovery,10,control,9 + 1 =,L8H3,-0.03220907971262932,0.66534423828125
discovery,10,control,9 + 1 =,L8H4,-0.003846448380500078,0.66534423828125
discovery,10,control,9 + 1 =,L8H5,-0.03146642446517944,0.66534423828125
discovery,10,control,9 + 1 =,L8H6,-0.02176240086555481,0.66534423828125
discovery,10,control,9 + 1 =,L8H7,0.004813292995095253,0.66534423828125
discovery,10,control,9 + 1 =,L8H8,-0.029300587251782417,0.66534423828125
discovery,10,control,9 + 1 =,L8H9,0.0020949854515492916,0.66534423828125
discovery,10,control,9 + 1 =,L8H10,0.038328930735588074,0.66534423828125
discovery,10,control,9 + 1 =,L8H11,-0.09435583651065826,0.66534423828125
discovery,10,control,9 + 1 =,L9H0,-0.0063048601150512695,0.66534423828125
discovery,10,control,9 + 1 =,L9H1,0.0167376771569252,0.66534423828125
discovery,10,control,9 + 1 =,L9H2,-0.01332718413323164,0.66534423828125
discovery,10,control,9 + 1 =,L9H3,-0.0054624080657958984,0.66534423828125
discovery,10,control,9 + 1 =,L9H4,-0.01195363700389862,0.66534423828125
discovery,10,control,9 + 1 =,L9H5,0.0006495877169072628,0.66534423828125
discovery,10,control,9 + 1 =,L9H6,-0.002432640641927719,0.66534423828125
discovery,10,control,9 + 1 =,L9H7,0.014932751655578613,0.66534423828125
discovery,10,control,9 + 1 =,L9H8,0.0023391807917505503,0.66534423828125
discovery,10,control,9 + 1 =,L9H9,-0.1495244801044464,0.66534423828125
discovery,10,control,9 + 1 =,L9H10,-0.004028680734336376,0.66534423828125
discovery,10,control,9 + 1 =,L9H11,0.004376355092972517,0.66534423828125
discovery,10,control,9 + 1 =,L10H0,-0.021088669076561928,0.66534423828125
discovery,10,control,9 + 1 =,L10H1,-0.04195769503712654,0.66534423828125
discovery,10,control,9 + 1 =,L10H2,-0.062236230820417404,0.66534423828125
discovery,10,control,9 + 1 =,L10H3,-0.0017592813819646835,0.66534423828125
discovery,10,control,9 + 1 =,L10H4,-0.0020140642300248146,0.66534423828125
discovery,10,control,9 + 1 =,L10H5,0.006503736600279808,0.66534423828125
discovery,10,control,9 + 1 =,L10H6,-0.002937250304967165,0.66534423828125
discovery,10,control,9 + 1 =,L10H7,0.07316563278436661,0.66534423828125
discovery,10,control,9 + 1 =,L10H8,-0.0031531075946986675,0.66534423828125
discovery,10,control,9 + 1 =,L10H9,0.014948711730539799,0.66534423828125
discovery,10,control,9 + 1 =,L10H10,-0.00698971189558506,0.66534423828125
discovery,10,control,9 + 1 =,L10H11,-0.008322730660438538,0.66534423828125
discovery,10,control,9 + 1 =,L11H0,-0.05152833089232445,0.66534423828125
discovery,10,control,9 + 1 =,L11H1,0.03787203133106232,0.66534423828125
discovery,10,control,9 + 1 =,L11H2,-0.01225537620484829,0.66534423828125
discovery,10,control,9 + 1 =,L11H3,-0.0250360406935215,0.66534423828125
discovery,10,control,9 + 1 =,L11H4,-0.03015315532684326,0.66534423828125
discovery,10,control,9 + 1 =,L11H5,-0.011658776551485062,0.66534423828125
discovery,10,control,9 + 1 =,L11H6,0.006262167822569609,0.66534423828125
discovery,10,control,9 + 1 =,L11H7,-0.015768233686685562,0.66534423828125
discovery,10,control,9 + 1 =,L11H8,0.04519122838973999,0.66534423828125
discovery,10,control,9 + 1 =,L11H9,0.01293093804270029,0.66534423828125
discovery,10,control,9 + 1 =,L11H10,0.01261818502098322,0.66534423828125
discovery,10,control,9 + 1 =,L11H11,-0.020766330882906914,0.66534423828125
discovery,10,control,9 + 1 =,0_mlp_out,0.016583610326051712,0.66534423828125
discovery,10,control,9 + 1 =,1_mlp_out,-0.03624752163887024,0.66534423828125
discovery,10,control,9 + 1 =,2_mlp_out,-0.010213077068328857,0.66534423828125
discovery,10,control,9 + 1 =,3_mlp_out,-0.0043815262615680695,0.66534423828125
discovery,10,control,9 + 1 =,4_mlp_out,-0.05004577711224556,0.66534423828125
discovery,10,control,9 + 1 =,5_mlp_out,0.02013728767633438,0.66534423828125
discovery,10,control,9 + 1 =,6_mlp_out,-0.10099305212497711,0.66534423828125
discovery,10,control,9 + 1 =,7_mlp_out,0.1355668157339096,0.66534423828125
discovery,10,control,9 + 1 =,8_mlp_out,-0.03754532337188721,0.66534423828125
discovery,10,control,9 + 1 =,9_mlp_out,0.07717150449752808,0.66534423828125
discovery,10,control,9 + 1 =,10_mlp_out,-0.07544757425785065,0.66534423828125
discovery,10,control,9 + 1 =,11_mlp_out,-0.015247929841279984,0.66534423828125
discovery,10,control,9 + 1 =,embed,-0.004210722632706165,0.66534423828125
discovery,10,control,9 + 1 =,pos_embed,0.008411187678575516,0.66534423828125
discovery,10,control,9 + 1 =,bias,-0.021868079900741577,0.66534423828125
discovery,12,double,6 + 6 =,L0H0,0.010838264599442482,0.39818906784057617
discovery,12,double,6 + 6 =,L0H1,-0.0003974577412009239,0.39818906784057617
discovery,12,double,6 + 6 =,L0H2,-0.01165708340704441,0.39818906784057617
discovery,12,double,6 + 6 =,L0H3,0.012287470512092113,0.39818906784057617
discovery,12,double,6 + 6 =,L0H4,-0.02107023261487484,0.39818906784057617
discovery,12,double,6 + 6 =,L0H5,0.008912058547139168,0.39818906784057617
discovery,12,double,6 + 6 =,L0H6,0.04307745024561882,0.39818906784057617
discovery,12,double,6 + 6 =,L0H7,0.0008253781124949455,0.39818906784057617
discovery,12,double,6 + 6 =,L0H8,-0.015222771093249321,0.39818906784057617
discovery,12,double,6 + 6 =,L0H9,-0.02682250738143921,0.39818906784057617
discovery,12,double,6 + 6 =,L0H10,-0.018423929810523987,0.39818906784057617
discovery,12,double,6 + 6 =,L0H11,0.028077170252799988,0.39818906784057617
discovery,12,double,6 + 6 =,L1H0,-0.0036421106196939945,0.39818906784057617
discovery,12,double,6 + 6 =,L1H1,-0.0031130826100707054,0.39818906784057617
discovery,12,double,6 + 6 =,L1H2,-0.031750280410051346,0.39818906784057617
discovery,12,double,6 + 6 =,L1H3,-0.03703003749251366,0.39818906784057617
discovery,12,double,6 + 6 =,L1H4,0.01684895157814026,0.39818906784057617
discovery,12,double,6 + 6 =,L1H5,0.001125437207520008,0.39818906784057617
discovery,12,double,6 + 6 =,L1H6,-0.004589952528476715,0.39818906784057617
discovery,12,double,6 + 6 =,L1H7,0.0008038440719246864,0.39818906784057617
discovery,12,double,6 + 6 =,L1H8,0.0018569654785096645,0.39818906784057617
discovery,12,double,6 + 6 =,L1H9,0.008090630173683167,0.39818906784057617
discovery,12,double,6 + 6 =,L1H10,0.010891817510128021,0.39818906784057617
discovery,12,double,6 + 6 =,L1H11,-0.012683817185461521,0.39818906784057617
discovery,12,double,6 + 6 =,L2H0,0.007826579734683037,0.39818906784057617
discovery,12,double,6 + 6 =,L2H1,-0.0025585144758224487,0.39818906784057617
discovery,12,double,6 + 6 =,L2H2,-0.008956046774983406,0.39818906784057617
discovery,12,double,6 + 6 =,L2H3,-0.01693015731871128,0.39818906784057617
discovery,12,double,6 + 6 =,L2H4,-0.006792513187974691,0.39818906784057617
discovery,12,double,6 + 6 =,L2H5,-0.013324204832315445,0.39818906784057617
discovery,12,double,6 + 6 =,L2H6,0.019413292407989502,0.39818906784057617
discovery,12,double,6 + 6 =,L2H7,-0.012129549868404865,0.39818906784057617
discovery,12,double,6 + 6 =,L2H8,0.02528778649866581,0.39818906784057617
discovery,12,double,6 + 6 =,L2H9,-0.0026519643142819405,0.39818906784057617
discovery,12,double,6 + 6 =,L2H10,0.015545057132840157,0.39818906784057617
discovery,12,double,6 + 6 =,L2H11,0.009778845123946667,0.39818906784057617
discovery,12,double,6 + 6 =,L3H0,-0.007389702834188938,0.39818906784057617
discovery,12,double,6 + 6 =,L3H1,-0.0031019567977637053,0.39818906784057617
discovery,12,double,6 + 6 =,L3H2,-0.01333969458937645,0.39818906784057617
discovery,12,double,6 + 6 =,L3H3,-0.0063119912520051,0.39818906784057617
discovery,12,double,6 + 6 =,L3H4,0.012590732425451279,0.39818906784057617
discovery,12,double,6 + 6 =,L3H5,0.0006290087476372719,0.39818906784057617
discovery,12,double,6 + 6 =,L3H6,0.0017163846641778946,0.39818906784057617
discovery,12,double,6 + 6 =,L3H7,-0.003246733220294118,0.39818906784057617
discovery,12,double,6 + 6 =,L3H8,0.001146123744547367,0.39818906784057617
discovery,12,double,6 + 6 =,L3H9,0.009819596074521542,0.39818906784057617
discovery,12,double,6 + 6 =,L3H10,-0.00956021249294281,0.39818906784057617
discovery,12,double,6 + 6 =,L3H11,-0.005937726702541113,0.39818906784057617
discovery,12,double,6 + 6 =,L4H0,0.009855033829808235,0.39818906784057617
discovery,12,double,6 + 6 =,L4H1,-0.00044251722283661366,0.39818906784057617
discovery,12,double,6 + 6 =,L4H2,0.0090245446190238,0.39818906784057617
discovery,12,double,6 + 6 =,L4H3,-0.00863748136907816,0.39818906784057617
discovery,12,double,6 + 6 =,L4H4,-0.004219559952616692,0.39818906784057617
discovery,12,double,6 + 6 =,L4H5,0.0014526860322803259,0.39818906784057617
discovery,12,double,6 + 6 =,L4H6,-0.008361568674445152,0.39818906784057617
discovery,12,double,6 + 6 =,L4H7,0.01173846423625946,0.39818906784057617
discovery,12,double,6 + 6 =,L4H8,-0.007176639512181282,0.39818906784057617
discovery,12,double,6 + 6 =,L4H9,0.008295629173517227,0.39818906784057617
discovery,12,double,6 + 6 =,L4H10,-0.005567081272602081,0.39818906784057617
discovery,12,double,6 + 6 =,L4H11,-0.02662516012787819,0.39818906784057617
discovery,12,double,6 + 6 =,L5H0,0.006892100442200899,0.39818906784057617
discovery,12,double,6 + 6 =,L5H1,-0.0018629860132932663,0.39818906784057617
discovery,12,double,6 + 6 =,L5H2,-0.0038376059383153915,0.39818906784057617
discovery,12,double,6 + 6 =,L5H3,0.005911692976951599,0.39818906784057617
discovery,12,double,6 + 6 =,L5H4,0.0069165537133812904,0.39818906784057617
discovery,12,double,6 + 6 =,L5H5,-0.00972529873251915,0.39818906784057617
discovery,12,double,6 + 6 =,L5H6,-0.008084353059530258,0.39818906784057617
discovery,12,double,6 + 6 =,L5H7,0.002738184528425336,0.39818906784057617
discovery,12,double,6 + 6 =,L5H8,-0.010257147252559662,0.39818906784057617
discovery,12,double,6 + 6 =,L5H9,0.007307413965463638,0.39818906784057617
discovery,12,double,6 + 6 =,L5H10,-0.010553862899541855,0.39818906784057617
discovery,12,double,6 + 6 =,L5H11,0.0031100166961550713,0.39818906784057617
discovery,12,double,6 + 6 =,L6H0,-0.010458877310156822,0.39818906784057617
discovery,12,double,6 + 6 =,L6H1,0.007153177168220282,0.39818906784057617
discovery,12,double,6 + 6 =,L6H2,0.0010478990152478218,0.39818906784057617
discovery,12,double,6 + 6 =,L6H3,-0.007714306470006704,0.39818906784057617
discovery,12,double,6 + 6 =,L6H4,-0.002802572213113308,0.39818906784057617
discovery,12,double,6 + 6 =,L6H5,-0.016473643481731415,0.39818906784057617
discovery,12,double,6 + 6 =,L6H6,0.0023060122039169073,0.39818906784057617
discovery,12,double,6 + 6 =,L6H7,0.019666559994220734,0.39818906784057617
discovery,12,double,6 + 6 =,L6H8,0.00880452711135149,0.39818906784057617
discovery,12,double,6 + 6 =,L6H9,0.02182161435484886,0.39818906784057617
discovery,12,double,6 + 6 =,L6H10,-0.002687308005988598,0.39818906784057617
discovery,12,double,6 + 6 =,L6H11,0.0024685536045581102,0.39818906784057617
discovery,12,double,6 + 6 =,L7H0,-0.0066847410053014755,0.39818906784057617
discovery,12,double,6 + 6 =,L7H1,-0.006130012683570385,0.39818906784057617
discovery,12,double,6 + 6 =,L7H2,-0.0030942955054342747,0.39818906784057617
discovery,12,double,6 + 6 =,L7H3,0.004462059587240219,0.39818906784057617
discovery,12,double,6 + 6 =,L7H4,0.00922313705086708,0.39818906784057617
discovery,12,double,6 + 6 =,L7H5,-0.007379736751317978,0.39818906784057617
discovery,12,double,6 + 6 =,L7H6,0.02616165578365326,0.39818906784057617
discovery,12,double,6 + 6 =,L7H7,0.0007924097590148449,0.39818906784057617
discovery,12,double,6 + 6 =,L7H8,0.040804632008075714,0.39818906784057617
discovery,12,double,6 + 6 =,L7H9,-0.003286515362560749,0.39818906784057617
discovery,12,double,6 + 6 =,L7H10,0.008398130536079407,0.39818906784057617
discovery,12,double,6 + 6 =,L7H11,-0.006282897666096687,0.39818906784057617
discovery,12,double,6 + 6 =,L8H0,-0.011522728018462658,0.39818906784057617
discovery,12,double,6 + 6 =,L8H1,0.001235565752722323,0.39818906784057617
discovery,12,double,6 + 6 =,L8H2,0.01175523828715086,0.39818906784057617
discovery,12,double,6 + 6 =,L8H3,-0.001960995141416788,0.39818906784057617
discovery,12,double,6 + 6 =,L8H4,0.002815868705511093,0.39818906784057617
discovery,12,double,6 + 6 =,L8H5,0.011189405806362629,0.39818906784057617
discovery,12,double,6 + 6 =,L8H6,-0.024391720071434975,0.39818906784057617
discovery,12,double,6 + 6 =,L8H7,0.008590792305767536,0.39818906784057617
discovery,12,double,6 + 6 =,L8H8,-0.03223381191492081,0.39818906784057617
discovery,12,double,6 + 6 =,L8H9,0.01796085573732853,0.39818906784057617
discovery,12,double,6 + 6 =,L8H10,-0.014577804133296013,0.39818906784057617
discovery,12,double,6 + 6 =,L8H11,0.03544823080301285,0.39818906784057617
discovery,12,double,6 + 6 =,L9H0,0.01330341212451458,0.39818906784057617
discovery,12,double,6 + 6 =,L9H1,-0.016560019925236702,0.39818906784057617
discovery,12,double,6 + 6 =,L9H2,-0.0064499471336603165,0.39818906784057617
discovery,12,double,6 + 6 =,L9H3,-0.002769914921373129,0.39818906784057617
discovery,12,double,6 + 6 =,L9H4,0.005545445252209902,0.39818906784057617
discovery,12,double,6 + 6 =,L9H5,0.009759747423231602,0.39818906784057617
discovery,12,double,6 + 6 =,L9H6,-0.003094996325671673,0.39818906784057617
discovery,12,double,6 + 6 =,L9H7,0.007551537826657295,0.39818906784057617
discovery,12,double,6 + 6 =,L9H8,0.008889883756637573,0.39818906784057617
discovery,12,double,6 + 6 =,L9H9,0.10276041179895401,0.39818906784057617
discovery,12,double,6 + 6 =,L9H10,0.005761011503636837,0.39818906784057617
discovery,12,double,6 + 6 =,L9H11,-0.005500715225934982,0.39818906784057617
discovery,12,double,6 + 6 =,L10H0,0.0032657133415341377,0.39818906784057617
discovery,12,double,6 + 6 =,L10H1,-0.02882121130824089,0.39818906784057617
discovery,12,double,6 + 6 =,L10H2,0.12280289828777313,0.39818906784057617
discovery,12,double,6 + 6 =,L10H3,-0.003994086757302284,0.39818906784057617
discovery,12,double,6 + 6 =,L10H4,0.009602464735507965,0.39818906784057617
discovery,12,double,6 + 6 =,L10H5,-0.0007975059561431408,0.39818906784057617
discovery,12,double,6 + 6 =,L10H6,0.0021059077698737383,0.39818906784057617
discovery,12,double,6 + 6 =,L10H7,-0.03176385164260864,0.39818906784057617
discovery,12,double,6 + 6 =,L10H8,-0.002031591720879078,0.39818906784057617
discovery,12,double,6 + 6 =,L10H9,0.01781296730041504,0.39818906784057617
discovery,12,double,6 + 6 =,L10H10,-0.0050499094650149345,0.39818906784057617
discovery,12,double,6 + 6 =,L10H11,-0.010800350457429886,0.39818906784057617
discovery,12,double,6 + 6 =,L11H0,-0.011728079989552498,0.39818906784057617
discovery,12,double,6 + 6 =,L11H1,0.04012175649404526,0.39818906784057617
discovery,12,double,6 + 6 =,L11H2,0.007025557570159435,0.39818906784057617
discovery,12,double,6 + 6 =,L11H3,-0.00974414125084877,0.39818906784057617
discovery,12,double,6 + 6 =,L11H4,0.005717146210372448,0.39818906784057617
discovery,12,double,6 + 6 =,L11H5,-0.022620197385549545,0.39818906784057617
discovery,12,double,6 + 6 =,L11H6,-0.0026583359576761723,0.39818906784057617
discovery,12,double,6 + 6 =,L11H7,-0.01401111762970686,0.39818906784057617
discovery,12,double,6 + 6 =,L11H8,0.0714041069149971,0.39818906784057617
discovery,12,double,6 + 6 =,L11H9,0.014387337490916252,0.39818906784057617
discovery,12,double,6 + 6 =,L11H10,-0.023738712072372437,0.39818906784057617
discovery,12,double,6 + 6 =,L11H11,-0.008402567356824875,0.39818906784057617
discovery,12,double,6 + 6 =,0_mlp_out,-0.004016172140836716,0.39818906784057617
discovery,12,double,6 + 6 =,1_mlp_out,-0.019385164603590965,0.39818906784057617
discovery,12,double,6 + 6 =,2_mlp_out,0.0759020745754242,0.39818906784057617
discovery,12,double,6 + 6 =,3_mlp_out,-0.013108043000102043,0.39818906784057617
discovery,12,double,6 + 6 =,4_mlp_out,0.051280487328767776,0.39818906784057617
discovery,12,double,6 + 6 =,5_mlp_out,-0.010128658264875412,0.39818906784057617
discovery,12,double,6 + 6 =,6_mlp_out,-0.06463199108839035,0.39818906784057617
discovery,12,double,6 + 6 =,7_mlp_out,-0.12095913290977478,0.39818906784057617
discovery,12,double,6 + 6 =,8_mlp_out,-0.06452544778585434,0.39818906784057617
discovery,12,double,6 + 6 =,9_mlp_out,0.024301767349243164,0.39818906784057617
discovery,12,double,6 + 6 =,10_mlp_out,0.06810356676578522,0.39818906784057617
discovery,12,double,6 + 6 =,11_mlp_out,-0.08137263357639313,0.39818906784057617
discovery,12,double,6 + 6 =,embed,0.005704584531486034,0.39818906784057617
discovery,12,double,6 + 6 =,pos_embed,0.0013300396967679262,0.39818906784057617
discovery,12,double,6 + 6 =,bias,-0.08383321762084961,0.39818906784057617
discovery,12,control,3 + 9 =,L0H0,0.010212014429271221,0.39818906784057617
discovery,12,control,3 + 9 =,L0H1,-0.0004242723807692528,0.39818906784057617
discovery,12,control,3 + 9 =,L0H2,-0.011047404259443283,0.39818906784057617
discovery,12,control,3 + 9 =,L0H3,0.01230587251484394,0.39818906784057617
discovery,12,control,3 + 9 =,L0H4,-0.020518608391284943,0.39818906784057617
discovery,12,control,3 + 9 =,L0H5,0.008774529211223125,0.39818906784057617
discovery,12,control,3 + 9 =,L0H6,0.042220063507556915,0.39818906784057617
discovery,12,control,3 + 9 =,L0H7,-0.0020818416960537434,0.39818906784057617
discovery,12,control,3 + 9 =,L0H8,-0.015126265585422516,0.39818906784057617
discovery,12,control,3 + 9 =,L0H9,-0.0264386385679245,0.39818906784057617
discovery,12,control,3 + 9 =,L0H10,-0.01645941287279129,0.39818906784057617
discovery,12,control,3 + 9 =,L0H11,0.02959616668522358,0.39818906784057617
discovery,12,control,3 + 9 =,L1H0,-0.0006285719573497772,0.39818906784057617
discovery,12,control,3 + 9 =,L1H1,-0.003012701403349638,0.39818906784057617
discovery,12,control,3 + 9 =,L1H2,-0.029573539271950722,0.39818906784057617
discovery,12,control,3 + 9 =,L1H3,-0.03518962487578392,0.39818906784057617
discovery,12,control,3 + 9 =,L1H4,0.018300507217645645,0.39818906784057617
discovery,12,control,3 + 9 =,L1H5,0.0005088420584797859,0.39818906784057617
discovery,12,control,3 + 9 =,L1H6,-0.004555783234536648,0.39818906784057617
discovery,12,control,3 + 9 =,L1H7,-0.0007413853891193867,0.39818906784057617
discovery,12,control,3 + 9 =,L1H8,0.0014878837391734123,0.39818906784057617
discovery,12,control,3 + 9 =,L1H9,0.008829796686768532,0.39818906784057617
discovery,12,control,3 + 9 =,L1H10,0.009804723784327507,0.39818906784057617
discovery,12,control,3 + 9 =,L1H11,-0.010892675258219242,0.39818906784057617
discovery,12,control,3 + 9 =,L2H0,0.007358289789408445,0.39818906784057617
discovery,12,control,3 + 9 =,L2H1,-0.003051930572837591,0.39818906784057617
discovery,12,control,3 + 9 =,L2H2,-0.004302624613046646,0.39818906784057617
discovery,12,control,3 + 9 =,L2H3,-0.017979664728045464,0.39818906784057617
discovery,12,control,3 + 9 =,L2H4,-0.006832713261246681,0.39818906784057617
discovery,12,control,3 + 9 =,L2H5,-0.012312693521380424,0.39818906784057617
discovery,12,control,3 + 9 =,L2H6,0.01846645399928093,0.39818906784057617
discovery,12,control,3 + 9 =,L2H7,-0.012422677129507065,0.39818906784057617
discovery,12,control,3 + 9 =,L2H8,0.02508280985057354,0.39818906784057617
discovery,12,control,3 + 9 =,L2H9,-0.0024811699986457825,0.39818906784057617
discovery,12,control,3 + 9 =,L2H10,0.015974238514900208,0.39818906784057617
discovery,12,control,3 + 9 =,L2H11,0.009567033499479294,0.39818906784057617
discovery,12,control,3 + 9 =,L3H0,-0.007745814509689808,0.39818906784057617
discovery,12,control,3 + 9 =,L3H1,-0.0018596416339278221,0.39818906784057617
discovery,12,control,3 + 9 =,L3H2,-0.013512598350644112,0.39818906784057617
discovery,12,control,3 + 9 =,L3H3,-0.001273907138966024,0.39818906784057617
discovery,12,control,3 + 9 =,L3H4,0.012625166215002537,0.39818906784057617
discovery,12,control,3 + 9 =,L3H5,0.005335195455700159,0.39818906784057617
discovery,12,control,3 + 9 =,L3H6,-0.0004287315532565117,0.39818906784057617
discovery,12,control,3 + 9 =,L3H7,-0.00616068672388792,0.39818906784057617
discovery,12,control,3 + 9 =,L3H8,0.004260980989784002,0.39818906784057617
discovery,12,control,3 + 9 =,L3H9,0.00530108530074358,0.39818906784057617
discovery,12,control,3 + 9 =,L3H10,-0.010295075364410877,0.39818906784057617
discovery,12,control,3 + 9 =,L3H11,-0.00658532977104187,0.39818906784057617
discovery,12,control,3 + 9 =,L4H0,0.00817958265542984,0.39818906784057617
discovery,12,control,3 + 9 =,L4H1,0.00041605159640312195,0.39818906784057617
discovery,12,control,3 + 9 =,L4H2,0.006333250552415848,0.39818906784057617
discovery,12,control,3 + 9 =,L4H3,-0.0030200621113181114,0.39818906784057617
discovery,12,control,3 + 9 =,L4H4,-0.0030753137543797493,0.39818906784057617
discovery,12,control,3 + 9 =,L4H5,-1.6157515347003937e-05,0.39818906784057617
discovery,12,control,3 + 9 =,L4H6,-0.01782577484846115,0.39818906784057617
discovery,12,control,3 + 9 =,L4H7,0.011379764415323734,0.39818906784057617
discovery,12,control,3 + 9 =,L4H8,-0.00719614839181304,0.39818906784057617
discovery,12,control,3 + 9 =,L4H9,0.008300638757646084,0.39818906784057617
discovery,12,control,3 + 9 =,L4H10,-0.0068359375,0.39818906784057617
discovery,12,control,3 + 9 =,L4H11,-0.013399822637438774,0.39818906784057617
discovery,12,control,3 + 9 =,L5H0,0.0064031025394797325,0.39818906784057617
discovery,12,control,3 + 9 =,L5H1,-0.002081524580717087,0.39818906784057617
discovery,12,control,3 + 9 =,L5H2,-0.0038792118430137634,0.39818906784057617
discovery,12,control,3 + 9 =,L5H3,0.004738796502351761,0.39818906784057617
discovery,12,control,3 + 9 =,L5H4,0.018607281148433685,0.39818906784057617
discovery,12,control,3 + 9 =,L5H5,-0.00773722305893898,0.39818906784057617
discovery,12,control,3 + 9 =,L5H6,-0.010452182963490486,0.39818906784057617
discovery,12,control,3 + 9 =,L5H7,0.002769917482510209,0.39818906784057617
discovery,12,control,3 + 9 =,L5H8,0.0022949855774641037,0.39818906784057617
discovery,12,control,3 + 9 =,L5H9,0.004214951768517494,0.39818906784057617
discovery,12,control,3 + 9 =,L5H10,-0.007781284861266613,0.39818906784057617
discovery,12,control,3 + 9 =,L5H11,0.0029021180234849453,0.39818906784057617
discovery,12,control,3 + 9 =,L6H0,-0.0022209961898624897,0.39818906784057617
discovery,12,control,3 + 9 =,L6H1,0.00920593086630106,0.39818906784057617
discovery,12,control,3 + 9 =,L6H2,0.0003016511909663677,0.39818906784057617
discovery,12,control,3 + 9 =,L6H3,-0.0018364917486906052,0.39818906784057617
discovery,12,control,3 + 9 =,L6H4,-0.007771061267703772,0.39818906784057617
discovery,12,control,3 + 9 =,L6H5,-0.010783261619508266,0.39818906784057617
discovery,12,control,3 + 9 =,L6H6,-0.002309052273631096,0.39818906784057617
discovery,12,control,3 + 9 =,L6H7,0.0315590426325798,0.39818906784057617
discovery,12,control,3 + 9 =,L6H8,0.00644798344001174,0.39818906784057617
discovery,12,control,3 + 9 =,L6H9,0.012457933276891708,0.39818906784057617
discovery,12,control,3 + 9 =,L6H10,-0.0038221587892621756,0.39818906784057617
discovery,12,control,3 + 9 =,L6H11,-0.0037849266082048416,0.39818906784057617
discovery,12,control,3 + 9 =,L7H0,-0.0025782654993236065,0.39818906784057617
discovery,12,control,3 + 9 =,L7H1,-0.005535740405321121,0.39818906784057617
discovery,12,control,3 + 9 =,L7H2,-0.0031748292967677116,0.39818906784057617
discovery,12,control,3 + 9 =,L7H3,0.008490441367030144,0.39818906784057617
discovery,12,control,3 + 9 =,L7H4,0.006583757232874632,0.39818906784057617
discovery,12,control,3 + 9 =,L7H5,-0.013651791960000992,0.39818906784057617
discovery,12,control,3 + 9 =,L7H6,0.026371832937002182,0.39818906784057617
discovery,12,control,3 + 9 =,L7H7,0.0008107670582830906,0.39818906784057617
discovery,12,control,3 + 9 =,L7H8,0.038958095014095306,0.39818906784057617
discovery,12,control,3 + 9 =,L7H9,0.00586688332259655,0.39818906784057617
discovery,12,control,3 + 9 =,L7H10,-0.0002184850163757801,0.39818906784057617
discovery,12,control,3 + 9 =,L7H11,-0.007988843135535717,0.39818906784057617
discovery,12,control,3 + 9 =,L8H0,-0.007971673272550106,0.39818906784057617
discovery,12,control,3 + 9 =,L8H1,-0.00042780349031090736,0.39818906784057617
discovery,12,control,3 + 9 =,L8H2,0.011202159337699413,0.39818906784057617
discovery,12,control,3 + 9 =,L8H3,-0.00524949049577117,0.39818906784057617
discovery,12,control,3 + 9 =,L8H4,0.0025272120255976915,0.39818906784057617
discovery,12,control,3 + 9 =,L8H5,0.012271455489099026,0.39818906784057617
discovery,12,control,3 + 9 =,L8H6,-0.022561263293027878,0.39818906784057617
discovery,12,control,3 + 9 =,L8H7,0.010158073157072067,0.39818906784057617
discovery,12,control,3 + 9 =,L8H8,-0.006865029223263264,0.39818906784057617
discovery,12,control,3 + 9 =,L8H9,0.021115729585289955,0.39818906784057617
discovery,12,control,3 + 9 =,L8H10,-0.011307883076369762,0.39818906784057617
discovery,12,control,3 + 9 =,L8H11,-0.01573348417878151,0.39818906784057617
discovery,12,control,3 + 9 =,L9H0,0.012746229767799377,0.39818906784057617
discovery,12,control,3 + 9 =,L9H1,-0.01432931236922741,0.39818906784057617
discovery,12,control,3 + 9 =,L9H2,-0.006937903352081776,0.39818906784057617
discovery,12,control,3 + 9 =,L9H3,0.0008746427483856678,0.39818906784057617
discovery,12,control,3 + 9 =,L9H4,0.0034770099446177483,0.39818906784057617
discovery,12,control,3 + 9 =,L9H5,0.007094306871294975,0.39818906784057617
discovery,12,control,3 + 9 =,L9H6,-0.005957200191915035,0.39818906784057617
discovery,12,control,3 + 9 =,L9H7,0.013401614502072334,0.39818906784057617
discovery,12,control,3 + 9 =,L9H8,0.007752630393952131,0.39818906784057617
discovery,12,control,3 + 9 =,L9H9,-0.0023238379508256912,0.39818906784057617
discovery,12,control,3 + 9 =,L9H10,0.005829548928886652,0.39818906784057617
discovery,12,control,3 + 9 =,L9H11,-0.0054072244092822075,0.39818906784057617
discovery,12,control,3 + 9 =,L10H0,-0.004105499014258385,0.39818906784057617
discovery,12,control,3 + 9 =,L10H1,-0.041040122509002686,0.39818906784057617
discovery,12,control,3 + 9 =,L10H2,0.04978722333908081,0.39818906784057617
discovery,12,control,3 + 9 =,L10H3,-0.004393775016069412,0.39818906784057617
discovery,12,control,3 + 9 =,L10H4,0.0037718545645475388,0.39818906784057617
discovery,12,control,3 + 9 =,L10H5,-0.0014318428002297878,0.39818906784057617
discovery,12,control,3 + 9 =,L10H6,0.0029045757837593555,0.39818906784057617
discovery,12,control,3 + 9 =,L10H7,0.01299784705042839,0.39818906784057617
discovery,12,control,3 + 9 =,L10H8,-0.0037975511513650417,0.39818906784057617
discovery,12,control,3 + 9 =,L10H9,0.0157609935849905,0.39818906784057617
discovery,12,control,3 + 9 =,L10H10,-0.006217421032488346,0.39818906784057617
discovery,12,control,3 + 9 =,L10H11,-0.008050002157688141,0.39818906784057617
discovery,12,control,3 + 9 =,L11H0,-0.0036090081557631493,0.39818906784057617
discovery,12,control,3 + 9 =,L11H1,0.03890444338321686,0.39818906784057617
discovery,12,control,3 + 9 =,L11H2,-0.007174081169068813,0.39818906784057617
discovery,12,control,3 + 9 =,L11H3,-0.008459053002297878,0.39818906784057617
discovery,12,control,3 + 9 =,L11H4,0.0004644799046218395,0.39818906784057617
discovery,12,control,3 + 9 =,L11H5,-0.019615013152360916,0.39818906784057617
discovery,12,control,3 + 9 =,L11H6,-0.005090619437396526,0.39818906784057617
discovery,12,control,3 + 9 =,L11H7,-0.01654859259724617,0.39818906784057617
discovery,12,control,3 + 9 =,L11H8,0.06521361321210861,0.39818906784057617
discovery,12,control,3 + 9 =,L11H9,0.012932626530528069,0.39818906784057617
discovery,12,control,3 + 9 =,L11H10,-0.022037068381905556,0.39818906784057617
discovery,12,control,3 + 9 =,L11H11,-0.009276658296585083,0.39818906784057617
discovery,12,control,3 + 9 =,0_mlp_out,-0.0013098269701004028,0.39818906784057617
discovery,12,control,3 + 9 =,1_mlp_out,-0.020720859989523888,0.39818906784057617
discovery,12,control,3 + 9 =,2_mlp_out,0.06836141645908356,0.39818906784057617
discovery,12,control,3 + 9 =,3_mlp_out,-0.013730064034461975,0.39818906784057617
discovery,12,control,3 + 9 =,4_mlp_out,0.050223927944898605,0.39818906784057617
discovery,12,control,3 + 9 =,5_mlp_out,-0.03372112661600113,0.39818906784057617
discovery,12,control,3 + 9 =,6_mlp_out,-0.07265661656856537,0.39818906784057617
discovery,12,control,3 + 9 =,7_mlp_out,-0.12633290886878967,0.39818906784057617
discovery,12,control,3 + 9 =,8_mlp_out,-0.06912020593881607,0.39818906784057617
discovery,12,control,3 + 9 =,9_mlp_out,0.03613242879509926,0.39818906784057617
discovery,12,control,3 + 9 =,10_mlp_out,0.03309125453233719,0.39818906784057617
discovery,12,control,3 + 9 =,11_mlp_out,-0.06592968851327896,0.39818906784057617
discovery,12,control,3 + 9 =,embed,0.0056442152708768845,0.39818906784057617
discovery,12,control,3 + 9 =,pos_embed,0.001315962988883257,0.39818906784057617
discovery,12,control,3 + 9 =,bias,-0.08294598758220673,0.39818906784057617
discovery,12,control,4 + 8 =,L0H0,0.009771301411092281,0.39818906784057617
discovery,12,control,4 + 8 =,L0H1,-0.000394448172301054,0.39818906784057617
discovery,12,control,4 + 8 =,L0H2,-0.010945852845907211,0.39818906784057617
discovery,12,control,4 + 8 =,L0H3,0.012173967435956001,0.39818906784057617
discovery,12,control,4 + 8 =,L0H4,-0.020511241629719734,0.39818906784057617
discovery,12,control,4 + 8 =,L0H5,0.008791076950728893,0.39818906784057617
discovery,12,control,4 + 8 =,L0H6,0.042056597769260406,0.39818906784057617
discovery,12,control,4 + 8 =,L0H7,-0.00016130460426211357,0.39818906784057617
discovery,12,control,4 + 8 =,L0H8,-0.01576494611799717,0.39818906784057617
discovery,12,control,4 + 8 =,L0H9,-0.025928540155291557,0.39818906784057617
discovery,12,control,4 + 8 =,L0H10,-0.0157850980758667,0.39818906784057617
discovery,12,control,4 + 8 =,L0H11,0.027946846559643745,0.39818906784057617
discovery,12,control,4 + 8 =,L1H0,-0.004238733556121588,0.39818906784057617
discovery,12,control,4 + 8 =,L1H1,-0.0031808430794626474,0.39818906784057617
discovery,12,control,4 + 8 =,L1H2,-0.03046010062098503,0.39818906784057617
discovery,12,control,4 + 8 =,L1H3,-0.0361899733543396,0.39818906784057617
discovery,12,control,4 + 8 =,L1H4,0.017741046845912933,0.39818906784057617
discovery,12,control,4 + 8 =,L1H5,0.0002028169110417366,0.39818906784057617
discovery,12,control,4 + 8 =,L1H6,-0.00394993182271719,0.39818906784057617
discovery,12,control,4 + 8 =,L1H7,-0.00031531229615211487,0.39818906784057617
discovery,12,control,4 + 8 =,L1H8,0.0011949907056987286,0.39818906784057617
discovery,12,control,4 + 8 =,L1H9,0.00907218735665083,0.39818906784057617
discovery,12,control,4 + 8 =,L1H10,0.010922899469733238,0.39818906784057617
discovery,12,control,4 + 8 =,L1H11,-0.010628018528223038,0.39818906784057617
discovery,12,control,4 + 8 =,L2H0,0.008982018567621708,0.39818906784057617
discovery,12,control,4 + 8 =,L2H1,-0.002921752166002989,0.39818906784057617
discovery,12,control,4 + 8 =,L2H2,-0.013568817637860775,0.39818906784057617
discovery,12,control,4 + 8 =,L2H3,-0.015408286824822426,0.39818906784057617
discovery,12,control,4 + 8 =,L2H4,-0.007344544865190983,0.39818906784057617
discovery,12,control,4 + 8 =,L2H5,-0.013485988602042198,0.39818906784057617
discovery,12,control,4 + 8 =,L2H6,0.019185807555913925,0.39818906784057617
discovery,12,control,4 + 8 =,L2H7,-0.010421902872622013,0.39818906784057617
discovery,12,control,4 + 8 =,L2H8,0.026150235906243324,0.39818906784057617
discovery,12,control,4 + 8 =,L2H9,-0.0019266516901552677,0.39818906784057617
discovery,12,control,4 + 8 =,L2H10,0.014871380291879177,0.39818906784057617
discovery,12,control,4 + 8 =,L2H11,0.008580859750509262,0.39818906784057617
discovery,12,control,4 + 8 =,L3H0,-0.008136335760354996,0.39818906784057617
discovery,12,control,4 + 8 =,L3H1,-0.002439829520881176,0.39818906784057617
discovery,12,control,4 + 8 =,L3H2,-0.012737625278532505,0.39818906784057617
discovery,12,control,4 + 8 =,L3H3,-0.006141951773315668,0.39818906784057617
discovery,12,control,4 + 8 =,L3H4,0.013863621279597282,0.39818906784057617
discovery,12,control,4 + 8 =,L3H5,0.005245528183877468,0.39818906784057617
discovery,12,control,4 + 8 =,L3H6,-0.0014219637960195541,0.39818906784057617
discovery,12,control,4 + 8 =,L3H7,-0.0052742017433047295,0.39818906784057617
discovery,12,control,4 + 8 =,L3H8,0.004380058962851763,0.39818906784057617
discovery,12,control,4 + 8 =,L3H9,0.008171788416802883,0.39818906784057617
discovery,12,control,4 + 8 =,L3H10,-0.00968027301132679,0.39818906784057617
discovery,12,control,4 + 8 =,L3H11,-0.007277761586010456,0.39818906784057617
discovery,12,control,4 + 8 =,L4H0,0.009289257228374481,0.39818906784057617
discovery,12,control,4 + 8 =,L4H1,0.0005907122977077961,0.39818906784057617
discovery,12,control,4 + 8 =,L4H2,0.008977459743618965,0.39818906784057617
discovery,12,control,4 + 8 =,L4H3,-0.0074817766435444355,0.39818906784057617
discovery,12,control,4 + 8 =,L4H4,-0.006601203698664904,0.39818906784057617
discovery,12,control,4 + 8 =,L4H5,0.0002677217125892639,0.39818906784057617
discovery,12,control,4 + 8 =,L4H6,-0.00957405474036932,0.39818906784057617
discovery,12,control,4 + 8 =,L4H7,0.012402758002281189,0.39818906784057617
discovery,12,control,4 + 8 =,L4H8,-0.006297348067164421,0.39818906784057617
discovery,12,control,4 + 8 =,L4H9,0.00891048088669777,0.39818906784057617
discovery,12,control,4 + 8 =,L4H10,-0.00704263336956501,0.39818906784057617
discovery,12,control,4 + 8 =,L4H11,-0.014561771415174007,0.39818906784057617
discovery,12,control,4 + 8 =,L5H0,0.007165282499045134,0.39818906784057617
discovery,12,control,4 + 8 =,L5H1,-0.0020386744290590286,0.39818906784057617
discovery,12,control,4 + 8 =,L5H2,-0.008266404271125793,0.39818906784057617
discovery,12,control,4 + 8 =,L5H3,0.0058255549520254135,0.39818906784057617
discovery,12,control,4 + 8 =,L5H4,0.019747719168663025,0.39818906784057617
discovery,12,control,4 + 8 =,L5H5,-0.007270358502864838,0.39818906784057617
discovery,12,control,4 + 8 =,L5H6,-0.011881138198077679,0.39818906784057617
discovery,12,control,4 + 8 =,L5H7,0.002488894620910287,0.39818906784057617
discovery,12,control,4 + 8 =,L5H8,-0.014883341267704964,0.39818906784057617
discovery,12,control,4 + 8 =,L5H9,0.005738219246268272,0.39818906784057617
discovery,12,control,4 + 8 =,L5H10,-0.00900292955338955,0.39818906784057617
discovery,12,control,4 + 8 =,L5H11,0.003662638831883669,0.39818906784057617
discovery,12,control,4 + 8 =,L6H0,-0.0030208779498934746,0.39818906784057617
discovery,12,control,4 + 8 =,L6H1,0.0033424384891986847,0.39818906784057617
discovery,12,control,4 + 8 =,L6H2,0.00023859553039073944,0.39818906784057617
discovery,12,control,4 + 8 =,L6H3,-0.00243956595659256,0.39818906784057617
discovery,12,control,4 + 8 =,L6H4,-0.010174041613936424,0.39818906784057617
discovery,12,control,4 + 8 =,L6H5,-0.007651170250028372,0.39818906784057617
discovery,12,control,4 + 8 =,L6H6,0.00023499084636569023,0.39818906784057617
discovery,12,control,4 + 8 =,L6H7,0.022777460515499115,0.39818906784057617
discovery,12,control,4 + 8 =,L6H8,0.007009192835539579,0.39818906784057617
discovery,12,control,4 + 8 =,L6H9,0.015941716730594635,0.39818906784057617
discovery,12,control,4 + 8 =,L6H10,-0.0038941451348364353,0.39818906784057617
discovery,12,control,4 + 8 =,L6H11,-0.0008667735382914543,0.39818906784057617
discovery,12,control,4 + 8 =,L7H0,-0.0020950865000486374,0.39818906784057617
discovery,12,control,4 + 8 =,L7H1,-0.006214681081473827,0.39818906784057617
discovery,12,control,4 + 8 =,L7H2,-0.0030291692819446325,0.39818906784057617
discovery,12,control,4 + 8 =,L7H3,0.01103515736758709,0.39818906784057617
discovery,12,control,4 + 8 =,L7H4,0.00817435048520565,0.39818906784057617
discovery,12,control,4 + 8 =,L7H5,-0.006436489522457123,0.39818906784057617
discovery,12,control,4 + 8 =,L7H6,0.025400005280971527,0.39818906784057617
discovery,12,control,4 + 8 =,L7H7,0.0009474828839302063,0.39818906784057617
discovery,12,control,4 + 8 =,L7H8,0.034490495920181274,0.39818906784057617
discovery,12,control,4 + 8 =,L7H9,-7.39959068596363e-05,0.39818906784057617
discovery,12,control,4 + 8 =,L7H10,0.006826198194175959,0.39818906784057617
discovery,12,control,4 + 8 =,L7H11,-0.0067193955183029175,0.39818906784057617
discovery,12,control,4 + 8 =,L8H0,-0.00926457904279232,0.39818906784057617
discovery,12,control,4 + 8 =,L8H1,0.0001535465708002448,0.39818906784057617
discovery,12,control,4 + 8 =,L8H2,0.012158817611634731,0.39818906784057617
discovery,12,control,4 + 8 =,L8H3,-0.0035456728655844927,0.39818906784057617
discovery,12,control,4 + 8 =,L8H4,0.0021960847079753876,0.39818906784057617
discovery,12,control,4 + 8 =,L8H5,0.018181076273322105,0.39818906784057617
discovery,12,control,4 + 8 =,L8H6,-0.02391037531197071,0.39818906784057617
discovery,12,control,4 + 8 =,L8H7,0.01179312914609909,0.39818906784057617
discovery,12,control,4 + 8 =,L8H8,-0.028774645179510117,0.39818906784057617
discovery,12,control,4 + 8 =,L8H9,0.020048201084136963,0.39818906784057617
discovery,12,control,4 + 8 =,L8H10,-0.015683764591813087,0.39818906784057617
discovery,12,control,4 + 8 =,L8H11,0.02185172401368618,0.39818906784057617
discovery,12,control,4 + 8 =,L9H0,0.015331176109611988,0.39818906784057617
discovery,12,control,4 + 8 =,L9H1,0.0004991404712200165,0.39818906784057617
discovery,12,control,4 + 8 =,L9H2,-0.006730012129992247,0.39818906784057617
discovery,12,control,4 + 8 =,L9H3,0.00010992633178830147,0.39818906784057617
discovery,12,control,4 + 8 =,L9H4,0.00509254913777113,0.39818906784057617
discovery,12,control,4 + 8 =,L9H5,0.009740609675645828,0.39818906784057617
discovery,12,control,4 + 8 =,L9H6,-0.0033493647351861,0.39818906784057617
discovery,12,control,4 + 8 =,L9H7,0.007517767138779163,0.39818906784057617
discovery,12,control,4 + 8 =,L9H8,0.008897167630493641,0.39818906784057617
discovery,12,control,4 + 8 =,L9H9,0.0395481251180172,0.39818906784057617
discovery,12,control,4 + 8 =,L9H10,0.005625362973660231,0.39818906784057617
discovery,12,control,4 + 8 =,L9H11,-0.005375948268920183,0.39818906784057617
discovery,12,control,4 + 8 =,L10H0,-0.0022721420973539352,0.39818906784057617
discovery,12,control,4 + 8 =,L10H1,-0.032655421644449234,0.39818906784057617
discovery,12,control,4 + 8 =,L10H2,0.08311204612255096,0.39818906784057617
discovery,12,control,4 + 8 =,L10H3,-0.004302171990275383,0.39818906784057617
discovery,12,control,4 + 8 =,L10H4,0.0033768825232982635,0.39818906784057617
discovery,12,control,4 + 8 =,L10H5,-0.0010390044189989567,0.39818906784057617
discovery,12,control,4 + 8 =,L10H6,0.002582917455583811,0.39818906784057617
discovery,12,control,4 + 8 =,L10H7,-0.006502999924123287,0.39818906784057617
discovery,12,control,4 + 8 =,L10H8,-0.0028264764696359634,0.39818906784057617
discovery,12,control,4 + 8 =,L10H9,0.017755134031176567,0.39818906784057617
discovery,12,control,4 + 8 =,L10H10,-0.002751522697508335,0.39818906784057617
discovery,12,control,4 + 8 =,L10H11,-0.008673962205648422,0.39818906784057617
discovery,12,control,4 + 8 =,L11H0,-0.012561635114252567,0.39818906784057617
discovery,12,control,4 + 8 =,L11H1,0.04120110347867012,0.39818906784057617
discovery,12,control,4 + 8 =,L11H2,0.005763858091086149,0.39818906784057617
discovery,12,control,4 + 8 =,L11H3,-0.008899220265448093,0.39818906784057617
discovery,12,control,4 + 8 =,L11H4,0.004971428774297237,0.39818906784057617
discovery,12,control,4 + 8 =,L11H5,-0.021663878113031387,0.39818906784057617
discovery,12,control,4 + 8 =,L11H6,-0.006443817634135485,0.39818906784057617
discovery,12,control,4 + 8 =,L11H7,-0.016959689557552338,0.39818906784057617
discovery,12,control,4 + 8 =,L11H8,0.06688204407691956,0.39818906784057617
discovery,12,control,4 + 8 =,L11H9,0.013551787473261356,0.39818906784057617
discovery,12,control,4 + 8 =,L11H10,-0.018133021891117096,0.39818906784057617
discovery,12,control,4 + 8 =,L11H11,-0.01173294149339199,0.39818906784057617
discovery,12,control,4 + 8 =,0_mlp_out,-0.002298753708600998,0.39818906784057617
discovery,12,control,4 + 8 =,1_mlp_out,-0.02169169671833515,0.39818906784057617
discovery,12,control,4 + 8 =,2_mlp_out,0.07942310720682144,0.39818906784057617
discovery,12,control,4 + 8 =,3_mlp_out,-0.008677298203110695,0.39818906784057617
discovery,12,control,4 + 8 =,4_mlp_out,0.042521461844444275,0.39818906784057617
discovery,12,control,4 + 8 =,5_mlp_out,-0.01696779392659664,0.39818906784057617
discovery,12,control,4 + 8 =,6_mlp_out,-0.0731768012046814,0.39818906784057617
discovery,12,control,4 + 8 =,7_mlp_out,-0.13300907611846924,0.39818906784057617
discovery,12,control,4 + 8 =,8_mlp_out,-0.06614020466804504,0.39818906784057617
discovery,12,control,4 + 8 =,9_mlp_out,0.06720282882452011,0.39818906784057617
discovery,12,control,4 + 8 =,10_mlp_out,0.05643363296985626,0.39818906784057617
discovery,12,control,4 + 8 =,11_mlp_out,-0.0683131292462349,0.39818906784057617
discovery,12,control,4 + 8 =,embed,0.0056359427981078625,0.39818906784057617
discovery,12,control,4 + 8 =,pos_embed,0.0013140338705852628,0.39818906784057617
discovery,12,control,4 + 8 =,bias,-0.08282437920570374,0.39818906784057617
discovery,12,control,5 + 7 =,L0H0,0.010539734736084938,0.39818906784057617
discovery,12,control,5 + 7 =,L0H1,-0.0003980356268584728,0.39818906784057617
discovery,12,control,5 + 7 =,L0H2,-0.011644922196865082,0.39818906784057617
discovery,12,control,5 + 7 =,L0H3,0.01187106966972351,0.39818906784057617
discovery,12,control,5 + 7 =,L0H4,-0.01941084861755371,0.39818906784057617
discovery,12,control,5 + 7 =,L0H5,0.008685801178216934,0.39818906784057617
discovery,12,control,5 + 7 =,L0H6,0.042036253958940506,0.39818906784057617
discovery,12,control,5 + 7 =,L0H7,0.0012832568027079105,0.39818906784057617
discovery,12,control,5 + 7 =,L0H8,-0.015382904559373856,0.39818906784057617
discovery,12,control,5 + 7 =,L0H9,-0.025370575487613678,0.39818906784057617
discovery,12,control,5 + 7 =,L0H10,-0.017533056437969208,0.39818906784057617
discovery,12,control,5 + 7 =,L0H11,0.02751738950610161,0.39818906784057617
discovery,12,control,5 + 7 =,L1H0,0.00010398216545581818,0.39818906784057617
discovery,12,control,5 + 7 =,L1H1,-0.0032440752256661654,0.39818906784057617
discovery,12,control,5 + 7 =,L1H2,-0.029314076527953148,0.39818906784057617
discovery,12,control,5 + 7 =,L1H3,-0.035550303757190704,0.39818906784057617
discovery,12,control,5 + 7 =,L1H4,0.01823461428284645,0.39818906784057617
discovery,12,control,5 + 7 =,L1H5,0.0008722860366106033,0.39818906784057617
discovery,12,control,5 + 7 =,L1H6,-0.00434868223965168,0.39818906784057617
discovery,12,control,5 + 7 =,L1H7,-0.0007790112867951393,0.39818906784057617
discovery,12,control,5 + 7 =,L1H8,0.000655472744256258,0.39818906784057617
discovery,12,control,5 + 7 =,L1H9,0.007168051786720753,0.39818906784057617
discovery,12,control,5 + 7 =,L1H10,0.010021207854151726,0.39818906784057617
discovery,12,control,5 + 7 =,L1H11,-0.011771445162594318,0.39818906784057617
discovery,12,control,5 + 7 =,L2H0,0.009757837280631065,0.39818906784057617
discovery,12,control,5 + 7 =,L2H1,-0.002065029926598072,0.39818906784057617
discovery,12,control,5 + 7 =,L2H2,0.001439919462427497,0.39818906784057617
discovery,12,control,5 + 7 =,L2H3,-0.01708337664604187,0.39818906784057617
discovery,12,control,5 + 7 =,L2H4,-0.006927568465471268,0.39818906784057617
discovery,12,control,5 + 7 =,L2H5,-0.015568451955914497,0.39818906784057617
discovery,12,control,5 + 7 =,L2H6,0.02046005241572857,0.39818906784057617
discovery,12,control,5 + 7 =,L2H7,-0.010115884244441986,0.39818906784057617
discovery,12,control,5 + 7 =,L2H8,0.02628449909389019,0.39818906784057617
discovery,12,control,5 + 7 =,L2H9,8.283974602818489e-05,0.39818906784057617
discovery,12,control,5 + 7 =,L2H10,0.014752998948097229,0.39818906784057617
discovery,12,control,5 + 7 =,L2H11,0.00864853709936142,0.39818906784057617
discovery,12,control,5 + 7 =,L3H0,-0.007186921313405037,0.39818906784057617
discovery,12,control,5 + 7 =,L3H1,-0.0014264006167650223,0.39818906784057617
discovery,12,control,5 + 7 =,L3H2,-0.011839009821414948,0.39818906784057617
discovery,12,control,5 + 7 =,L3H3,0.00010887323878705502,0.39818906784057617
discovery,12,control,5 + 7 =,L3H4,0.012944971211254597,0.39818906784057617
discovery,12,control,5 + 7 =,L3H5,0.005121451802551746,0.39818906784057617
discovery,12,control,5 + 7 =,L3H6,0.001678653061389923,0.39818906784057617
discovery,12,control,5 + 7 =,L3H7,0.00025938148610293865,0.39818906784057617
discovery,12,control,5 + 7 =,L3H8,0.0032942849211394787,0.39818906784057617
discovery,12,control,5 + 7 =,L3H9,0.009541111066937447,0.39818906784057617
discovery,12,control,5 + 7 =,L3H10,-0.014371803030371666,0.39818906784057617
discovery,12,control,5 + 7 =,L3H11,-0.008433382026851177,0.39818906784057617
discovery,12,control,5 + 7 =,L4H0,0.008281424641609192,0.39818906784057617
discovery,12,control,5 + 7 =,L4H1,0.00013487506657838821,0.39818906784057617
discovery,12,control,5 + 7 =,L4H2,0.010517379269003868,0.39818906784057617
discovery,12,control,5 + 7 =,L4H3,-1.2172386050224304e-06,0.39818906784057617
discovery,12,control,5 + 7 =,L4H4,-0.004780861549079418,0.39818906784057617
discovery,12,control,5 + 7 =,L4H5,-0.0024393959902226925,0.39818906784057617
discovery,12,control,5 + 7 =,L4H6,-0.0069268252700567245,0.39818906784057617
discovery,12,control,5 + 7 =,L4H7,0.004365726374089718,0.39818906784057617
discovery,12,control,5 + 7 =,L4H8,-0.0055609955452382565,0.39818906784057617
discovery,12,control,5 + 7 =,L4H9,0.009169921278953552,0.39818906784057617
discovery,12,control,5 + 7 =,L4H10,-0.006004445720463991,0.39818906784057617
discovery,12,control,5 + 7 =,L4H11,-0.009349887259304523,0.39818906784057617
discovery,12,control,5 + 7 =,L5H0,0.006489517167210579,0.39818906784057617
discovery,12,control,5 + 7 =,L5H1,-0.002150588668882847,0.39818906784057617
discovery,12,control,5 + 7 =,L5H2,0.0005638115108013153,0.39818906784057617
discovery,12,control,5 + 7 =,L5H3,0.007873103022575378,0.39818906784057617
discovery,12,control,5 + 7 =,L5H4,0.012836720794439316,0.39818906784057617
discovery,12,control,5 + 7 =,L5H5,-0.008035941980779171,0.39818906784057617
discovery,12,control,5 + 7 =,L5H6,-0.010079391300678253,0.39818906784057617
discovery,12,control,5 + 7 =,L5H7,0.0018367837183177471,0.39818906784057617
discovery,12,control,5 + 7 =,L5H8,6.624963134527206e-05,0.39818906784057617
discovery,12,control,5 + 7 =,L5H9,0.006178922951221466,0.39818906784057617
discovery,12,control,5 + 7 =,L5H10,-0.008871925994753838,0.39818906784057617
discovery,12,control,5 + 7 =,L5H11,0.003962434362620115,0.39818906784057617
discovery,12,control,5 + 7 =,L6H0,-0.00644515547901392,0.39818906784057617
discovery,12,control,5 + 7 =,L6H1,0.022252336144447327,0.39818906784057617
discovery,12,control,5 + 7 =,L6H2,0.000389826949685812,0.39818906784057617
discovery,12,control,5 + 7 =,L6H3,-0.00337345153093338,0.39818906784057617
discovery,12,control,5 + 7 =,L6H4,-0.008560461923480034,0.39818906784057617
discovery,12,control,5 + 7 =,L6H5,-0.01132151298224926,0.39818906784057617
discovery,12,control,5 + 7 =,L6H6,0.0003784000873565674,0.39818906784057617
discovery,12,control,5 + 7 =,L6H7,0.015000498853623867,0.39818906784057617
discovery,12,control,5 + 7 =,L6H8,0.013227908872067928,0.39818906784057617
discovery,12,control,5 + 7 =,L6H9,0.004842679016292095,0.39818906784057617
discovery,12,control,5 + 7 =,L6H10,-0.00452719209715724,0.39818906784057617
discovery,12,control,5 + 7 =,L6H11,0.001446557231247425,0.39818906784057617
discovery,12,control,5 + 7 =,L7H0,-0.004424187820404768,0.39818906784057617
discovery,12,control,5 + 7 =,L7H1,-0.005789532326161861,0.39818906784057617
discovery,12,control,5 + 7 =,L7H2,-0.0028916276060044765,0.39818906784057617
discovery,12,control,5 + 7 =,L7H3,0.01491494383662939,0.39818906784057617
discovery,12,control,5 + 7 =,L7H4,0.006856509484350681,0.39818906784057617
discovery,12,control,5 + 7 =,L7H5,-0.01563432067632675,0.39818906784057617
discovery,12,control,5 + 7 =,L7H6,0.02570917084813118,0.39818906784057617
discovery,12,control,5 + 7 =,L7H7,0.000922223087400198,0.39818906784057617
discovery,12,control,5 + 7 =,L7H8,0.03314422070980072,0.39818906784057617
discovery,12,control,5 + 7 =,L7H9,0.00572860985994339,0.39818906784057617
discovery,12,control,5 + 7 =,L7H10,-0.009126240387558937,0.39818906784057617
discovery,12,control,5 + 7 =,L7H11,-0.008457198739051819,0.39818906784057617
discovery,12,control,5 + 7 =,L8H0,-0.007196427322924137,0.39818906784057617
discovery,12,control,5 + 7 =,L8H1,-0.001289420761168003,0.39818906784057617
discovery,12,control,5 + 7 =,L8H2,0.009467237628996372,0.39818906784057617
discovery,12,control,5 + 7 =,L8H3,-0.009010173380374908,0.39818906784057617
discovery,12,control,5 + 7 =,L8H4,0.0028287579771131277,0.39818906784057617
discovery,12,control,5 + 7 =,L8H5,0.013172974810004234,0.39818906784057617
discovery,12,control,5 + 7 =,L8H6,-0.015769902616739273,0.39818906784057617
discovery,12,control,5 + 7 =,L8H7,0.009902890771627426,0.39818906784057617
discovery,12,control,5 + 7 =,L8H8,-0.011902833357453346,0.39818906784057617
discovery,12,control,5 + 7 =,L8H9,0.02016410417854786,0.39818906784057617
discovery,12,control,5 + 7 =,L8H10,-0.004274353850632906,0.39818906784057617
discovery,12,control,5 + 7 =,L8H11,-0.016109302639961243,0.39818906784057617
discovery,12,control,5 + 7 =,L9H0,0.01238051988184452,0.39818906784057617
discovery,12,control,5 + 7 =,L9H1,-0.005181485787034035,0.39818906784057617
discovery,12,control,5 + 7 =,L9H2,-0.006644874811172485,0.39818906784057617
discovery,12,control,5 + 7 =,L9H3,-0.0012500006705522537,0.39818906784057617
discovery,12,control,5 + 7 =,L9H4,0.004375082906335592,0.39818906784057617
discovery,12,control,5 + 7 =,L9H5,0.008886817842721939,0.39818906784057617
discovery,12,control,5 + 7 =,L9H6,-0.010954180732369423,0.39818906784057617
discovery,12,control,5 + 7 =,L9H7,0.01072260458022356,0.39818906784057617
discovery,12,control,5 + 7 =,L9H8,0.00859818048775196,0.39818906784057617
discovery,12,control,5 + 7 =,L9H9,-0.035251468420028687,0.39818906784057617
discovery,12,control,5 + 7 =,L9H10,0.004292799159884453,0.39818906784057617
discovery,12,control,5 + 7 =,L9H11,-0.0054795644246041775,0.39818906784057617
discovery,12,control,5 + 7 =,L10H0,-0.0014240797609090805,0.39818906784057617
discovery,12,control,5 + 7 =,L10H1,-0.03508937358856201,0.39818906784057617
discovery,12,control,5 + 7 =,L10H2,0.04635845869779587,0.39818906784057617
discovery,12,control,5 + 7 =,L10H3,-0.004386648070067167,0.39818906784057617
discovery,12,control,5 + 7 =,L10H4,0.00681696180254221,0.39818906784057617
discovery,12,control,5 + 7 =,L10H5,-0.002816050313413143,0.39818906784057617
discovery,12,control,5 + 7 =,L10H6,0.0028780316933989525,0.39818906784057617
discovery,12,control,5 + 7 =,L10H7,0.03229983523488045,0.39818906784057617
discovery,12,control,5 + 7 =,L10H8,-0.0018538669683039188,0.39818906784057617
discovery,12,control,5 + 7 =,L10H9,0.01737295649945736,0.39818906784057617
discovery,12,control,5 + 7 =,L10H10,-0.009475333616137505,0.39818906784057617
discovery,12,control,5 + 7 =,L10H11,-0.010736886411905289,0.39818906784057617
discovery,12,control,5 + 7 =,L11H0,-0.011259104125201702,0.39818906784057617
discovery,12,control,5 + 7 =,L11H1,0.03738313913345337,0.39818906784057617
discovery,12,control,5 + 7 =,L11H2,-0.013975164853036404,0.39818906784057617
discovery,12,control,5 + 7 =,L11H3,-0.009048396721482277,0.39818906784057617
discovery,12,control,5 + 7 =,L11H4,0.002073533134534955,0.39818906784057617
discovery,12,control,5 + 7 =,L11H5,-0.021351253613829613,0.39818906784057617
discovery,12,control,5 + 7 =,L11H6,-0.0051277559250593185,0.39818906784057617
discovery,12,control,5 + 7 =,L11H7,-0.01319831795990467,0.39818906784057617
discovery,12,control,5 + 7 =,L11H8,0.06670315563678741,0.39818906784057617
discovery,12,control,5 + 7 =,L11H9,0.012303976342082024,0.39818906784057617
discovery,12,control,5 + 7 =,L11H10,-0.008529659360647202,0.39818906784057617
discovery,12,control,5 + 7 =,L11H11,-0.010003123432397842,0.39818906784057617
discovery,12,control,5 + 7 =,0_mlp_out,-0.005647066980600357,0.39818906784057617
discovery,12,control,5 + 7 =,1_mlp_out,-0.023082202300429344,0.39818906784057617
discovery,12,control,5 + 7 =,2_mlp_out,0.07589414715766907,0.39818906784057617
discovery,12,control,5 + 7 =,3_mlp_out,-0.019048498943448067,0.39818906784057617
discovery,12,control,5 + 7 =,4_mlp_out,0.03148376941680908,0.39818906784057617
discovery,12,control,5 + 7 =,5_mlp_out,-0.03379225358366966,0.39818906784057617
discovery,12,control,5 + 7 =,6_mlp_out,-0.06473306566476822,0.39818906784057617
discovery,12,control,5 + 7 =,7_mlp_out,-0.1109345406293869,0.39818906784057617
discovery,12,control,5 + 7 =,8_mlp_out,-0.06755572557449341,0.39818906784057617
discovery,12,control,5 + 7 =,9_mlp_out,0.031645700335502625,0.39818906784057617
discovery,12,control,5 + 7 =,10_mlp_out,0.08048713952302933,0.39818906784057617
discovery,12,control,5 + 7 =,11_mlp_out,-0.09190841019153595,0.39818906784057617
discovery,12,control,5 + 7 =,embed,0.005563581362366676,0.39818906784057617
discovery,12,control,5 + 7 =,pos_embed,0.0012971637770533562,0.39818906784057617
discovery,12,control,5 + 7 =,bias,-0.08176104724407196,0.39818906784057617
discovery,12,control,7 + 5 =,L0H0,0.01103427167981863,0.39818906784057617
discovery,12,control,7 + 5 =,L0H1,-0.00043020304292440414,0.39818906784057617
discovery,12,control,7 + 5 =,L0H2,-0.013144830241799355,0.39818906784057617
discovery,12,control,7 + 5 =,L0H3,0.012866383418440819,0.39818906784057617
discovery,12,control,7 + 5 =,L0H4,-0.020657876506447792,0.39818906784057617
discovery,12,control,7 + 5 =,L0H5,0.009365336038172245,0.39818906784057617
discovery,12,control,7 + 5 =,L0H6,0.04591918736696243,0.39818906784057617
discovery,12,control,7 + 5 =,L0H7,-0.0004012063145637512,0.39818906784057617
discovery,12,control,7 + 5 =,L0H8,-0.01662188209593296,0.39818906784057617
discovery,12,control,7 + 5 =,L0H9,-0.028070755302906036,0.39818906784057617
discovery,12,control,7 + 5 =,L0H10,-0.018564775586128235,0.39818906784057617
discovery,12,control,7 + 5 =,L0H11,0.028888659551739693,0.39818906784057617
discovery,12,control,7 + 5 =,L1H0,0.0012475056573748589,0.39818906784057617
discovery,12,control,7 + 5 =,L1H1,-0.003256659023463726,0.39818906784057617
discovery,12,control,7 + 5 =,L1H2,-0.03235737234354019,0.39818906784057617
discovery,12,control,7 + 5 =,L1H3,-0.03838285803794861,0.39818906784057617
discovery,12,control,7 + 5 =,L1H4,0.019557669758796692,0.39818906784057617
discovery,12,control,7 + 5 =,L1H5,0.0005381722003221512,0.39818906784057617
discovery,12,control,7 + 5 =,L1H6,-0.004401323851197958,0.39818906784057617
discovery,12,control,7 + 5 =,L1H7,-0.0007500043138861656,0.39818906784057617
discovery,12,control,7 + 5 =,L1H8,0.001266078557819128,0.39818906784057617
discovery,12,control,7 + 5 =,L1H9,0.007554175332188606,0.39818906784057617
discovery,12,control,7 + 5 =,L1H10,0.010571379214525223,0.39818906784057617
discovery,12,control,7 + 5 =,L1H11,-0.011628126725554466,0.39818906784057617
discovery,12,control,7 + 5 =,L2H0,0.01255123969167471,0.39818906784057617
discovery,12,control,7 + 5 =,L2H1,-0.0025714244693517685,0.39818906784057617
discovery,12,control,7 + 5 =,L2H2,0.0023773631546646357,0.39818906784057617
discovery,12,control,7 + 5 =,L2H3,-0.01775943674147129,0.39818906784057617
discovery,12,control,7 + 5 =,L2H4,-0.0070403083227574825,0.39818906784057617
discovery,12,control,7 + 5 =,L2H5,-0.015595189295709133,0.39818906784057617
discovery,12,control,7 + 5 =,L2H6,0.021789029240608215,0.39818906784057617
discovery,12,control,7 + 5 =,L2H7,-0.011300197802484035,0.39818906784057617
discovery,12,control,7 + 5 =,L2H8,0.028413057327270508,0.39818906784057617
discovery,12,control,7 + 5 =,L2H9,0.0015876665711402893,0.39818906784057617
discovery,12,control,7 + 5 =,L2H10,0.015727706253528595,0.39818906784057617
discovery,12,control,7 + 5 =,L2H11,0.008682521991431713,0.39818906784057617
discovery,12,control,7 + 5 =,L3H0,-0.007331277243793011,0.39818906784057617
discovery,12,control,7 + 5 =,L3H1,-0.0027245127130299807,0.39818906784057617
discovery,12,control,7 + 5 =,L3H2,-0.013227530755102634,0.39818906784057617
discovery,12,control,7 + 5 =,L3H3,0.00010119774378836155,0.39818906784057617
discovery,12,control,7 + 5 =,L3H4,0.014791944995522499,0.39818906784057617
discovery,12,control,7 + 5 =,L3H5,0.0010266636963933706,0.39818906784057617
discovery,12,control,7 + 5 =,L3H6,0.006707808002829552,0.39818906784057617
discovery,12,control,7 + 5 =,L3H7,0.002162283519282937,0.39818906784057617
discovery,12,control,7 + 5 =,L3H8,0.003351404331624508,0.39818906784057617
discovery,12,control,7 + 5 =,L3H9,0.008512891829013824,0.39818906784057617
discovery,12,control,7 + 5 =,L3H10,-0.011600321158766747,0.39818906784057617
discovery,12,control,7 + 5 =,L3H11,-0.00790662132203579,0.39818906784057617
discovery,12,control,7 + 5 =,L4H0,0.010172080248594284,0.39818906784057617
discovery,12,control,7 + 5 =,L4H1,0.001264937687665224,0.39818906784057617
discovery,12,control,7 + 5 =,L4H2,0.008048171177506447,0.39818906784057617
discovery,12,control,7 + 5 =,L4H3,-0.0008668806403875351,0.39818906784057617
discovery,12,control,7 + 5 =,L4H4,-0.004203467164188623,0.39818906784057617
discovery,12,control,7 + 5 =,L4H5,-0.00156217603944242,0.39818906784057617
discovery,12,control,7 + 5 =,L4H6,-0.005938572809100151,0.39818906784057617
discovery,12,control,7 + 5 =,L4H7,-0.003590828273445368,0.39818906784057617
discovery,12,control,7 + 5 =,L4H8,-0.008213136345148087,0.39818906784057617
discovery,12,control,7 + 5 =,L4H9,0.009492636658251286,0.39818906784057617
discovery,12,control,7 + 5 =,L4H10,-0.00584060326218605,0.39818906784057617
discovery,12,control,7 + 5 =,L4H11,-0.0016954815946519375,0.39818906784057617
discovery,12,control,7 + 5 =,L5H0,0.00831964984536171,0.39818906784057617
discovery,12,control,7 + 5 =,L5H1,-0.0021659890189766884,0.39818906784057617
discovery,12,control,7 + 5 =,L5H2,-0.002355983480811119,0.39818906784057617
discovery,12,control,7 + 5 =,L5H3,0.00944595504552126,0.39818906784057617
discovery,12,control,7 + 5 =,L5H4,0.006465574726462364,0.39818906784057617
discovery,12,control,7 + 5 =,L5H5,-0.010218091309070587,0.39818906784057617
discovery,12,control,7 + 5 =,L5H6,-0.006482213269919157,0.39818906784057617
discovery,12,control,7 + 5 =,L5H7,0.0018149917013943195,0.39818906784057617
discovery,12,control,7 + 5 =,L5H8,-0.01093547698110342,0.39818906784057617
discovery,12,control,7 + 5 =,L5H9,0.0070211011916399,0.39818906784057617
discovery,12,control,7 + 5 =,L5H10,-0.01513084676116705,0.39818906784057617
discovery,12,control,7 + 5 =,L5H11,0.0037243226543068886,0.39818906784057617
discovery,12,control,7 + 5 =,L6H0,-0.010610573925077915,0.39818906784057617
discovery,12,control,7 + 5 =,L6H1,0.011113898828625679,0.39818906784057617
discovery,12,control,7 + 5 =,L6H2,0.0012847622856497765,0.39818906784057617
discovery,12,control,7 + 5 =,L6H3,-0.00107851205393672,0.39818906784057617
discovery,12,control,7 + 5 =,L6H4,-0.005693642422556877,0.39818906784057617
discovery,12,control,7 + 5 =,L6H5,-0.009518878534436226,0.39818906784057617
discovery,12,control,7 + 5 =,L6H6,-0.0020807418040931225,0.39818906784057617
discovery,12,control,7 + 5 =,L6H7,0.011864330619573593,0.39818906784057617
discovery,12,control,7 + 5 =,L6H8,0.015742693096399307,0.39818906784057617
discovery,12,control,7 + 5 =,L6H9,0.014221318066120148,0.39818906784057617
discovery,12,control,7 + 5 =,L6H10,-0.0039377519860863686,0.39818906784057617
discovery,12,control,7 + 5 =,L6H11,0.0027711549773812294,0.39818906784057617
discovery,12,control,7 + 5 =,L7H0,-0.010753113776445389,0.39818906784057617
discovery,12,control,7 + 5 =,L7H1,-0.00697734858840704,0.39818906784057617
discovery,12,control,7 + 5 =,L7H2,-0.0032710216473788023,0.39818906784057617
discovery,12,control,7 + 5 =,L7H3,0.012794166803359985,0.39818906784057617
discovery,12,control,7 + 5 =,L7H4,0.0041809179820120335,0.39818906784057617
discovery,12,control,7 + 5 =,L7H5,-0.021535921841859818,0.39818906784057617
discovery,12,control,7 + 5 =,L7H6,0.027644336223602295,0.39818906784057617
discovery,12,control,7 + 5 =,L7H7,0.0009206277318298817,0.39818906784057617
discovery,12,control,7 + 5 =,L7H8,0.04022783041000366,0.39818906784057617
discovery,12,control,7 + 5 =,L7H9,0.007597312331199646,0.39818906784057617
discovery,12,control,7 + 5 =,L7H10,-0.00805896706879139,0.39818906784057617
discovery,12,control,7 + 5 =,L7H11,-0.007596437353640795,0.39818906784057617
discovery,12,control,7 + 5 =,L8H0,-0.007035115733742714,0.39818906784057617
discovery,12,control,7 + 5 =,L8H1,-0.0019084776286035776,0.39818906784057617
discovery,12,control,7 + 5 =,L8H2,0.008523686788976192,0.39818906784057617
discovery,12,control,7 + 5 =,L8H3,-0.0073005082085728645,0.39818906784057617
discovery,12,control,7 + 5 =,L8H4,0.002842067275196314,0.39818906784057617
discovery,12,control,7 + 5 =,L8H5,0.01007462665438652,0.39818906784057617
discovery,12,control,7 + 5 =,L8H6,-0.020911257714033127,0.39818906784057617
discovery,12,control,7 + 5 =,L8H7,0.011563112959265709,0.39818906784057617
discovery,12,control,7 + 5 =,L8H8,-0.02256915159523487,0.39818906784057617
discovery,12,control,7 + 5 =,L8H9,0.018236473202705383,0.39818906784057617
discovery,12,control,7 + 5 =,L8H10,-0.004416300915181637,0.39818906784057617
discovery,12,control,7 + 5 =,L8H11,-0.03661039471626282,0.39818906784057617
discovery,12,control,7 + 5 =,L9H0,0.01474643126130104,0.39818906784057617
discovery,12,control,7 + 5 =,L9H1,-0.005524608306586742,0.39818906784057617
discovery,12,control,7 + 5 =,L9H2,-0.0069867405109107494,0.39818906784057617
discovery,12,control,7 + 5 =,L9H3,-0.004285444971174002,0.39818906784057617
discovery,12,control,7 + 5 =,L9H4,0.003940297290682793,0.39818906784057617
discovery,12,control,7 + 5 =,L9H5,0.008845234289765358,0.39818906784057617
discovery,12,control,7 + 5 =,L9H6,-0.010370571166276932,0.39818906784057617
discovery,12,control,7 + 5 =,L9H7,0.010320404544472694,0.39818906784057617
discovery,12,control,7 + 5 =,L9H8,0.008403319865465164,0.39818906784057617
discovery,12,control,7 + 5 =,L9H9,-0.045065268874168396,0.39818906784057617
discovery,12,control,7 + 5 =,L9H10,0.006363769061863422,0.39818906784057617
discovery,12,control,7 + 5 =,L9H11,-0.005832172930240631,0.39818906784057617
discovery,12,control,7 + 5 =,L10H0,-0.0031113193836063147,0.39818906784057617
discovery,12,control,7 + 5 =,L10H1,-0.036229684948921204,0.39818906784057617
discovery,12,control,7 + 5 =,L10H2,0.05102510005235672,0.39818906784057617
discovery,12,control,7 + 5 =,L10H3,-0.004393001552671194,0.39818906784057617
discovery,12,control,7 + 5 =,L10H4,0.004962676204741001,0.39818906784057617
discovery,12,control,7 + 5 =,L10H5,-0.0031246934086084366,0.39818906784057617
discovery,12,control,7 + 5 =,L10H6,0.0039313542656600475,0.39818906784057617
discovery,12,control,7 + 5 =,L10H7,0.03088400699198246,0.39818906784057617
discovery,12,control,7 + 5 =,L10H8,-0.002519389148801565,0.39818906784057617
discovery,12,control,7 + 5 =,L10H9,0.016549689695239067,0.39818906784057617
discovery,12,control,7 + 5 =,L10H10,-0.009952004998922348,0.39818906784057617
discovery,12,control,7 + 5 =,L10H11,-0.011302122846245766,0.39818906784057617
discovery,12,control,7 + 5 =,L11H0,-0.015069352462887764,0.39818906784057617
discovery,12,control,7 + 5 =,L11H1,0.04103883355855942,0.39818906784057617
discovery,12,control,7 + 5 =,L11H2,-0.01674046367406845,0.39818906784057617
discovery,12,control,7 + 5 =,L11H3,-0.010842354968190193,0.39818906784057617
discovery,12,control,7 + 5 =,L11H4,-0.0006872571539133787,0.39818906784057617
discovery,12,control,7 + 5 =,L11H5,-0.021952122449874878,0.39818906784057617
discovery,12,control,7 + 5 =,L11H6,-0.006468889303505421,0.39818906784057617
discovery,12,control,7 + 5 =,L11H7,-0.014577498659491539,0.39818906784057617
discovery,12,control,7 + 5 =,L11H8,0.0687224417924881,0.39818906784057617
discovery,12,control,7 + 5 =,L11H9,0.013627352192997932,0.39818906784057617
discovery,12,control,7 + 5 =,L11H10,-0.010180454701185226,0.39818906784057617
discovery,12,control,7 + 5 =,L11H11,-0.012542570009827614,0.39818906784057617
discovery,12,control,7 + 5 =,0_mlp_out,-0.0043412744998931885,0.39818906784057617
discovery,12,control,7 + 5 =,1_mlp_out,-0.02558596059679985,0.39818906784057617
discovery,12,control,7 + 5 =,2_mlp_out,0.07937712967395782,0.39818906784057617
discovery,12,control,7 + 5 =,3_mlp_out,-0.016016792505979538,0.39818906784057617
discovery,12,control,7 + 5 =,4_mlp_out,0.06817438453435898,0.39818906784057617
discovery,12,control,7 + 5 =,5_mlp_out,-0.030789555981755257,0.39818906784057617
discovery,12,control,7 + 5 =,6_mlp_out,-0.061409324407577515,0.39818906784057617
discovery,12,control,7 + 5 =,7_mlp_out,-0.12941844761371613,0.39818906784057617
discovery,12,control,7 + 5 =,8_mlp_out,-0.08424188196659088,0.39818906784057617
discovery,12,control,7 + 5 =,9_mlp_out,0.017615772783756256,0.39818906784057617
discovery,12,control,7 + 5 =,10_mlp_out,0.10365041345357895,0.39818906784057617
discovery,12,control,7 + 5 =,11_mlp_out,-0.08561810851097107,0.39818906784057617
discovery,12,control,7 + 5 =,embed,0.005995924584567547,0.39818906784057617
discovery,12,control,7 + 5 =,pos_embed,0.0013979648938402534,0.39818906784057617
discovery,12,control,7 + 5 =,bias,-0.0881146639585495,0.39818906784057617
discovery,12,control,8 + 4 =,L0H0,0.009597435593605042,0.39818906784057617
discovery,12,control,8 + 4 =,L0H1,-0.0003934018313884735,0.39818906784057617
discovery,12,control,8 + 4 =,L0H2,-0.011540161445736885,0.39818906784057617
discovery,12,control,8 + 4 =,L0H3,0.012062887661159039,0.39818906784057617
discovery,12,control,8 + 4 =,L0H4,-0.020811710506677628,0.39818906784057617
discovery,12,control,8 + 4 =,L0H5,0.008736909367144108,0.39818906784057617
discovery,12,control,8 + 4 =,L0H6,0.041896238923072815,0.39818906784057617
discovery,12,control,8 + 4 =,L0H7,0.00043403636664152145,0.39818906784057617
discovery,12,control,8 + 4 =,L0H8,-0.015381193719804287,0.39818906784057617
discovery,12,control,8 + 4 =,L0H9,-0.02704855054616928,0.39818906784057617
discovery,12,control,8 + 4 =,L0H10,-0.01595463976264,0.39818906784057617
discovery,12,control,8 + 4 =,L0H11,0.026856528595089912,0.39818906784057617
discovery,12,control,8 + 4 =,L1H0,-0.0026098955422639847,0.39818906784057617
discovery,12,control,8 + 4 =,L1H1,-0.003500281600281596,0.39818906784057617
discovery,12,control,8 + 4 =,L1H2,-0.03087378665804863,0.39818906784057617
discovery,12,control,8 + 4 =,L1H3,-0.035740818828344345,0.39818906784057617
discovery,12,control,8 + 4 =,L1H4,0.01746557466685772,0.39818906784057617
discovery,12,control,8 + 4 =,L1H5,0.0002011144533753395,0.39818906784057617
discovery,12,control,8 + 4 =,L1H6,-0.004457953851670027,0.39818906784057617
discovery,12,control,8 + 4 =,L1H7,0.000648407731205225,0.39818906784057617
discovery,12,control,8 + 4 =,L1H8,0.0018404503352940083,0.39818906784057617
discovery,12,control,8 + 4 =,L1H9,0.008627478033304214,0.39818906784057617
discovery,12,control,8 + 4 =,L1H10,0.009688636288046837,0.39818906784057617
discovery,12,control,8 + 4 =,L1H11,-0.010496137663722038,0.39818906784057617
discovery,12,control,8 + 4 =,L2H0,0.008644653484225273,0.39818906784057617
discovery,12,control,8 + 4 =,L2H1,-0.0021793085616081953,0.39818906784057617
discovery,12,control,8 + 4 =,L2H2,-0.0034151743166148663,0.39818906784057617
discovery,12,control,8 + 4 =,L2H3,-0.017000235617160797,0.39818906784057617
discovery,12,control,8 + 4 =,L2H4,-0.006816076580435038,0.39818906784057617
discovery,12,control,8 + 4 =,L2H5,-0.01394113339483738,0.39818906784057617
discovery,12,control,8 + 4 =,L2H6,0.019202055409550667,0.39818906784057617
discovery,12,control,8 + 4 =,L2H7,-0.011625966988503933,0.39818906784057617
discovery,12,control,8 + 4 =,L2H8,0.025524824857711792,0.39818906784057617
discovery,12,control,8 + 4 =,L2H9,-0.0010512531735002995,0.39818906784057617
discovery,12,control,8 + 4 =,L2H10,0.014564946293830872,0.39818906784057617
discovery,12,control,8 + 4 =,L2H11,0.00903518870472908,0.39818906784057617
discovery,12,control,8 + 4 =,L3H0,-0.0070656584575772285,0.39818906784057617
discovery,12,control,8 + 4 =,L3H1,-0.003936082124710083,0.39818906784057617
discovery,12,control,8 + 4 =,L3H2,-0.011050669476389885,0.39818906784057617
discovery,12,control,8 + 4 =,L3H3,-0.004570153076201677,0.39818906784057617
discovery,12,control,8 + 4 =,L3H4,0.013309039175510406,0.39818906784057617
discovery,12,control,8 + 4 =,L3H5,0.003318499308079481,0.39818906784057617
discovery,12,control,8 + 4 =,L3H6,0.004607551731169224,0.39818906784057617
discovery,12,control,8 + 4 =,L3H7,-0.008605383336544037,0.39818906784057617
discovery,12,control,8 + 4 =,L3H8,0.00523011852055788,0.39818906784057617
discovery,12,control,8 + 4 =,L3H9,0.007727222517132759,0.39818906784057617
discovery,12,control,8 + 4 =,L3H10,-0.006604137364774942,0.39818906784057617
discovery,12,control,8 + 4 =,L3H11,-0.007988541387021542,0.39818906784057617
discovery,12,control,8 + 4 =,L4H0,0.010540631599724293,0.39818906784057617
discovery,12,control,8 + 4 =,L4H1,0.0008910456672310829,0.39818906784057617
discovery,12,control,8 + 4 =,L4H2,0.009174108505249023,0.39818906784057617
discovery,12,control,8 + 4 =,L4H3,-0.005855736322700977,0.39818906784057617
discovery,12,control,8 + 4 =,L4H4,-0.006054086610674858,0.39818906784057617
discovery,12,control,8 + 4 =,L4H5,-0.0004340370651334524,0.39818906784057617
discovery,12,control,8 + 4 =,L4H6,-0.006078590173274279,0.39818906784057617
discovery,12,control,8 + 4 =,L4H7,0.004925704561173916,0.39818906784057617
discovery,12,control,8 + 4 =,L4H8,-0.008784465491771698,0.39818906784057617
discovery,12,control,8 + 4 =,L4H9,0.00805874913930893,0.39818906784057617
discovery,12,control,8 + 4 =,L4H10,-0.006601344794034958,0.39818906784057617
discovery,12,control,8 + 4 =,L4H11,-0.01001555286347866,0.39818906784057617
discovery,12,control,8 + 4 =,L5H0,0.007574841380119324,0.39818906784057617
discovery,12,control,8 + 4 =,L5H1,-0.0019450541585683823,0.39818906784057617
discovery,12,control,8 + 4 =,L5H2,0.0034193005412817,0.39818906784057617
discovery,12,control,8 + 4 =,L5H3,0.006121334619820118,0.39818906784057617
discovery,12,control,8 + 4 =,L5H4,0.014406871050596237,0.39818906784057617
discovery,12,control,8 + 4 =,L5H5,-0.008665604516863823,0.39818906784057617
discovery,12,control,8 + 4 =,L5H6,-0.009103617630898952,0.39818906784057617
discovery,12,control,8 + 4 =,L5H7,0.002209462458267808,0.39818906784057617
discovery,12,control,8 + 4 =,L5H8,-0.024648869410157204,0.39818906784057617
discovery,12,control,8 + 4 =,L5H9,0.008644845336675644,0.39818906784057617
discovery,12,control,8 + 4 =,L5H10,-0.011957859620451927,0.39818906784057617
discovery,12,control,8 + 4 =,L5H11,0.0030071381479501724,0.39818906784057617
discovery,12,control,8 + 4 =,L6H0,-0.004884520545601845,0.39818906784057617
discovery,12,control,8 + 4 =,L6H1,0.003577933879569173,0.39818906784057617
discovery,12,control,8 + 4 =,L6H2,0.0009974478743970394,0.39818906784057617
discovery,12,control,8 + 4 =,L6H3,-0.001232396811246872,0.39818906784057617
discovery,12,control,8 + 4 =,L6H4,-0.006246669217944145,0.39818906784057617
discovery,12,control,8 + 4 =,L6H5,-0.012666720896959305,0.39818906784057617
discovery,12,control,8 + 4 =,L6H6,-0.0017955247312784195,0.39818906784057617
discovery,12,control,8 + 4 =,L6H7,0.020575404167175293,0.39818906784057617
discovery,12,control,8 + 4 =,L6H8,0.020971093326807022,0.39818906784057617
discovery,12,control,8 + 4 =,L6H9,0.014483782462775707,0.39818906784057617
discovery,12,control,8 + 4 =,L6H10,-0.0047641657292842865,0.39818906784057617
discovery,12,control,8 + 4 =,L6H11,0.0018539573065936565,0.39818906784057617
discovery,12,control,8 + 4 =,L7H0,-0.007747125346213579,0.39818906784057617
discovery,12,control,8 + 4 =,L7H1,-0.006166175939142704,0.39818906784057617
discovery,12,control,8 + 4 =,L7H2,-0.0027167156804353,0.39818906784057617
discovery,12,control,8 + 4 =,L7H3,0.010473281145095825,0.39818906784057617
discovery,12,control,8 + 4 =,L7H4,0.00672778207808733,0.39818906784057617
discovery,12,control,8 + 4 =,L7H5,-0.014616402797400951,0.39818906784057617
discovery,12,control,8 + 4 =,L7H6,0.02512539178133011,0.39818906784057617
discovery,12,control,8 + 4 =,L7H7,0.0006422149017453194,0.39818906784057617
discovery,12,control,8 + 4 =,L7H8,0.035301994532346725,0.39818906784057617
discovery,12,control,8 + 4 =,L7H9,-0.0036859712563455105,0.39818906784057617
discovery,12,control,8 + 4 =,L7H10,0.005321224685758352,0.39818906784057617
discovery,12,control,8 + 4 =,L7H11,-0.00875636376440525,0.39818906784057617
discovery,12,control,8 + 4 =,L8H0,-0.00865294598042965,0.39818906784057617
discovery,12,control,8 + 4 =,L8H1,-4.199065733700991e-05,0.39818906784057617
discovery,12,control,8 + 4 =,L8H2,0.010383295826613903,0.39818906784057617
discovery,12,control,8 + 4 =,L8H3,-0.0022355252876877785,0.39818906784057617
discovery,12,control,8 + 4 =,L8H4,0.002502365503460169,0.39818906784057617
discovery,12,control,8 + 4 =,L8H5,0.01635124534368515,0.39818906784057617
discovery,12,control,8 + 4 =,L8H6,-0.026895787566900253,0.39818906784057617
discovery,12,control,8 + 4 =,L8H7,0.014377257786691189,0.39818906784057617
discovery,12,control,8 + 4 =,L8H8,-0.031125744804739952,0.39818906784057617
discovery,12,control,8 + 4 =,L8H9,0.015920504927635193,0.39818906784057617
discovery,12,control,8 + 4 =,L8H10,-0.015615051612257957,0.39818906784057617
discovery,12,control,8 + 4 =,L8H11,0.020363904535770416,0.39818906784057617
discovery,12,control,8 + 4 =,L9H0,0.014279449358582497,0.39818906784057617
discovery,12,control,8 + 4 =,L9H1,-0.0021236129105091095,0.39818906784057617
discovery,12,control,8 + 4 =,L9H2,-0.005955820437520742,0.39818906784057617
discovery,12,control,8 + 4 =,L9H3,-0.0027034180238842964,0.39818906784057617
discovery,12,control,8 + 4 =,L9H4,0.007844922132790089,0.39818906784057617
discovery,12,control,8 + 4 =,L9H5,0.009560280479490757,0.39818906784057617
discovery,12,control,8 + 4 =,L9H6,-0.002607109025120735,0.39818906784057617
discovery,12,control,8 + 4 =,L9H7,0.006786763668060303,0.39818906784057617
discovery,12,control,8 + 4 =,L9H8,0.008597015403211117,0.39818906784057617
discovery,12,control,8 + 4 =,L9H9,0.055367521941661835,0.39818906784057617
discovery,12,control,8 + 4 =,L9H10,0.0063157109543681145,0.39818906784057617
discovery,12,control,8 + 4 =,L9H11,-0.0055722082033753395,0.39818906784057617
discovery,12,control,8 + 4 =,L10H0,-0.0023696445859968662,0.39818906784057617
discovery,12,control,8 + 4 =,L10H1,-0.03186193108558655,0.39818906784057617
discovery,12,control,8 + 4 =,L10H2,0.08618827164173126,0.39818906784057617
discovery,12,control,8 + 4 =,L10H3,-0.0030888563487678766,0.39818906784057617
discovery,12,control,8 + 4 =,L10H4,0.006016654893755913,0.39818906784057617
discovery,12,control,8 + 4 =,L10H5,-0.0019005569629371166,0.39818906784057617
discovery,12,control,8 + 4 =,L10H6,0.003528872039169073,0.39818906784057617
discovery,12,control,8 + 4 =,L10H7,-0.01359732449054718,0.39818906784057617
discovery,12,control,8 + 4 =,L10H8,-0.0026633923407644033,0.39818906784057617
discovery,12,control,8 + 4 =,L10H9,0.01731267012655735,0.39818906784057617
discovery,12,control,8 + 4 =,L10H10,-0.0035679927095770836,0.39818906784057617
discovery,12,control,8 + 4 =,L10H11,-0.010137123987078667,0.39818906784057617
discovery,12,control,8 + 4 =,L11H0,-0.023992575705051422,0.39818906784057617
discovery,12,control,8 + 4 =,L11H1,0.04102686792612076,0.39818906784057617
discovery,12,control,8 + 4 =,L11H2,0.01347651518881321,0.39818906784057617
discovery,12,control,8 + 4 =,L11H3,-0.009183133952319622,0.39818906784057617
discovery,12,control,8 + 4 =,L11H4,0.005054808221757412,0.39818906784057617
discovery,12,control,8 + 4 =,L11H5,-0.02074645832180977,0.39818906784057617
discovery,12,control,8 + 4 =,L11H6,-0.00678588543087244,0.39818906784057617
discovery,12,control,8 + 4 =,L11H7,-0.01654611900448799,0.39818906784057617
discovery,12,control,8 + 4 =,L11H8,0.06431122124195099,0.39818906784057617
discovery,12,control,8 + 4 =,L11H9,0.015579607337713242,0.39818906784057617
discovery,12,control,8 + 4 =,L11H10,-0.024271825328469276,0.39818906784057617
discovery,12,control,8 + 4 =,L11H11,-0.011670542880892754,0.39818906784057617
discovery,12,control,8 + 4 =,0_mlp_out,-0.0018573589622974396,0.39818906784057617
discovery,12,control,8 + 4 =,1_mlp_out,-0.01616252399981022,0.39818906784057617
discovery,12,control,8 + 4 =,2_mlp_out,0.08691760897636414,0.39818906784057617
discovery,12,control,8 + 4 =,3_mlp_out,-0.011593461036682129,0.39818906784057617
discovery,12,control,8 + 4 =,4_mlp_out,0.0552482046186924,0.39818906784057617
discovery,12,control,8 + 4 =,5_mlp_out,-0.010237819515168667,0.39818906784057617
discovery,12,control,8 + 4 =,6_mlp_out,-0.06598982214927673,0.39818906784057617
discovery,12,control,8 + 4 =,7_mlp_out,-0.12048162519931793,0.39818906784057617
discovery,12,control,8 + 4 =,8_mlp_out,-0.07933272421360016,0.39818906784057617
discovery,12,control,8 + 4 =,9_mlp_out,0.03232443332672119,0.39818906784057617
discovery,12,control,8 + 4 =,10_mlp_out,0.07214119285345078,0.39818906784057617
discovery,12,control,8 + 4 =,11_mlp_out,-0.07068929076194763,0.39818906784057617
discovery,12,control,8 + 4 =,embed,0.005595890339463949,0.39818906784057617
discovery,12,control,8 + 4 =,pos_embed,0.0013046963140368462,0.39818906784057617
discovery,12,control,8 + 4 =,bias,-0.08223582804203033,0.39818906784057617
discovery,12,control,9 + 3 =,L0H0,0.008941592648625374,0.39818906784057617
discovery,12,control,9 + 3 =,L0H1,-0.0003945324569940567,0.39818906784057617
discovery,12,control,9 + 3 =,L0H2,-0.01123290229588747,0.39818906784057617
discovery,12,control,9 + 3 =,L0H3,0.011288831941783428,0.39818906784057617
discovery,12,control,9 + 3 =,L0H4,-0.019186673685908318,0.39818906784057617
discovery,12,control,9 + 3 =,L0H5,0.008228317834436893,0.39818906784057617
discovery,12,control,9 + 3 =,L0H6,0.039994195103645325,0.39818906784057617
discovery,12,control,9 + 3 =,L0H7,0.00036218902096152306,0.39818906784057617
discovery,12,control,9 + 3 =,L0H8,-0.014163432642817497,0.39818906784057617
discovery,12,control,9 + 3 =,L0H9,-0.024739449843764305,0.39818906784057617
discovery,12,control,9 + 3 =,L0H10,-0.014798145741224289,0.39818906784057617
discovery,12,control,9 + 3 =,L0H11,0.027759069576859474,0.39818906784057617
discovery,12,control,9 + 3 =,L1H0,-0.0024947114288806915,0.39818906784057617
discovery,12,control,9 + 3 =,L1H1,-0.003843539860099554,0.39818906784057617
discovery,12,control,9 + 3 =,L1H2,-0.029342250898480415,0.39818906784057617
discovery,12,control,9 + 3 =,L1H3,-0.03264552354812622,0.39818906784057617
discovery,12,control,9 + 3 =,L1H4,0.017531562596559525,0.39818906784057617
discovery,12,control,9 + 3 =,L1H5,-7.714144885540009e-05,0.39818906784057617
discovery,12,control,9 + 3 =,L1H6,-0.004290368407964706,0.39818906784057617
discovery,12,control,9 + 3 =,L1H7,-0.0008463584817945957,0.39818906784057617
discovery,12,control,9 + 3 =,L1H8,0.001552029512822628,0.39818906784057617
discovery,12,control,9 + 3 =,L1H9,0.007635250221937895,0.39818906784057617
discovery,12,control,9 + 3 =,L1H10,0.009935451671481133,0.39818906784057617
discovery,12,control,9 + 3 =,L1H11,-0.009625294245779514,0.39818906784057617
discovery,12,control,9 + 3 =,L2H0,0.007551370654255152,0.39818906784057617
discovery,12,control,9 + 3 =,L2H1,-0.0023566661402583122,0.39818906784057617
discovery,12,control,9 + 3 =,L2H2,0.0009946997743099928,0.39818906784057617
discovery,12,control,9 + 3 =,L2H3,-0.01600789651274681,0.39818906784057617
discovery,12,control,9 + 3 =,L2H4,-0.006050043739378452,0.39818906784057617
discovery,12,control,9 + 3 =,L2H5,-0.012241625227034092,0.39818906784057617
discovery,12,control,9 + 3 =,L2H6,0.017443226650357246,0.39818906784057617
discovery,12,control,9 + 3 =,L2H7,-0.010251675732433796,0.39818906784057617
discovery,12,control,9 + 3 =,L2H8,0.02297157235443592,0.39818906784057617
discovery,12,control,9 + 3 =,L2H9,-0.0004623979330062866,0.39818906784057617
discovery,12,control,9 + 3 =,L2H10,0.014472153969109058,0.39818906784057617
discovery,12,control,9 + 3 =,L2H11,0.009306751191616058,0.39818906784057617
discovery,12,control,9 + 3 =,L3H0,-0.006965482607483864,0.39818906784057617
discovery,12,control,9 + 3 =,L3H1,-0.004406988620758057,0.39818906784057617
discovery,12,control,9 + 3 =,L3H2,-0.00785904936492443,0.39818906784057617
discovery,12,control,9 + 3 =,L3H3,-0.0007983865216374397,0.39818906784057617
discovery,12,control,9 + 3 =,L3H4,0.011870373971760273,0.39818906784057617
discovery,12,control,9 + 3 =,L3H5,-0.0016074262093752623,0.39818906784057617
discovery,12,control,9 + 3 =,L3H6,-0.004552491940557957,0.39818906784057617
discovery,12,control,9 + 3 =,L3H7,-0.0048744818195700645,0.39818906784057617
discovery,12,control,9 + 3 =,L3H8,0.0035747988149523735,0.39818906784057617
discovery,12,control,9 + 3 =,L3H9,0.004315639846026897,0.39818906784057617
discovery,12,control,9 + 3 =,L3H10,-0.006675696931779385,0.39818906784057617
discovery,12,control,9 + 3 =,L3H11,-0.005676411557942629,0.39818906784057617
discovery,12,control,9 + 3 =,L4H0,0.008354052901268005,0.39818906784057617
discovery,12,control,9 + 3 =,L4H1,0.0011935592629015446,0.39818906784057617
discovery,12,control,9 + 3 =,L4H2,0.005107899662107229,0.39818906784057617
discovery,12,control,9 + 3 =,L4H3,-0.003871554508805275,0.39818906784057617
discovery,12,control,9 + 3 =,L4H4,-0.0031683389097452164,0.39818906784057617
discovery,12,control,9 + 3 =,L4H5,0.0004915897734463215,0.39818906784057617
discovery,12,control,9 + 3 =,L4H6,-0.00801805965602398,0.39818906784057617
discovery,12,control,9 + 3 =,L4H7,0.009001730009913445,0.39818906784057617
discovery,12,control,9 + 3 =,L4H8,-0.009093400090932846,0.39818906784057617
discovery,12,control,9 + 3 =,L4H9,0.006999731529504061,0.39818906784057617
discovery,12,control,9 + 3 =,L4H10,-0.007764855865389109,0.39818906784057617
discovery,12,control,9 + 3 =,L4H11,-0.009126302786171436,0.39818906784057617
discovery,12,control,9 + 3 =,L5H0,0.008308839052915573,0.39818906784057617
discovery,12,control,9 + 3 =,L5H1,-0.001828305423259735,0.39818906784057617
discovery,12,control,9 + 3 =,L5H2,0.0017138589173555374,0.39818906784057617
discovery,12,control,9 + 3 =,L5H3,0.004992909729480743,0.39818906784057617
discovery,12,control,9 + 3 =,L5H4,0.009721638634800911,0.39818906784057617
discovery,12,control,9 + 3 =,L5H5,-0.007576492615044117,0.39818906784057617
discovery,12,control,9 + 3 =,L5H6,-0.008454736322164536,0.39818906784057617
discovery,12,control,9 + 3 =,L5H7,0.001135451253503561,0.39818906784057617
discovery,12,control,9 + 3 =,L5H8,-0.0032433094456791878,0.39818906784057617
discovery,12,control,9 + 3 =,L5H9,0.0059513915330171585,0.39818906784057617
discovery,12,control,9 + 3 =,L5H10,-0.012430555187165737,0.39818906784057617
discovery,12,control,9 + 3 =,L5H11,0.0030579688027501106,0.39818906784057617
discovery,12,control,9 + 3 =,L6H0,-0.007140601519495249,0.39818906784057617
discovery,12,control,9 + 3 =,L6H1,0.012066042050719261,0.39818906784057617
discovery,12,control,9 + 3 =,L6H2,-0.00018794182687997818,0.39818906784057617
discovery,12,control,9 + 3 =,L6H3,0.0018280725926160812,0.39818906784057617
discovery,12,control,9 + 3 =,L6H4,-0.008482081815600395,0.39818906784057617
discovery,12,control,9 + 3 =,L6H5,-0.009844518266618252,0.39818906784057617
discovery,12,control,9 + 3 =,L6H6,-0.005026637110859156,0.39818906784057617
discovery,12,control,9 + 3 =,L6H7,0.01224127784371376,0.39818906784057617
discovery,12,control,9 + 3 =,L6H8,0.01402216125279665,0.39818906784057617
discovery,12,control,9 + 3 =,L6H9,0.012553084641695023,0.39818906784057617
discovery,12,control,9 + 3 =,L6H10,-0.005498461425304413,0.39818906784057617
discovery,12,control,9 + 3 =,L6H11,-0.004555769730359316,0.39818906784057617
discovery,12,control,9 + 3 =,L7H0,-0.010675034485757351,0.39818906784057617
discovery,12,control,9 + 3 =,L7H1,-0.00549926795065403,0.39818906784057617
discovery,12,control,9 + 3 =,L7H2,-0.0024743094108998775,0.39818906784057617
discovery,12,control,9 + 3 =,L7H3,0.00869909767061472,0.39818906784057617
discovery,12,control,9 + 3 =,L7H4,0.00625189021229744,0.39818906784057617
discovery,12,control,9 + 3 =,L7H5,-0.01717933639883995,0.39818906784057617
discovery,12,control,9 + 3 =,L7H6,0.025195475667715073,0.39818906784057617
discovery,12,control,9 + 3 =,L7H7,0.00039189262315630913,0.39818906784057617
discovery,12,control,9 + 3 =,L7H8,0.0365590900182724,0.39818906784057617
discovery,12,control,9 + 3 =,L7H9,0.005932996049523354,0.39818906784057617
discovery,12,control,9 + 3 =,L7H10,-0.0013171278405934572,0.39818906784057617
discovery,12,control,9 + 3 =,L7H11,-0.008393518626689911,0.39818906784057617
discovery,12,control,9 + 3 =,L8H0,-0.007338359486311674,0.39818906784057617
discovery,12,control,9 + 3 =,L8H1,-0.00034251820761710405,0.39818906784057617
discovery,12,control,9 + 3 =,L8H2,0.007090399041771889,0.39818906784057617
discovery,12,control,9 + 3 =,L8H3,-0.004083055071532726,0.39818906784057617
discovery,12,control,9 + 3 =,L8H4,0.0018685073591768742,0.39818906784057617
discovery,12,control,9 + 3 =,L8H5,0.008686198852956295,0.39818906784057617
discovery,12,control,9 + 3 =,L8H6,-0.02715039998292923,0.39818906784057617
discovery,12,control,9 + 3 =,L8H7,0.012154689058661461,0.39818906784057617
discovery,12,control,9 + 3 =,L8H8,-0.0073143113404512405,0.39818906784057617
discovery,12,control,9 + 3 =,L8H9,0.014136585406959057,0.39818906784057617
discovery,12,control,9 + 3 =,L8H10,-0.0029695606790483,0.39818906784057617
discovery,12,control,9 + 3 =,L8H11,-0.0316675566136837,0.39818906784057617
discovery,12,control,9 + 3 =,L9H0,0.011227770708501339,0.39818906784057617
discovery,12,control,9 + 3 =,L9H1,-0.008363274857401848,0.39818906784057617
discovery,12,control,9 + 3 =,L9H2,-0.006077442318201065,0.39818906784057617
discovery,12,control,9 + 3 =,L9H3,-0.005358695983886719,0.39818906784057617
discovery,12,control,9 + 3 =,L9H4,0.0062173232436180115,0.39818906784057617
discovery,12,control,9 + 3 =,L9H5,0.003734238212928176,0.39818906784057617
discovery,12,control,9 + 3 =,L9H6,-0.00663613248616457,0.39818906784057617
discovery,12,control,9 + 3 =,L9H7,0.010936584323644638,0.39818906784057617
discovery,12,control,9 + 3 =,L9H8,0.007422714494168758,0.39818906784057617
discovery,12,control,9 + 3 =,L9H9,-0.01671658083796501,0.39818906784057617
discovery,12,control,9 + 3 =,L9H10,0.005961359478533268,0.39818906784057617
discovery,12,control,9 + 3 =,L9H11,-0.005129569675773382,0.39818906784057617
discovery,12,control,9 + 3 =,L10H0,-0.0034797266125679016,0.39818906784057617
discovery,12,control,9 + 3 =,L10H1,-0.03528319299221039,0.39818906784057617
discovery,12,control,9 + 3 =,L10H2,0.043658629059791565,0.39818906784057617
discovery,12,control,9 + 3 =,L10H3,-0.0020957356318831444,0.39818906784057617
discovery,12,control,9 + 3 =,L10H4,0.007447471842169762,0.39818906784057617
discovery,12,control,9 + 3 =,L10H5,-0.0022032707929611206,0.39818906784057617
discovery,12,control,9 + 3 =,L10H6,0.001238272525370121,0.39818906784057617
discovery,12,control,9 + 3 =,L10H7,0.009370993822813034,0.39818906784057617
discovery,12,control,9 + 3 =,L10H8,-0.002948570065200329,0.39818906784057617
discovery,12,control,9 + 3 =,L10H9,0.016272151842713356,0.39818906784057617
discovery,12,control,9 + 3 =,L10H10,-0.007641497999429703,0.39818906784057617
discovery,12,control,9 + 3 =,L10H11,-0.008672802709043026,0.39818906784057617
discovery,12,control,9 + 3 =,L11H0,-0.02612173557281494,0.39818906784057617
discovery,12,control,9 + 3 =,L11H1,0.0370342880487442,0.39818906784057617
discovery,12,control,9 + 3 =,L11H2,-0.004197700880467892,0.39818906784057617
discovery,12,control,9 + 3 =,L11H3,-0.003913545049726963,0.39818906784057617
discovery,12,control,9 + 3 =,L11H4,0.0021198024041950703,0.39818906784057617
discovery,12,control,9 + 3 =,L11H5,-0.0175382848829031,0.39818906784057617
discovery,12,control,9 + 3 =,L11H6,-0.006436185911297798,0.39818906784057617
discovery,12,control,9 + 3 =,L11H7,-0.016396626830101013,0.39818906784057617
discovery,12,control,9 + 3 =,L11H8,0.058583274483680725,0.39818906784057617
discovery,12,control,9 + 3 =,L11H9,0.01459254790097475,0.39818906784057617
discovery,12,control,9 + 3 =,L11H10,-0.014502367004752159,0.39818906784057617
discovery,12,control,9 + 3 =,L11H11,-0.010862288996577263,0.39818906784057617
discovery,12,control,9 + 3 =,0_mlp_out,-0.005394648760557175,0.39818906784057617
discovery,12,control,9 + 3 =,1_mlp_out,-0.021491630002856255,0.39818906784057617
discovery,12,control,9 + 3 =,2_mlp_out,0.07797681540250778,0.39818906784057617
discovery,12,control,9 + 3 =,3_mlp_out,-0.01385149173438549,0.39818906784057617
discovery,12,control,9 + 3 =,4_mlp_out,0.038581088185310364,0.39818906784057617
discovery,12,control,9 + 3 =,5_mlp_out,-0.01910175010561943,0.39818906784057617
discovery,12,control,9 + 3 =,6_mlp_out,-0.05406453460454941,0.39818906784057617
discovery,12,control,9 + 3 =,7_mlp_out,-0.10841866582632065,0.39818906784057617
discovery,12,control,9 + 3 =,8_mlp_out,-0.06297247111797333,0.39818906784057617
discovery,12,control,9 + 3 =,9_mlp_out,0.016229934990406036,0.39818906784057617
discovery,12,control,9 + 3 =,10_mlp_out,0.02206271141767502,0.39818906784057617
discovery,12,control,9 + 3 =,11_mlp_out,-0.06751866638660431,0.39818906784057617
discovery,12,control,9 + 3 =,embed,0.005275001749396324,0.39818906784057617
discovery,12,control,9 + 3 =,pos_embed,0.0012298778165131807,0.39818906784057617
discovery,12,control,9 + 3 =,bias,-0.07752012461423874,0.39818906784057617
discovery,16,double,8 + 8 =,L0H0,0.0007494627498090267,0.02605915069580078
discovery,16,double,8 + 8 =,L0H1,0.01521623507142067,0.02605915069580078
discovery,16,double,8 + 8 =,L0H2,0.012454336509108543,0.02605915069580078
discovery,16,double,8 + 8 =,L0H3,0.00948855560272932,0.02605915069580078
discovery,16,double,8 + 8 =,L0H4,-0.004803712014108896,0.02605915069580078
discovery,16,double,8 + 8 =,L0H5,0.00023307092487812042,0.02605915069580078
discovery,16,double,8 + 8 =,L0H6,-0.000607077032327652,0.02605915069580078
discovery,16,double,8 + 8 =,L0H7,0.005934600718319416,0.02605915069580078
discovery,16,double,8 + 8 =,L0H8,0.007910113781690598,0.02605915069580078
discovery,16,double,8 + 8 =,L0H9,0.028923042118549347,0.02605915069580078
discovery,16,double,8 + 8 =,L0H10,-0.01021308172494173,0.02605915069580078
discovery,16,double,8 + 8 =,L0H11,-0.0016531250439584255,0.02605915069580078
discovery,16,double,8 + 8 =,L1H0,-0.01256801187992096,0.02605915069580078
discovery,16,double,8 + 8 =,L1H1,0.018100174143910408,0.02605915069580078
discovery,16,double,8 + 8 =,L1H2,-0.02225346863269806,0.02605915069580078
discovery,16,double,8 + 8 =,L1H3,0.008571390062570572,0.02605915069580078
discovery,16,double,8 + 8 =,L1H4,0.024795956909656525,0.02605915069580078
discovery,16,double,8 + 8 =,L1H5,0.003771713003516197,0.02605915069580078
discovery,16,double,8 + 8 =,L1H6,-0.010150616988539696,0.02605915069580078
discovery,16,double,8 + 8 =,L1H7,0.01182142086327076,0.02605915069580078
discovery,16,double,8 + 8 =,L1H8,0.0013643689453601837,0.02605915069580078
discovery,16,double,8 + 8 =,L1H9,0.004990446846932173,0.02605915069580078
discovery,16,double,8 + 8 =,L1H10,0.006453684531152248,0.02605915069580078
discovery,16,double,8 + 8 =,L1H11,-0.004508068785071373,0.02605915069580078
discovery,16,double,8 + 8 =,L2H0,0.005742726847529411,0.02605915069580078
discovery,16,double,8 + 8 =,L2H1,-0.001410077209584415,0.02605915069580078
discovery,16,double,8 + 8 =,L2H2,-0.018802151083946228,0.02605915069580078
discovery,16,double,8 + 8 =,L2H3,-0.012854588218033314,0.02605915069580078
discovery,16,double,8 + 8 =,L2H4,0.00594725925475359,0.02605915069580078
discovery,16,double,8 + 8 =,L2H5,-0.005510423798114061,0.02605915069580078
discovery,16,double,8 + 8 =,L2H6,-0.0047243512235581875,0.02605915069580078
discovery,16,double,8 + 8 =,L2H7,-0.003622901625931263,0.02605915069580078
discovery,16,double,8 + 8 =,L2H8,0.006603497080504894,0.02605915069580078
discovery,16,double,8 + 8 =,L2H9,0.027817610651254654,0.02605915069580078
discovery,16,double,8 + 8 =,L2H10,-0.03476012498140335,0.02605915069580078
discovery,16,double,8 + 8 =,L2H11,0.005493589211255312,0.02605915069580078
discovery,16,double,8 + 8 =,L3H0,0.0014403699897229671,0.02605915069580078
discovery,16,double,8 + 8 =,L3H1,-0.0005113417282700539,0.02605915069580078
discovery,16,double,8 + 8 =,L3H2,-0.012735732831060886,0.02605915069580078
discovery,16,double,8 + 8 =,L3H3,0.0017011440359055996,0.02605915069580078
discovery,16,double,8 + 8 =,L3H4,-0.013326660729944706,0.02605915069580078
discovery,16,double,8 + 8 =,L3H5,-0.0019467971287667751,0.02605915069580078
discovery,16,double,8 + 8 =,L3H6,0.0019011530093848705,0.02605915069580078
discovery,16,double,8 + 8 =,L3H7,-0.005643658805638552,0.02605915069580078
discovery,16,double,8 + 8 =,L3H8,-0.0012646329123526812,0.02605915069580078
discovery,16,double,8 + 8 =,L3H9,0.002861800603568554,0.02605915069580078
discovery,16,double,8 + 8 =,L3H10,0.0030813198536634445,0.02605915069580078
discovery,16,double,8 + 8 =,L3H11,-0.010821293108165264,0.02605915069580078
discovery,16,double,8 + 8 =,L4H0,0.002651612740010023,0.02605915069580078
discovery,16,double,8 + 8 =,L4H1,0.0054570757783949375,0.02605915069580078
discovery,16,double,8 + 8 =,L4H2,0.006491544656455517,0.02605915069580078
discovery,16,double,8 + 8 =,L4H3,0.002365689491853118,0.02605915069580078
discovery,16,double,8 + 8 =,L4H4,-0.006119945552200079,0.02605915069580078
discovery,16,double,8 + 8 =,L4H5,-0.003765912726521492,0.02605915069580078
discovery,16,double,8 + 8 =,L4H6,-0.0017584431916475296,0.02605915069580078
discovery,16,double,8 + 8 =,L4H7,0.021357141435146332,0.02605915069580078
discovery,16,double,8 + 8 =,L4H8,-0.0017200377769768238,0.02605915069580078
discovery,16,double,8 + 8 =,L4H9,-0.004106482490897179,0.02605915069580078
discovery,16,double,8 + 8 =,L4H10,-0.0049857525154948235,0.02605915069580078
discovery,16,double,8 + 8 =,L4H11,-0.024718523025512695,0.02605915069580078
discovery,16,double,8 + 8 =,L5H0,0.002592726843431592,0.02605915069580078
discovery,16,double,8 + 8 =,L5H1,0.014057610183954239,0.02605915069580078
discovery,16,double,8 + 8 =,L5H2,0.005326144862920046,0.02605915069580078
discovery,16,double,8 + 8 =,L5H3,-0.003647448029369116,0.02605915069580078
discovery,16,double,8 + 8 =,L5H4,0.012765848077833652,0.02605915069580078
discovery,16,double,8 + 8 =,L5H5,-0.00455160066485405,0.02605915069580078
discovery,16,double,8 + 8 =,L5H6,-0.002823678543791175,0.02605915069580078
discovery,16,double,8 + 8 =,L5H7,-0.0014234588015824556,0.02605915069580078
discovery,16,double,8 + 8 =,L5H8,-0.0033866362646222115,0.02605915069580078
discovery,16,double,8 + 8 =,L5H9,0.02825741097331047,0.02605915069580078
discovery,16,double,8 + 8 =,L5H10,-0.007242333143949509,0.02605915069580078
discovery,16,double,8 + 8 =,L5H11,0.007383851800113916,0.02605915069580078
discovery,16,double,8 + 8 =,L6H0,-0.007341058924794197,0.02605915069580078
discovery,16,double,8 + 8 =,L6H1,-0.011406986974179745,0.02605915069580078
discovery,16,double,8 + 8 =,L6H2,-0.0037411125376820564,0.02605915069580078
discovery,16,double,8 + 8 =,L6H3,0.01313976850360632,0.02605915069580078
discovery,16,double,8 + 8 =,L6H4,-0.004369791597127914,0.02605915069580078
discovery,16,double,8 + 8 =,L6H5,-0.005604971200227737,0.02605915069580078
discovery,16,double,8 + 8 =,L6H6,0.012734771706163883,0.02605915069580078
discovery,16,double,8 + 8 =,L6H7,0.0033781863749027252,0.02605915069580078
discovery,16,double,8 + 8 =,L6H8,0.009473796933889389,0.02605915069580078
discovery,16,double,8 + 8 =,L6H9,0.00679156556725502,0.02605915069580078
discovery,16,double,8 + 8 =,L6H10,-0.010253292508423328,0.02605915069580078
discovery,16,double,8 + 8 =,L6H11,0.0026819054037332535,0.02605915069580078
discovery,16,double,8 + 8 =,L7H0,-0.0004168180748820305,0.02605915069580078
discovery,16,double,8 + 8 =,L7H1,-0.0013878359459340572,0.02605915069580078
discovery,16,double,8 + 8 =,L7H2,0.004844595678150654,0.02605915069580078
discovery,16,double,8 + 8 =,L7H3,0.003954092971980572,0.02605915069580078
discovery,16,double,8 + 8 =,L7H4,0.007623319514095783,0.02605915069580078
discovery,16,double,8 + 8 =,L7H5,0.003110648365691304,0.02605915069580078
discovery,16,double,8 + 8 =,L7H6,0.01736665703356266,0.02605915069580078
discovery,16,double,8 + 8 =,L7H7,-0.0022802059538662434,0.02605915069580078
discovery,16,double,8 + 8 =,L7H8,0.02828945219516754,0.02605915069580078
discovery,16,double,8 + 8 =,L7H9,-0.012713070958852768,0.02605915069580078
discovery,16,double,8 + 8 =,L7H10,0.02018621563911438,0.02605915069580078
discovery,16,double,8 + 8 =,L7H11,0.002598168794065714,0.02605915069580078
discovery,16,double,8 + 8 =,L8H0,-0.02572198584675789,0.02605915069580078
discovery,16,double,8 + 8 =,L8H1,-0.006229773163795471,0.02605915069580078
discovery,16,double,8 + 8 =,L8H2,-0.023971080780029297,0.02605915069580078
discovery,16,double,8 + 8 =,L8H3,0.00773407518863678,0.02605915069580078
discovery,16,double,8 + 8 =,L8H4,0.005193980410695076,0.02605915069580078
discovery,16,double,8 + 8 =,L8H5,0.005222126841545105,0.02605915069580078
discovery,16,double,8 + 8 =,L8H6,-0.005539886187762022,0.02605915069580078
discovery,16,double,8 + 8 =,L8H7,0.009243151172995567,0.02605915069580078
discovery,16,double,8 + 8 =,L8H8,0.08541236072778702,0.02605915069580078
discovery,16,double,8 + 8 =,L8H9,0.008790841326117516,0.02605915069580078
discovery,16,double,8 + 8 =,L8H10,0.006147596053779125,0.02605915069580078
discovery,16,double,8 + 8 =,L8H11,0.06776706874370575,0.02605915069580078
discovery,16,double,8 + 8 =,L9H0,0.01106683537364006,0.02605915069580078
discovery,16,double,8 + 8 =,L9H1,0.021308215335011482,0.02605915069580078
discovery,16,double,8 + 8 =,L9H2,-0.002368411049246788,0.02605915069580078
discovery,16,double,8 + 8 =,L9H3,-0.0005266545340418816,0.02605915069580078
discovery,16,double,8 + 8 =,L9H4,-0.0021908320486545563,0.02605915069580078
discovery,16,double,8 + 8 =,L9H5,-0.004861644469201565,0.02605915069580078
discovery,16,double,8 + 8 =,L9H6,0.02260754629969597,0.02605915069580078
discovery,16,double,8 + 8 =,L9H7,0.0015170020051300526,0.02605915069580078
discovery,16,double,8 + 8 =,L9H8,0.007380522787570953,0.02605915069580078
discovery,16,double,8 + 8 =,L9H9,0.1868763267993927,0.02605915069580078
discovery,16,double,8 + 8 =,L9H10,0.013484214432537556,0.02605915069580078
discovery,16,double,8 + 8 =,L9H11,-0.002072298899292946,0.02605915069580078
discovery,16,double,8 + 8 =,L10H0,0.0036631301045417786,0.02605915069580078
discovery,16,double,8 + 8 =,L10H1,0.014843156561255455,0.02605915069580078
discovery,16,double,8 + 8 =,L10H2,0.06854350864887238,0.02605915069580078
discovery,16,double,8 + 8 =,L10H3,0.0158439539372921,0.02605915069580078
discovery,16,double,8 + 8 =,L10H4,0.014374015852808952,0.02605915069580078
discovery,16,double,8 + 8 =,L10H5,0.005379677750170231,0.02605915069580078
discovery,16,double,8 + 8 =,L10H6,0.004044285509735346,0.02605915069580078
discovery,16,double,8 + 8 =,L10H7,-0.08271738141775131,0.02605915069580078
discovery,16,double,8 + 8 =,L10H8,-0.009826241061091423,0.02605915069580078
discovery,16,double,8 + 8 =,L10H9,0.0016657020896673203,0.02605915069580078
discovery,16,double,8 + 8 =,L10H10,0.009953202679753304,0.02605915069580078
discovery,16,double,8 + 8 =,L10H11,0.004528643563389778,0.02605915069580078
discovery,16,double,8 + 8 =,L11H0,0.007663050666451454,0.02605915069580078
discovery,16,double,8 + 8 =,L11H1,0.013357746414840221,0.02605915069580078
discovery,16,double,8 + 8 =,L11H2,0.04548531770706177,0.02605915069580078
discovery,16,double,8 + 8 =,L11H3,0.020609445869922638,0.02605915069580078
discovery,16,double,8 + 8 =,L11H4,-0.009903006255626678,0.02605915069580078
discovery,16,double,8 + 8 =,L11H5,0.007283288985490799,0.02605915069580078
discovery,16,double,8 + 8 =,L11H6,-0.01913336291909218,0.02605915069580078
discovery,16,double,8 + 8 =,L11H7,-0.005927735939621925,0.02605915069580078
discovery,16,double,8 + 8 =,L11H8,-0.01399679109454155,0.02605915069580078
discovery,16,double,8 + 8 =,L11H9,0.014834116213023663,0.02605915069580078
discovery,16,double,8 + 8 =,L11H10,-0.04417785629630089,0.02605915069580078
discovery,16,double,8 + 8 =,L11H11,0.005190813913941383,0.02605915069580078
discovery,16,double,8 + 8 =,0_mlp_out,-0.08144493401050568,0.02605915069580078
discovery,16,double,8 + 8 =,1_mlp_out,-0.0022917110472917557,0.02605915069580078
discovery,16,double,8 + 8 =,2_mlp_out,0.007882463745772839,0.02605915069580078
discovery,16,double,8 + 8 =,3_mlp_out,0.02442755363881588,0.02605915069580078
discovery,16,double,8 + 8 =,4_mlp_out,0.008623342961072922,0.02605915069580078
discovery,16,double,8 + 8 =,5_mlp_out,0.028374668210744858,0.02605915069580078
discovery,16,double,8 + 8 =,6_mlp_out,0.07482731342315674,0.02605915069580078
discovery,16,double,8 + 8 =,7_mlp_out,-0.06899122148752213,0.02605915069580078
discovery,16,double,8 + 8 =,8_mlp_out,0.034782201051712036,0.02605915069580078
discovery,16,double,8 + 8 =,9_mlp_out,0.023086251690983772,0.02605915069580078
discovery,16,double,8 + 8 =,10_mlp_out,0.027074221521615982,0.02605915069580078
discovery,16,double,8 + 8 =,11_mlp_out,0.025089774280786514,0.02605915069580078
discovery,16,double,8 + 8 =,embed,-0.0063027674332261086,0.02605915069580078
discovery,16,double,8 + 8 =,pos_embed,-0.004149743355810642,0.02605915069580078
discovery,16,double,8 + 8 =,bias,0.0003121569752693176,0.02605915069580078
discovery,16,control,7 + 9 =,L0H0,0.00033745821565389633,0.02605915069580078
discovery,16,control,7 + 9 =,L0H1,0.01532941684126854,0.02605915069580078
discovery,16,control,7 + 9 =,L0H2,0.012404151260852814,0.02605915069580078
discovery,16,control,7 + 9 =,L0H3,0.009381117299199104,0.02605915069580078
discovery,16,control,7 + 9 =,L0H4,-0.006307648494839668,0.02605915069580078
discovery,16,control,7 + 9 =,L0H5,0.00026307813823223114,0.02605915069580078
discovery,16,control,7 + 9 =,L0H6,-0.000466296449303627,0.02605915069580078
discovery,16,control,7 + 9 =,L0H7,0.004439329728484154,0.02605915069580078
discovery,16,control,7 + 9 =,L0H8,0.007906978018581867,0.02605915069580078
discovery,16,control,7 + 9 =,L0H9,0.029183825477957726,0.02605915069580078
discovery,16,control,7 + 9 =,L0H10,-0.010404165834188461,0.02605915069580078
discovery,16,control,7 + 9 =,L0H11,-0.001772519201040268,0.02605915069580078
discovery,16,control,7 + 9 =,L1H0,-0.008608458563685417,0.02605915069580078
discovery,16,control,7 + 9 =,L1H1,0.017958112061023712,0.02605915069580078
discovery,16,control,7 + 9 =,L1H2,-0.02225044183433056,0.02605915069580078
discovery,16,control,7 + 9 =,L1H3,0.009034600108861923,0.02605915069580078
discovery,16,control,7 + 9 =,L1H4,0.025026947259902954,0.02605915069580078
discovery,16,control,7 + 9 =,L1H5,0.004898551851511002,0.02605915069580078
discovery,16,control,7 + 9 =,L1H6,-0.011210484430193901,0.02605915069580078
discovery,16,control,7 + 9 =,L1H7,0.01208202913403511,0.02605915069580078
discovery,16,control,7 + 9 =,L1H8,0.002040248364210129,0.02605915069580078
discovery,16,control,7 + 9 =,L1H9,0.003942050971090794,0.02605915069580078
discovery,16,control,7 + 9 =,L1H10,0.003657042980194092,0.02605915069580078
discovery,16,control,7 + 9 =,L1H11,-0.0038084769621491432,0.02605915069580078
discovery,16,control,7 + 9 =,L2H0,0.006076402962207794,0.02605915069580078
discovery,16,control,7 + 9 =,L2H1,-0.0020998818799853325,0.02605915069580078
discovery,16,control,7 + 9 =,L2H2,-0.018770914524793625,0.02605915069580078
discovery,16,control,7 + 9 =,L2H3,-0.01433986984193325,0.02605915069580078
discovery,16,control,7 + 9 =,L2H4,0.005886041559278965,0.02605915069580078
discovery,16,control,7 + 9 =,L2H5,-0.004565945360809565,0.02605915069580078
discovery,16,control,7 + 9 =,L2H6,-0.004476487170904875,0.02605915069580078
discovery,16,control,7 + 9 =,L2H7,-0.0033476571552455425,0.02605915069580078
discovery,16,control,7 + 9 =,L2H8,0.006076168268918991,0.02605915069580078
discovery,16,control,7 + 9 =,L2H9,0.026533890515565872,0.02605915069580078
discovery,16,control,7 + 9 =,L2H10,-0.033443383872509,0.02605915069580078
discovery,16,control,7 + 9 =,L2H11,0.0049207862466573715,0.02605915069580078
discovery,16,control,7 + 9 =,L3H0,0.002126786857843399,0.02605915069580078
discovery,16,control,7 + 9 =,L3H1,-0.0022166818380355835,0.02605915069580078
discovery,16,control,7 + 9 =,L3H2,-0.006067893002182245,0.02605915069580078
discovery,16,control,7 + 9 =,L3H3,0.0010800482705235481,0.02605915069580078
discovery,16,control,7 + 9 =,L3H4,-0.01426885835826397,0.02605915069580078
discovery,16,control,7 + 9 =,L3H5,-0.003950786776840687,0.02605915069580078
discovery,16,control,7 + 9 =,L3H6,0.0073996372520923615,0.02605915069580078
discovery,16,control,7 + 9 =,L3H7,-0.003217593999579549,0.02605915069580078
discovery,16,control,7 + 9 =,L3H8,-0.0010914987651631236,0.02605915069580078
discovery,16,control,7 + 9 =,L3H9,0.001257896889001131,0.02605915069580078
discovery,16,control,7 + 9 =,L3H10,-3.9725564420223236e-05,0.02605915069580078
discovery,16,control,7 + 9 =,L3H11,-0.01428659725934267,0.02605915069580078
discovery,16,control,7 + 9 =,L4H0,0.001454971032217145,0.02605915069580078
discovery,16,control,7 + 9 =,L4H1,0.005439194850623608,0.02605915069580078
discovery,16,control,7 + 9 =,L4H2,0.002787669887766242,0.02605915069580078
discovery,16,control,7 + 9 =,L4H3,0.003329833038151264,0.02605915069580078
discovery,16,control,7 + 9 =,L4H4,-0.005276012700051069,0.02605915069580078
discovery,16,control,7 + 9 =,L4H5,-0.0021074791438877583,0.02605915069580078
discovery,16,control,7 + 9 =,L4H6,0.011939840391278267,0.02605915069580078
discovery,16,control,7 + 9 =,L4H7,0.021237947046756744,0.02605915069580078
discovery,16,control,7 + 9 =,L4H8,0.0003644186072051525,0.02605915069580078
discovery,16,control,7 + 9 =,L4H9,-0.00404676329344511,0.02605915069580078
discovery,16,control,7 + 9 =,L4H10,-0.0046989526599645615,0.02605915069580078
discovery,16,control,7 + 9 =,L4H11,-0.0139454435557127,0.02605915069580078
discovery,16,control,7 + 9 =,L5H0,0.0025503996293991804,0.02605915069580078
discovery,16,control,7 + 9 =,L5H1,0.014009971171617508,0.02605915069580078
discovery,16,control,7 + 9 =,L5H2,0.00993463583290577,0.02605915069580078
discovery,16,control,7 + 9 =,L5H3,-0.003856383729726076,0.02605915069580078
discovery,16,control,7 + 9 =,L5H4,0.01395690068602562,0.02605915069580078
discovery,16,control,7 + 9 =,L5H5,-0.00886874832212925,0.02605915069580078
discovery,16,control,7 + 9 =,L5H6,-0.004280283115804195,0.02605915069580078
discovery,16,control,7 + 9 =,L5H7,-0.002255405532196164,0.02605915069580078
discovery,16,control,7 + 9 =,L5H8,0.010531513020396233,0.02605915069580078
discovery,16,control,7 + 9 =,L5H9,0.02832965925335884,0.02605915069580078
discovery,16,control,7 + 9 =,L5H10,-0.007929928600788116,0.02605915069580078
discovery,16,control,7 + 9 =,L5H11,0.009764338843524456,0.02605915069580078
discovery,16,control,7 + 9 =,L6H0,-0.009274343028664589,0.02605915069580078
discovery,16,control,7 + 9 =,L6H1,-0.0020323041826486588,0.02605915069580078
discovery,16,control,7 + 9 =,L6H2,-0.004500350449234247,0.02605915069580078
discovery,16,control,7 + 9 =,L6H3,0.009359125047922134,0.02605915069580078
discovery,16,control,7 + 9 =,L6H4,-0.00695278774946928,0.02605915069580078
discovery,16,control,7 + 9 =,L6H5,-0.0039624981582164764,0.02605915069580078
discovery,16,control,7 + 9 =,L6H6,0.012253150343894958,0.02605915069580078
discovery,16,control,7 + 9 =,L6H7,-0.008028743788599968,0.02605915069580078
discovery,16,control,7 + 9 =,L6H8,0.009390297345817089,0.02605915069580078
discovery,16,control,7 + 9 =,L6H9,-0.005811559502035379,0.02605915069580078
discovery,16,control,7 + 9 =,L6H10,-0.010311398655176163,0.02605915069580078
discovery,16,control,7 + 9 =,L6H11,0.0035228044725954533,0.02605915069580078
discovery,16,control,7 + 9 =,L7H0,0.0019160797819495201,0.02605915069580078
discovery,16,control,7 + 9 =,L7H1,-0.00099234189838171,0.02605915069580078
discovery,16,control,7 + 9 =,L7H2,0.004753882996737957,0.02605915069580078
discovery,16,control,7 + 9 =,L7H3,0.0017520654946565628,0.02605915069580078
discovery,16,control,7 + 9 =,L7H4,0.004100552760064602,0.02605915069580078
discovery,16,control,7 + 9 =,L7H5,-0.0014006432611495256,0.02605915069580078
discovery,16,control,7 + 9 =,L7H6,0.01815064810216427,0.02605915069580078
discovery,16,control,7 + 9 =,L7H7,-0.0019958624616265297,0.02605915069580078
discovery,16,control,7 + 9 =,L7H8,0.023234408348798752,0.02605915069580078
discovery,16,control,7 + 9 =,L7H9,0.0004892044235020876,0.02605915069580078
discovery,16,control,7 + 9 =,L7H10,0.0028181218076497316,0.02605915069580078
discovery,16,control,7 + 9 =,L7H11,0.005040845833718777,0.02605915069580078
discovery,16,control,7 + 9 =,L8H0,-0.019202908501029015,0.02605915069580078
discovery,16,control,7 + 9 =,L8H1,-0.009108202531933784,0.02605915069580078
discovery,16,control,7 + 9 =,L8H2,-0.020189013332128525,0.02605915069580078
discovery,16,control,7 + 9 =,L8H3,0.003010303946211934,0.02605915069580078
discovery,16,control,7 + 9 =,L8H4,0.005684241186827421,0.02605915069580078
discovery,16,control,7 + 9 =,L8H5,0.002263205125927925,0.02605915069580078
discovery,16,control,7 + 9 =,L8H6,-0.002040301915258169,0.02605915069580078
discovery,16,control,7 + 9 =,L8H7,0.009855067357420921,0.02605915069580078
discovery,16,control,7 + 9 =,L8H8,0.07015920430421829,0.02605915069580078
discovery,16,control,7 + 9 =,L8H9,0.013096082955598831,0.02605915069580078
discovery,16,control,7 + 9 =,L8H10,0.01573125645518303,0.02605915069580078
discovery,16,control,7 + 9 =,L8H11,-0.021783770993351936,0.02605915069580078
discovery,16,control,7 + 9 =,L9H0,-0.0003457344137132168,0.02605915069580078
discovery,16,control,7 + 9 =,L9H1,-1.4815013855695724e-06,0.02605915069580078
discovery,16,control,7 + 9 =,L9H2,-0.004789841361343861,0.02605915069580078
discovery,16,control,7 + 9 =,L9H3,-0.00348612479865551,0.02605915069580078
discovery,16,control,7 + 9 =,L9H4,-0.004644116386771202,0.02605915069580078
discovery,16,control,7 + 9 =,L9H5,-0.0017501362599432468,0.02605915069580078
discovery,16,control,7 + 9 =,L9H6,0.006790327373892069,0.02605915069580078
discovery,16,control,7 + 9 =,L9H7,0.006437298841774464,0.02605915069580078
discovery,16,control,7 + 9 =,L9H8,0.007265021093189716,0.02605915069580078
discovery,16,control,7 + 9 =,L9H9,-0.019060956314206123,0.02605915069580078
discovery,16,control,7 + 9 =,L9H10,0.01356382668018341,0.02605915069580078
discovery,16,control,7 + 9 =,L9H11,-0.00211879494599998,0.02605915069580078
discovery,16,control,7 + 9 =,L10H0,0.00029492564499378204,0.02605915069580078
discovery,16,control,7 + 9 =,L10H1,-0.008233386091887951,0.02605915069580078
discovery,16,control,7 + 9 =,L10H2,-0.01507173478603363,0.02605915069580078
discovery,16,control,7 + 9 =,L10H3,0.015049154870212078,0.02605915069580078
discovery,16,control,7 + 9 =,L10H4,0.01892738789319992,0.02605915069580078
discovery,16,control,7 + 9 =,L10H5,0.004139536526054144,0.02605915069580078
discovery,16,control,7 + 9 =,L10H6,0.0029330551624298096,0.02605915069580078
discovery,16,control,7 + 9 =,L10H7,0.0032809842377901077,0.02605915069580078
discovery,16,control,7 + 9 =,L10H8,-0.009119953028857708,0.02605915069580078
discovery,16,control,7 + 9 =,L10H9,-0.001528928056359291,0.02605915069580078
discovery,16,control,7 + 9 =,L10H10,0.0067957364954054356,0.02605915069580078
discovery,16,control,7 + 9 =,L10H11,0.001409374177455902,0.02605915069580078
discovery,16,control,7 + 9 =,L11H0,0.008350364863872528,0.02605915069580078
discovery,16,control,7 + 9 =,L11H1,0.01210851687937975,0.02605915069580078
discovery,16,control,7 + 9 =,L11H2,0.011611828580498695,0.02605915069580078
discovery,16,control,7 + 9 =,L11H3,0.0072035719640553,0.02605915069580078
discovery,16,control,7 + 9 =,L11H4,-0.017843861132860184,0.02605915069580078
discovery,16,control,7 + 9 =,L11H5,0.004582532215863466,0.02605915069580078
discovery,16,control,7 + 9 =,L11H6,-0.020789939910173416,0.02605915069580078
discovery,16,control,7 + 9 =,L11H7,-0.006478411145508289,0.02605915069580078
discovery,16,control,7 + 9 =,L11H8,-0.01613091304898262,0.02605915069580078
discovery,16,control,7 + 9 =,L11H9,0.01595396175980568,0.02605915069580078
discovery,16,control,7 + 9 =,L11H10,-0.01532728411257267,0.02605915069580078
discovery,16,control,7 + 9 =,L11H11,-0.0044107586145401,0.02605915069580078
discovery,16,control,7 + 9 =,0_mlp_out,-0.07957034558057785,0.02605915069580078
discovery,16,control,7 + 9 =,1_mlp_out,-0.0033775661140680313,0.02605915069580078
discovery,16,control,7 + 9 =,2_mlp_out,0.0041387081146240234,0.02605915069580078
discovery,16,control,7 + 9 =,3_mlp_out,0.017028141766786575,0.02605915069580078
discovery,16,control,7 + 9 =,4_mlp_out,0.008979171514511108,0.02605915069580078
discovery,16,control,7 + 9 =,5_mlp_out,0.020210057497024536,0.02605915069580078
discovery,16,control,7 + 9 =,6_mlp_out,0.07228051126003265,0.02605915069580078
discovery,16,control,7 + 9 =,7_mlp_out,-0.09443709254264832,0.02605915069580078
discovery,16,control,7 + 9 =,8_mlp_out,0.008117355406284332,0.02605915069580078
discovery,16,control,7 + 9 =,9_mlp_out,-0.046631764620542526,0.02605915069580078
discovery,16,control,7 + 9 =,10_mlp_out,-0.06971845030784607,0.02605915069580078
discovery,16,control,7 + 9 =,11_mlp_out,0.037423618137836456,0.02605915069580078
discovery,16,control,7 + 9 =,embed,-0.006376009900122881,0.02605915069580078
discovery,16,control,7 + 9 =,pos_embed,-0.0041979653760790825,0.02605915069580078
discovery,16,control,7 + 9 =,bias,0.00031575560569763184,0.02605915069580078
discovery,16,control,9 + 7 =,L0H0,0.0005125515162944794,0.02605915069580078
discovery,16,control,9 + 7 =,L0H1,0.013971209526062012,0.02605915069580078
discovery,16,control,9 + 7 =,L0H2,0.011557279154658318,0.02605915069580078
discovery,16,control,9 + 7 =,L0H3,0.008784182369709015,0.02605915069580078
discovery,16,control,9 + 7 =,L0H4,-0.005752207711338997,0.02605915069580078
discovery,16,control,9 + 7 =,L0H5,0.00022046081721782684,0.02605915069580078
discovery,16,control,9 + 7 =,L0H6,-0.0003543328493833542,0.02605915069580078
discovery,16,control,9 + 7 =,L0H7,0.005439897999167442,0.02605915069580078
discovery,16,control,9 + 7 =,L0H8,0.007030460983514786,0.02605915069580078
discovery,16,control,9 + 7 =,L0H9,0.026220709085464478,0.02605915069580078
discovery,16,control,9 + 7 =,L0H10,-0.009757837280631065,0.02605915069580078
discovery,16,control,9 + 7 =,L0H11,-0.0012021688744425774,0.02605915069580078
discovery,16,control,9 + 7 =,L1H0,-0.008022249676287174,0.02605915069580078
discovery,16,control,9 + 7 =,L1H1,0.016322510316967964,0.02605915069580078
discovery,16,control,9 + 7 =,L1H2,-0.019998900592327118,0.02605915069580078
discovery,16,control,9 + 7 =,L1H3,0.008103146217763424,0.02605915069580078
discovery,16,control,9 + 7 =,L1H4,0.022451750934123993,0.02605915069580078
discovery,16,control,9 + 7 =,L1H5,0.0040811412036418915,0.02605915069580078
discovery,16,control,9 + 7 =,L1H6,-0.01003534160554409,0.02605915069580078
discovery,16,control,9 + 7 =,L1H7,0.010816735215485096,0.02605915069580078
discovery,16,control,9 + 7 =,L1H8,0.0017477418296039104,0.02605915069580078
discovery,16,control,9 + 7 =,L1H9,0.0035536927171051502,0.02605915069580078
discovery,16,control,9 + 7 =,L1H10,0.003815264441072941,0.02605915069580078
discovery,16,control,9 + 7 =,L1H11,-0.0028915973380208015,0.02605915069580078
discovery,16,control,9 + 7 =,L2H0,0.006047059781849384,0.02605915069580078
discovery,16,control,9 + 7 =,L2H1,-0.0014260499738156796,0.02605915069580078
discovery,16,control,9 + 7 =,L2H2,-0.012083245441317558,0.02605915069580078
discovery,16,control,9 + 7 =,L2H3,-0.014408508315682411,0.02605915069580078
discovery,16,control,9 + 7 =,L2H4,0.005127051845192909,0.02605915069580078
discovery,16,control,9 + 7 =,L2H5,-0.004594295285642147,0.02605915069580078
discovery,16,control,9 + 7 =,L2H6,-0.0036620022729039192,0.02605915069580078
discovery,16,control,9 + 7 =,L2H7,-0.002076974604278803,0.02605915069580078
discovery,16,control,9 + 7 =,L2H8,0.006116420961916447,0.02605915069580078
discovery,16,control,9 + 7 =,L2H9,0.02454393543303013,0.02605915069580078
discovery,16,control,9 + 7 =,L2H10,-0.030125197023153305,0.02605915069580078
discovery,16,control,9 + 7 =,L2H11,0.004662942606955767,0.02605915069580078
discovery,16,control,9 + 7 =,L3H0,0.0022234362550079823,0.02605915069580078
discovery,16,control,9 + 7 =,L3H1,-0.001237303949892521,0.02605915069580078
discovery,16,control,9 + 7 =,L3H2,-0.0070376088842749596,0.02605915069580078
discovery,16,control,9 + 7 =,L3H3,0.0034276642836630344,0.02605915069580078
discovery,16,control,9 + 7 =,L3H4,-0.012282878160476685,0.02605915069580078
discovery,16,control,9 + 7 =,L3H5,-0.003700032364577055,0.02605915069580078
discovery,16,control,9 + 7 =,L3H6,-0.001287297811359167,0.02605915069580078
discovery,16,control,9 + 7 =,L3H7,-0.0015167118981480598,0.02605915069580078
discovery,16,control,9 + 7 =,L3H8,-0.0025784987956285477,0.02605915069580078
discovery,16,control,9 + 7 =,L3H9,0.0006535765714943409,0.02605915069580078
discovery,16,control,9 + 7 =,L3H10,0.00250282883644104,0.02605915069580078
discovery,16,control,9 + 7 =,L3H11,-0.011414618231356144,0.02605915069580078
discovery,16,control,9 + 7 =,L4H0,0.002074871212244034,0.02605915069580078
discovery,16,control,9 + 7 =,L4H1,0.0038742837496101856,0.02605915069580078
discovery,16,control,9 + 7 =,L4H2,0.003549843328073621,0.02605915069580078
discovery,16,control,9 + 7 =,L4H3,-3.094784915447235e-05,0.02605915069580078
discovery,16,control,9 + 7 =,L4H4,-0.004383531399071217,0.02605915069580078
discovery,16,control,9 + 7 =,L4H5,-2.2481894120573997e-05,0.02605915069580078
discovery,16,control,9 + 7 =,L4H6,0.007284628693014383,0.02605915069580078
discovery,16,control,9 + 7 =,L4H7,0.01646590605378151,0.02605915069580078
discovery,16,control,9 + 7 =,L4H8,-0.00035320036113262177,0.02605915069580078
discovery,16,control,9 + 7 =,L4H9,-0.003739424515515566,0.02605915069580078
discovery,16,control,9 + 7 =,L4H10,-0.005773835349828005,0.02605915069580078
discovery,16,control,9 + 7 =,L4H11,-0.0132459606975317,0.02605915069580078
discovery,16,control,9 + 7 =,L5H0,0.0020855884067714214,0.02605915069580078
discovery,16,control,9 + 7 =,L5H1,0.012744572944939137,0.02605915069580078
discovery,16,control,9 + 7 =,L5H2,0.004237298853695393,0.02605915069580078
discovery,16,control,9 + 7 =,L5H3,-0.005654077511280775,0.02605915069580078
discovery,16,control,9 + 7 =,L5H4,0.007601837161928415,0.02605915069580078
discovery,16,control,9 + 7 =,L5H5,-0.004754107445478439,0.02605915069580078
discovery,16,control,9 + 7 =,L5H6,-0.001842140918597579,0.02605915069580078
discovery,16,control,9 + 7 =,L5H7,-0.0013042008504271507,0.02605915069580078
discovery,16,control,9 + 7 =,L5H8,0.0064098527655005455,0.02605915069580078
discovery,16,control,9 + 7 =,L5H9,0.02510904148221016,0.02605915069580078
discovery,16,control,9 + 7 =,L5H10,-0.01134595274925232,0.02605915069580078
discovery,16,control,9 + 7 =,L5H11,0.009161533787846565,0.02605915069580078
discovery,16,control,9 + 7 =,L6H0,-0.005624882876873016,0.02605915069580078
discovery,16,control,9 + 7 =,L6H1,-0.0008731486741453409,0.02605915069580078
discovery,16,control,9 + 7 =,L6H2,-0.003818102180957794,0.02605915069580078
discovery,16,control,9 + 7 =,L6H3,0.010021171532571316,0.02605915069580078
discovery,16,control,9 + 7 =,L6H4,-0.009012491442263126,0.02605915069580078
discovery,16,control,9 + 7 =,L6H5,-0.004717700183391571,0.02605915069580078
discovery,16,control,9 + 7 =,L6H6,0.011491998098790646,0.02605915069580078
discovery,16,control,9 + 7 =,L6H7,-0.009592382237315178,0.02605915069580078
discovery,16,control,9 + 7 =,L6H8,-0.000732148066163063,0.02605915069580078
discovery,16,control,9 + 7 =,L6H9,-0.0036919903941452503,0.02605915069580078
discovery,16,control,9 + 7 =,L6H10,-0.009319786913692951,0.02605915069580078
discovery,16,control,9 + 7 =,L6H11,-0.000788950826972723,0.02605915069580078
discovery,16,control,9 + 7 =,L7H0,-0.0025795702822506428,0.02605915069580078
discovery,16,control,9 + 7 =,L7H1,-0.0008521312847733498,0.02605915069580078
discovery,16,control,9 + 7 =,L7H2,0.004317615646868944,0.02605915069580078
discovery,16,control,9 + 7 =,L7H3,0.005674463696777821,0.02605915069580078
discovery,16,control,9 + 7 =,L7H4,0.0007386477664113045,0.02605915069580078
discovery,16,control,9 + 7 =,L7H5,-0.01006840169429779,0.02605915069580078
discovery,16,control,9 + 7 =,L7H6,0.01709643006324768,0.02605915069580078
discovery,16,control,9 + 7 =,L7H7,-0.001778359292075038,0.02605915069580078
discovery,16,control,9 + 7 =,L7H8,0.02160121127963066,0.02605915069580078
discovery,16,control,9 + 7 =,L7H9,-0.0006595284212380648,0.02605915069580078
discovery,16,control,9 + 7 =,L7H10,0.0038287269417196512,0.02605915069580078
discovery,16,control,9 + 7 =,L7H11,0.0038930356968194246,0.02605915069580078
discovery,16,control,9 + 7 =,L8H0,-0.023212263360619545,0.02605915069580078
discovery,16,control,9 + 7 =,L8H1,-0.007877836003899574,0.02605915069580078
discovery,16,control,9 + 7 =,L8H2,-0.0239059217274189,0.02605915069580078
discovery,16,control,9 + 7 =,L8H3,0.003469462040811777,0.02605915069580078
discovery,16,control,9 + 7 =,L8H4,0.004497196525335312,0.02605915069580078
discovery,16,control,9 + 7 =,L8H5,0.005796981044113636,0.02605915069580078
discovery,16,control,9 + 7 =,L8H6,-0.006789820268750191,0.02605915069580078
discovery,16,control,9 + 7 =,L8H7,0.008562915027141571,0.02605915069580078
discovery,16,control,9 + 7 =,L8H8,0.044956840574741364,0.02605915069580078
discovery,16,control,9 + 7 =,L8H9,0.011768585070967674,0.02605915069580078
discovery,16,control,9 + 7 =,L8H10,0.0183766670525074,0.02605915069580078
discovery,16,control,9 + 7 =,L8H11,-0.016642563045024872,0.02605915069580078
discovery,16,control,9 + 7 =,L9H0,-0.0002792375162243843,0.02605915069580078
discovery,16,control,9 + 7 =,L9H1,-0.0046923402696847916,0.02605915069580078
discovery,16,control,9 + 7 =,L9H2,-0.004754140041768551,0.02605915069580078
discovery,16,control,9 + 7 =,L9H3,-0.0071456413716077805,0.02605915069580078
discovery,16,control,9 + 7 =,L9H4,-0.0046360185369849205,0.02605915069580078
discovery,16,control,9 + 7 =,L9H5,-0.0012923155445605516,0.02605915069580078
discovery,16,control,9 + 7 =,L9H6,0.004292204510420561,0.02605915069580078
discovery,16,control,9 + 7 =,L9H7,0.004969806410372257,0.02605915069580078
discovery,16,control,9 + 7 =,L9H8,0.006139800883829594,0.02605915069580078
discovery,16,control,9 + 7 =,L9H9,0.004390066489577293,0.02605915069580078
discovery,16,control,9 + 7 =,L9H10,0.010739754885435104,0.02605915069580078
discovery,16,control,9 + 7 =,L9H11,-0.00220266985706985,0.02605915069580078
discovery,16,control,9 + 7 =,L10H0,-0.0020668297074735165,0.02605915069580078
discovery,16,control,9 + 7 =,L10H1,-0.0067374007776379585,0.02605915069580078
discovery,16,control,9 + 7 =,L10H2,-0.0063918037340044975,0.02605915069580078
discovery,16,control,9 + 7 =,L10H3,0.014709725975990295,0.02605915069580078
discovery,16,control,9 + 7 =,L10H4,0.023991577327251434,0.02605915069580078
discovery,16,control,9 + 7 =,L10H5,0.0028064067009836435,0.02605915069580078
discovery,16,control,9 + 7 =,L10H6,0.002020689658820629,0.02605915069580078
discovery,16,control,9 + 7 =,L10H7,-0.01032097078859806,0.02605915069580078
discovery,16,control,9 + 7 =,L10H8,-0.00829597469419241,0.02605915069580078
discovery,16,control,9 + 7 =,L10H9,0.0011056158691644669,0.02605915069580078
discovery,16,control,9 + 7 =,L10H10,0.006215973757207394,0.02605915069580078
discovery,16,control,9 + 7 =,L10H11,0.0020663489121943712,0.02605915069580078
discovery,16,control,9 + 7 =,L11H0,0.0067860037088394165,0.02605915069580078
discovery,16,control,9 + 7 =,L11H1,0.012901045382022858,0.02605915069580078
discovery,16,control,9 + 7 =,L11H2,0.009171050041913986,0.02605915069580078
discovery,16,control,9 + 7 =,L11H3,0.0027780812233686447,0.02605915069580078
discovery,16,control,9 + 7 =,L11H4,-0.017352327704429626,0.02605915069580078
discovery,16,control,9 + 7 =,L11H5,0.002381271915510297,0.02605915069580078
discovery,16,control,9 + 7 =,L11H6,-0.018882328644394875,0.02605915069580078
discovery,16,control,9 + 7 =,L11H7,-0.006750242784619331,0.02605915069580078
discovery,16,control,9 + 7 =,L11H8,-0.015310969203710556,0.02605915069580078
discovery,16,control,9 + 7 =,L11H9,0.015661127865314484,0.02605915069580078
discovery,16,control,9 + 7 =,L11H10,-0.00991901196539402,0.02605915069580078
discovery,16,control,9 + 7 =,L11H11,-0.004676098469644785,0.02605915069580078
discovery,16,control,9 + 7 =,0_mlp_out,-0.07452894002199173,0.02605915069580078
discovery,16,control,9 + 7 =,1_mlp_out,-0.005256686359643936,0.02605915069580078
discovery,16,control,9 + 7 =,2_mlp_out,0.0012324973940849304,0.02605915069580078
discovery,16,control,9 + 7 =,3_mlp_out,0.033919937908649445,0.02605915069580078
discovery,16,control,9 + 7 =,4_mlp_out,0.006161075085401535,0.02605915069580078
discovery,16,control,9 + 7 =,5_mlp_out,0.0012786658480763435,0.02605915069580078
discovery,16,control,9 + 7 =,6_mlp_out,0.07059863209724426,0.02605915069580078
discovery,16,control,9 + 7 =,7_mlp_out,-0.03934713825583458,0.02605915069580078
discovery,16,control,9 + 7 =,8_mlp_out,0.0217818021774292,0.02605915069580078
discovery,16,control,9 + 7 =,9_mlp_out,-0.058380477130413055,0.02605915069580078
discovery,16,control,9 + 7 =,10_mlp_out,-0.08221717178821564,0.02605915069580078
discovery,16,control,9 + 7 =,11_mlp_out,-0.015270840376615524,0.02605915069580078
discovery,16,control,9 + 7 =,embed,-0.005799434147775173,0.02605915069580078
discovery,16,control,9 + 7 =,pos_embed,-0.0038183473516255617,0.02605915069580078
discovery,16,control,9 + 7 =,bias,0.00028724223375320435,0.02605915069580078
exploratory_transfer,8,double,4 + 4 =,L0H0,-0.0025966395623981953,0.06792402267456055
exploratory_transfer,8,double,4 + 4 =,L0H1,-0.009636016562581062,0.06792402267456055
exploratory_transfer,8,double,4 + 4 =,L0H2,0.00253456924110651,0.06792402267456055
exploratory_transfer,8,double,4 + 4 =,L0H3,0.0009742323309183121,0.06792402267456055
exploratory_transfer,8,double,4 + 4 =,L0H4,-0.007166585419327021,0.06792402267456055
exploratory_transfer,8,double,4 + 4 =,L0H5,0.002191036008298397,0.06792402267456055
exploratory_transfer,8,double,4 + 4 =,L0H6,0.016909750178456306,0.06792402267456055
exploratory_transfer,8,double,4 + 4 =,L0H7,0.02570400759577751,0.06792402267456055
exploratory_transfer,8,double,4 + 4 =,L0H8,-0.009304584935307503,0.06792402267456055
exploratory_transfer,8,double,4 + 4 =,L0H9,-0.002479569986462593,0.06792402267456055
exploratory_transfer,8,double,4 + 4 =,L0H10,0.01170884445309639,0.06792402267456055
exploratory_transfer,8,double,4 + 4 =,L0H11,-0.009374098852276802,0.06792402267456055
exploratory_transfer,8,double,4 + 4 =,L1H0,-0.0030418767128139734,0.06792402267456055
exploratory_transfer,8,double,4 + 4 =,L1H1,-0.003697223961353302,0.06792402267456055
exploratory_transfer,8,double,4 + 4 =,L1H2,-0.013895436190068722,0.06792402267456055
exploratory_transfer,8,double,4 + 4 =,L1H3,0.007754817605018616,0.06792402267456055
exploratory_transfer,8,double,4 + 4 =,L1H4,0.024404052644968033,0.06792402267456055
exploratory_transfer,8,double,4 + 4 =,L1H5,0.01433243602514267,0.06792402267456055
exploratory_transfer,8,double,4 + 4 =,L1H6,0.0025397222489118576,0.06792402267456055
exploratory_transfer,8,double,4 + 4 =,L1H7,-0.004938323982059956,0.06792402267456055
exploratory_transfer,8,double,4 + 4 =,L1H8,0.009741310030221939,0.06792402267456055
exploratory_transfer,8,double,4 + 4 =,L1H9,-0.008045656606554985,0.06792402267456055
exploratory_transfer,8,double,4 + 4 =,L1H10,-0.01432006899267435,0.06792402267456055
exploratory_transfer,8,double,4 + 4 =,L1H11,-0.023618999868631363,0.06792402267456055
exploratory_transfer,8,double,4 + 4 =,L2H0,-0.012621809728443623,0.06792402267456055
exploratory_transfer,8,double,4 + 4 =,L2H1,-0.0034619546495378017,0.06792402267456055
exploratory_transfer,8,double,4 + 4 =,L2H2,0.020372509956359863,0.06792402267456055
exploratory_transfer,8,double,4 + 4 =,L2H3,0.012864930555224419,0.06792402267456055
exploratory_transfer,8,double,4 + 4 =,L2H4,-0.01571141742169857,0.06792402267456055
exploratory_transfer,8,double,4 + 4 =,L2H5,-0.007217280566692352,0.06792402267456055
exploratory_transfer,8,double,4 + 4 =,L2H6,-0.015267928130924702,0.06792402267456055
exploratory_transfer,8,double,4 + 4 =,L2H7,-0.0004451340064406395,0.06792402267456055
exploratory_transfer,8,double,4 + 4 =,L2H8,0.006269436329603195,0.06792402267456055
exploratory_transfer,8,double,4 + 4 =,L2H9,0.03287724032998085,0.06792402267456055
exploratory_transfer,8,double,4 + 4 =,L2H10,0.010226903483271599,0.06792402267456055
exploratory_transfer,8,double,4 + 4 =,L2H11,0.013818930834531784,0.06792402267456055
exploratory_transfer,8,double,4 + 4 =,L3H0,-0.009320365265011787,0.06792402267456055
exploratory_transfer,8,double,4 + 4 =,L3H1,-0.027527224272489548,0.06792402267456055
exploratory_transfer,8,double,4 + 4 =,L3H2,0.002238551154732704,0.06792402267456055
exploratory_transfer,8,double,4 + 4 =,L3H3,-0.0110832080245018,0.06792402267456055
exploratory_transfer,8,double,4 + 4 =,L3H4,0.0013927239924669266,0.06792402267456055
exploratory_transfer,8,double,4 + 4 =,L3H5,-0.006280726753175259,0.06792402267456055
exploratory_transfer,8,double,4 + 4 =,L3H6,0.00484180822968483,0.06792402267456055
exploratory_transfer,8,double,4 + 4 =,L3H7,0.019091185182332993,0.06792402267456055
exploratory_transfer,8,double,4 + 4 =,L3H8,-0.01177788246423006,0.06792402267456055
exploratory_transfer,8,double,4 + 4 =,L3H9,0.0026596849784255028,0.06792402267456055
exploratory_transfer,8,double,4 + 4 =,L3H10,-0.006044653244316578,0.06792402267456055
exploratory_transfer,8,double,4 + 4 =,L3H11,0.0032927109859883785,0.06792402267456055
exploratory_transfer,8,double,4 + 4 =,L4H0,0.007851880043745041,0.06792402267456055
exploratory_transfer,8,double,4 + 4 =,L4H1,-0.01302545890212059,0.06792402267456055
exploratory_transfer,8,double,4 + 4 =,L4H2,0.006153003312647343,0.06792402267456055
exploratory_transfer,8,double,4 + 4 =,L4H3,0.007645205594599247,0.06792402267456055
exploratory_transfer,8,double,4 + 4 =,L4H4,0.00419361237436533,0.06792402267456055
exploratory_transfer,8,double,4 + 4 =,L4H5,-0.00302636856213212,0.06792402267456055
exploratory_transfer,8,double,4 + 4 =,L4H6,-0.02676187828183174,0.06792402267456055
exploratory_transfer,8,double,4 + 4 =,L4H7,-0.008366834372282028,0.06792402267456055
exploratory_transfer,8,double,4 + 4 =,L4H8,-0.018661504611372948,0.06792402267456055
exploratory_transfer,8,double,4 + 4 =,L4H9,-0.0029492080211639404,0.06792402267456055
exploratory_transfer,8,double,4 + 4 =,L4H10,-0.007953643798828125,0.06792402267456055
exploratory_transfer,8,double,4 + 4 =,L4H11,0.01033870130777359,0.06792402267456055
exploratory_transfer,8,double,4 + 4 =,L5H0,0.006040612235665321,0.06792402267456055
exploratory_transfer,8,double,4 + 4 =,L5H1,-0.012793644331395626,0.06792402267456055
exploratory_transfer,8,double,4 + 4 =,L5H2,0.011868694797158241,0.06792402267456055
exploratory_transfer,8,double,4 + 4 =,L5H3,-0.014062467962503433,0.06792402267456055
exploratory_transfer,8,double,4 + 4 =,L5H4,-0.0030811610631644726,0.06792402267456055
exploratory_transfer,8,double,4 + 4 =,L5H5,-0.008272161707282066,0.06792402267456055
exploratory_transfer,8,double,4 + 4 =,L5H6,0.0007519356440752745,0.06792402267456055
exploratory_transfer,8,double,4 + 4 =,L5H7,0.007642288692295551,0.06792402267456055
exploratory_transfer,8,double,4 + 4 =,L5H8,-0.009076305665075779,0.06792402267456055
exploratory_transfer,8,double,4 + 4 =,L5H9,0.030966755002737045,0.06792402267456055
exploratory_transfer,8,double,4 + 4 =,L5H10,-0.004693591967225075,0.06792402267456055
exploratory_transfer,8,double,4 + 4 =,L5H11,0.005069564562290907,0.06792402267456055
exploratory_transfer,8,double,4 + 4 =,L6H0,-0.004023319110274315,0.06792402267456055
exploratory_transfer,8,double,4 + 4 =,L6H1,0.002811664715409279,0.06792402267456055
exploratory_transfer,8,double,4 + 4 =,L6H2,0.0019361786544322968,0.06792402267456055
exploratory_transfer,8,double,4 + 4 =,L6H3,0.021151019260287285,0.06792402267456055
exploratory_transfer,8,double,4 + 4 =,L6H4,0.004702488426119089,0.06792402267456055
exploratory_transfer,8,double,4 + 4 =,L6H5,-0.015941333025693893,0.06792402267456055
exploratory_transfer,8,double,4 + 4 =,L6H6,-0.0017003519460558891,0.06792402267456055
exploratory_transfer,8,double,4 + 4 =,L6H7,-0.005439257249236107,0.06792402267456055
exploratory_transfer,8,double,4 + 4 =,L6H8,0.014632243663072586,0.06792402267456055
exploratory_transfer,8,double,4 + 4 =,L6H9,0.02987697720527649,0.06792402267456055
exploratory_transfer,8,double,4 + 4 =,L6H10,-0.010124100372195244,0.06792402267456055
exploratory_transfer,8,double,4 + 4 =,L6H11,-0.009485259652137756,0.06792402267456055
exploratory_transfer,8,double,4 + 4 =,L7H0,0.005313757807016373,0.06792402267456055
exploratory_transfer,8,double,4 + 4 =,L7H1,-0.00045249611139297485,0.06792402267456055
exploratory_transfer,8,double,4 + 4 =,L7H2,-0.0011137998662889004,0.06792402267456055
exploratory_transfer,8,double,4 + 4 =,L7H3,0.003971573896706104,0.06792402267456055
exploratory_transfer,8,double,4 + 4 =,L7H4,0.007881158962845802,0.06792402267456055
exploratory_transfer,8,double,4 + 4 =,L7H5,-0.006582975387573242,0.06792402267456055
exploratory_transfer,8,double,4 + 4 =,L7H6,0.0066187563352286816,0.06792402267456055
exploratory_transfer,8,double,4 + 4 =,L7H7,-0.004551917780190706,0.06792402267456055
exploratory_transfer,8,double,4 + 4 =,L7H8,0.001333208754658699,0.06792402267456055
exploratory_transfer,8,double,4 + 4 =,L7H9,-0.008899636566638947,0.06792402267456055
exploratory_transfer,8,double,4 + 4 =,L7H10,0.020763123407959938,0.06792402267456055
exploratory_transfer,8,double,4 + 4 =,L7H11,0.0024640322662889957,0.06792402267456055
exploratory_transfer,8,double,4 + 4 =,L8H0,-0.021271537989377975,0.06792402267456055
exploratory_transfer,8,double,4 + 4 =,L8H1,-0.00698696356266737,0.06792402267456055
exploratory_transfer,8,double,4 + 4 =,L8H2,-0.010387885384261608,0.06792402267456055
exploratory_transfer,8,double,4 + 4 =,L8H3,-0.00305137294344604,0.06792402267456055
exploratory_transfer,8,double,4 + 4 =,L8H4,-0.001054425723850727,0.06792402267456055
exploratory_transfer,8,double,4 + 4 =,L8H5,0.016528666019439697,0.06792402267456055
exploratory_transfer,8,double,4 + 4 =,L8H6,0.015451421961188316,0.06792402267456055
exploratory_transfer,8,double,4 + 4 =,L8H7,0.007560692727565765,0.06792402267456055
exploratory_transfer,8,double,4 + 4 =,L8H8,0.002242910210043192,0.06792402267456055
exploratory_transfer,8,double,4 + 4 =,L8H9,0.0121767558157444,0.06792402267456055
exploratory_transfer,8,double,4 + 4 =,L8H10,-0.027864038944244385,0.06792402267456055
exploratory_transfer,8,double,4 + 4 =,L8H11,0.0496990904211998,0.06792402267456055
exploratory_transfer,8,double,4 + 4 =,L9H0,-0.00046770600602030754,0.06792402267456055
exploratory_transfer,8,double,4 + 4 =,L9H1,0.01662217639386654,0.06792402267456055
exploratory_transfer,8,double,4 + 4 =,L9H2,0.002202472882345319,0.06792402267456055
exploratory_transfer,8,double,4 + 4 =,L9H3,-0.0026127053424715996,0.06792402267456055
exploratory_transfer,8,double,4 + 4 =,L9H4,0.005541020538657904,0.06792402267456055
exploratory_transfer,8,double,4 + 4 =,L9H5,-0.0028691808693110943,0.06792402267456055
exploratory_transfer,8,double,4 + 4 =,L9H6,-0.007353305350989103,0.06792402267456055
exploratory_transfer,8,double,4 + 4 =,L9H7,0.008240902796387672,0.06792402267456055
exploratory_transfer,8,double,4 + 4 =,L9H8,0.0017316164448857307,0.06792402267456055
exploratory_transfer,8,double,4 + 4 =,L9H9,0.08117004483938217,0.06792402267456055
exploratory_transfer,8,double,4 + 4 =,L9H10,0.007454807870090008,0.06792402267456055
exploratory_transfer,8,double,4 + 4 =,L9H11,0.0027736269403249025,0.06792402267456055
exploratory_transfer,8,double,4 + 4 =,L10H0,-0.009421286173164845,0.06792402267456055
exploratory_transfer,8,double,4 + 4 =,L10H1,-0.008123825304210186,0.06792402267456055
exploratory_transfer,8,double,4 + 4 =,L10H2,0.07243417948484421,0.06792402267456055
exploratory_transfer,8,double,4 + 4 =,L10H3,0.0021579209715127945,0.06792402267456055
exploratory_transfer,8,double,4 + 4 =,L10H4,0.01485525444149971,0.06792402267456055
exploratory_transfer,8,double,4 + 4 =,L10H5,-0.00902677234262228,0.06792402267456055
exploratory_transfer,8,double,4 + 4 =,L10H6,0.013421856798231602,0.06792402267456055
exploratory_transfer,8,double,4 + 4 =,L10H7,-0.041169535368680954,0.06792402267456055
exploratory_transfer,8,double,4 + 4 =,L10H8,0.0006212247535586357,0.06792402267456055
exploratory_transfer,8,double,4 + 4 =,L10H9,0.013307906687259674,0.06792402267456055
exploratory_transfer,8,double,4 + 4 =,L10H10,0.019266625866293907,0.06792402267456055
exploratory_transfer,8,double,4 + 4 =,L10H11,-0.0019680983386933804,0.06792402267456055
exploratory_transfer,8,double,4 + 4 =,L11H0,-0.013521529734134674,0.06792402267456055
exploratory_transfer,8,double,4 + 4 =,L11H1,0.03072402812540531,0.06792402267456055
exploratory_transfer,8,double,4 + 4 =,L11H2,0.003180502913892269,0.06792402267456055
exploratory_transfer,8,double,4 + 4 =,L11H3,0.011272656731307507,0.06792402267456055
exploratory_transfer,8,double,4 + 4 =,L11H4,-0.0049676308408379555,0.06792402267456055
exploratory_transfer,8,double,4 + 4 =,L11H5,-0.008286932483315468,0.06792402267456055
exploratory_transfer,8,double,4 + 4 =,L11H6,-0.003920502960681915,0.06792402267456055
exploratory_transfer,8,double,4 + 4 =,L11H7,7.880339398980141e-05,0.06792402267456055
exploratory_transfer,8,double,4 + 4 =,L11H8,0.00139567069709301,0.06792402267456055
exploratory_transfer,8,double,4 + 4 =,L11H9,0.009621135890483856,0.06792402267456055
exploratory_transfer,8,double,4 + 4 =,L11H10,-0.04225956276059151,0.06792402267456055
exploratory_transfer,8,double,4 + 4 =,L11H11,0.0012547023361548781,0.06792402267456055
exploratory_transfer,8,double,4 + 4 =,0_mlp_out,0.0013390444219112396,0.06792402267456055
exploratory_transfer,8,double,4 + 4 =,1_mlp_out,0.02181049808859825,0.06792402267456055
exploratory_transfer,8,double,4 + 4 =,2_mlp_out,0.014847101643681526,0.06792402267456055
exploratory_transfer,8,double,4 + 4 =,3_mlp_out,0.017565209418535233,0.06792402267456055
exploratory_transfer,8,double,4 + 4 =,4_mlp_out,0.055394601076841354,0.06792402267456055
exploratory_transfer,8,double,4 + 4 =,5_mlp_out,-0.009147293865680695,0.06792402267456055
exploratory_transfer,8,double,4 + 4 =,6_mlp_out,0.015460783615708351,0.06792402267456055
exploratory_transfer,8,double,4 + 4 =,7_mlp_out,0.05250142514705658,0.06792402267456055
exploratory_transfer,8,double,4 + 4 =,8_mlp_out,0.03713812679052353,0.06792402267456055
exploratory_transfer,8,double,4 + 4 =,9_mlp_out,0.03129010647535324,0.06792402267456055
exploratory_transfer,8,double,4 + 4 =,10_mlp_out,-0.04951632767915726,0.06792402267456055
exploratory_transfer,8,double,4 + 4 =,11_mlp_out,0.07775319367647171,0.06792402267456055
exploratory_transfer,8,double,4 + 4 =,embed,-0.0027784169651567936,0.06792402267456055
exploratory_transfer,8,double,4 + 4 =,pos_embed,-0.0003692882601171732,0.06792402267456055
exploratory_transfer,8,double,4 + 4 =,bias,0.04728133976459503,0.06792402267456055
exploratory_transfer,8,control,1 + 7 =,L0H0,-0.002492719329893589,0.06792402267456055
exploratory_transfer,8,control,1 + 7 =,L0H1,-0.008840823546051979,0.06792402267456055
exploratory_transfer,8,control,1 + 7 =,L0H2,0.002064935164526105,0.06792402267456055
exploratory_transfer,8,control,1 + 7 =,L0H3,0.0007774587720632553,0.06792402267456055
exploratory_transfer,8,control,1 + 7 =,L0H4,-0.004916395526379347,0.06792402267456055
exploratory_transfer,8,control,1 + 7 =,L0H5,0.0020000762306153774,0.06792402267456055
exploratory_transfer,8,control,1 + 7 =,L0H6,0.014977054670453072,0.06792402267456055
exploratory_transfer,8,control,1 + 7 =,L0H7,0.026288237422704697,0.06792402267456055
exploratory_transfer,8,control,1 + 7 =,L0H8,-0.009411107748746872,0.06792402267456055
exploratory_transfer,8,control,1 + 7 =,L0H9,-0.0027747899293899536,0.06792402267456055
exploratory_transfer,8,control,1 + 7 =,L0H10,0.01395069994032383,0.06792402267456055
exploratory_transfer,8,control,1 + 7 =,L0H11,-0.00845097005367279,0.06792402267456055
exploratory_transfer,8,control,1 + 7 =,L1H0,0.00018519768491387367,0.06792402267456055
exploratory_transfer,8,control,1 + 7 =,L1H1,-0.003384515643119812,0.06792402267456055
exploratory_transfer,8,control,1 + 7 =,L1H2,-0.011754809878766537,0.06792402267456055
exploratory_transfer,8,control,1 + 7 =,L1H3,0.007609469350427389,0.06792402267456055
exploratory_transfer,8,control,1 + 7 =,L1H4,0.023662354797124863,0.06792402267456055
exploratory_transfer,8,control,1 + 7 =,L1H5,0.015507129020988941,0.06792402267456055
exploratory_transfer,8,control,1 + 7 =,L1H6,0.001991692930459976,0.06792402267456055
exploratory_transfer,8,control,1 + 7 =,L1H7,-0.006176010239869356,0.06792402267456055
exploratory_transfer,8,control,1 + 7 =,L1H8,0.008575493469834328,0.06792402267456055
exploratory_transfer,8,control,1 + 7 =,L1H9,-0.00617741234600544,0.06792402267456055
exploratory_transfer,8,control,1 + 7 =,L1H10,-0.010888397693634033,0.06792402267456055
exploratory_transfer,8,control,1 + 7 =,L1H11,-0.02250722609460354,0.06792402267456055
exploratory_transfer,8,control,1 + 7 =,L2H0,-0.010169263929128647,0.06792402267456055
exploratory_transfer,8,control,1 + 7 =,L2H1,-0.003161739557981491,0.06792402267456055
exploratory_transfer,8,control,1 + 7 =,L2H2,0.0068793874233961105,0.06792402267456055
exploratory_transfer,8,control,1 + 7 =,L2H3,0.011449327692389488,0.06792402267456055
exploratory_transfer,8,control,1 + 7 =,L2H4,-0.012834854423999786,0.06792402267456055
exploratory_transfer,8,control,1 + 7 =,L2H5,-0.008096152916550636,0.06792402267456055
exploratory_transfer,8,control,1 + 7 =,L2H6,-0.013019369915127754,0.06792402267456055
exploratory_transfer,8,control,1 + 7 =,L2H7,0.0014893622137606144,0.06792402267456055
exploratory_transfer,8,control,1 + 7 =,L2H8,0.007750486955046654,0.06792402267456055
exploratory_transfer,8,control,1 + 7 =,L2H9,0.028819378465414047,0.06792402267456055
exploratory_transfer,8,control,1 + 7 =,L2H10,0.009203681722283363,0.06792402267456055
exploratory_transfer,8,control,1 + 7 =,L2H11,0.012355023995041847,0.06792402267456055
exploratory_transfer,8,control,1 + 7 =,L3H0,-0.010141899809241295,0.06792402267456055
exploratory_transfer,8,control,1 + 7 =,L3H1,-0.0271366648375988,0.06792402267456055
exploratory_transfer,8,control,1 + 7 =,L3H2,0.0020091254264116287,0.06792402267456055
exploratory_transfer,8,control,1 + 7 =,L3H3,-0.012381626293063164,0.06792402267456055
exploratory_transfer,8,control,1 + 7 =,L3H4,0.001785703469067812,0.06792402267456055
exploratory_transfer,8,control,1 + 7 =,L3H5,-0.0018391124904155731,0.06792402267456055
exploratory_transfer,8,control,1 + 7 =,L3H6,0.002707755658775568,0.06792402267456055
exploratory_transfer,8,control,1 + 7 =,L3H7,0.027593623846769333,0.06792402267456055
exploratory_transfer,8,control,1 + 7 =,L3H8,-0.006070524454116821,0.06792402267456055
exploratory_transfer,8,control,1 + 7 =,L3H9,-0.0006219586357474327,0.06792402267456055
exploratory_transfer,8,control,1 + 7 =,L3H10,-0.013106437399983406,0.06792402267456055
exploratory_transfer,8,control,1 + 7 =,L3H11,0.0004252349026501179,0.06792402267456055
exploratory_transfer,8,control,1 + 7 =,L4H0,0.007229742594063282,0.06792402267456055
exploratory_transfer,8,control,1 + 7 =,L4H1,-0.010427268221974373,0.06792402267456055
exploratory_transfer,8,control,1 + 7 =,L4H2,0.006931061390787363,0.06792402267456055
exploratory_transfer,8,control,1 + 7 =,L4H3,0.003123112954199314,0.06792402267456055
exploratory_transfer,8,control,1 + 7 =,L4H4,0.00807294063270092,0.06792402267456055
exploratory_transfer,8,control,1 + 7 =,L4H5,0.0006389757618308067,0.06792402267456055
exploratory_transfer,8,control,1 + 7 =,L4H6,-0.01399272307753563,0.06792402267456055
exploratory_transfer,8,control,1 + 7 =,L4H7,-0.009188842959702015,0.06792402267456055
exploratory_transfer,8,control,1 + 7 =,L4H8,-0.016718940809369087,0.06792402267456055
exploratory_transfer,8,control,1 + 7 =,L4H9,1.9795261323451996e-05,0.06792402267456055
exploratory_transfer,8,control,1 + 7 =,L4H10,-0.009950609877705574,0.06792402267456055
exploratory_transfer,8,control,1 + 7 =,L4H11,0.007420123554766178,0.06792402267456055
exploratory_transfer,8,control,1 + 7 =,L5H0,0.004921997897326946,0.06792402267456055
exploratory_transfer,8,control,1 + 7 =,L5H1,-0.012194663286209106,0.06792402267456055
exploratory_transfer,8,control,1 + 7 =,L5H2,0.010289736092090607,0.06792402267456055
exploratory_transfer,8,control,1 + 7 =,L5H3,-0.014077572152018547,0.06792402267456055
exploratory_transfer,8,control,1 + 7 =,L5H4,0.0007825181819498539,0.06792402267456055
exploratory_transfer,8,control,1 + 7 =,L5H5,-0.01084342785179615,0.06792402267456055
exploratory_transfer,8,control,1 + 7 =,L5H6,-0.00047224608715623617,0.06792402267456055
exploratory_transfer,8,control,1 + 7 =,L5H7,0.0066410270519554615,0.06792402267456055
exploratory_transfer,8,control,1 + 7 =,L5H8,0.030982352793216705,0.06792402267456055
exploratory_transfer,8,control,1 + 7 =,L5H9,0.02710043266415596,0.06792402267456055
exploratory_transfer,8,control,1 + 7 =,L5H10,-0.0024825981818139553,0.06792402267456055
exploratory_transfer,8,control,1 + 7 =,L5H11,0.0041809664107859135,0.06792402267456055
exploratory_transfer,8,control,1 + 7 =,L6H0,0.0013939319178462029,0.06792402267456055
exploratory_transfer,8,control,1 + 7 =,L6H1,0.014869596809148788,0.06792402267456055
exploratory_transfer,8,control,1 + 7 =,L6H2,0.0017821821384131908,0.06792402267456055
exploratory_transfer,8,control,1 + 7 =,L6H3,0.021088019013404846,0.06792402267456055
exploratory_transfer,8,control,1 + 7 =,L6H4,0.0017076220829039812,0.06792402267456055
exploratory_transfer,8,control,1 + 7 =,L6H5,-0.01772984117269516,0.06792402267456055
exploratory_transfer,8,control,1 + 7 =,L6H6,-0.003327256068587303,0.06792402267456055
exploratory_transfer,8,control,1 + 7 =,L6H7,-0.011955322697758675,0.06792402267456055
exploratory_transfer,8,control,1 + 7 =,L6H8,0.0029466915875673294,0.06792402267456055
exploratory_transfer,8,control,1 + 7 =,L6H9,-0.018580347299575806,0.06792402267456055
exploratory_transfer,8,control,1 + 7 =,L6H10,-0.009943091310560703,0.06792402267456055
exploratory_transfer,8,control,1 + 7 =,L6H11,-0.008361252024769783,0.06792402267456055
exploratory_transfer,8,control,1 + 7 =,L7H0,0.006410868838429451,0.06792402267456055
exploratory_transfer,8,control,1 + 7 =,L7H1,-0.000780764501541853,0.06792402267456055
exploratory_transfer,8,control,1 + 7 =,L7H2,-0.0011128936894237995,0.06792402267456055
exploratory_transfer,8,control,1 + 7 =,L7H3,0.02329958602786064,0.06792402267456055
exploratory_transfer,8,control,1 + 7 =,L7H4,0.0016236512456089258,0.06792402267456055
exploratory_transfer,8,control,1 + 7 =,L7H5,-0.011206667870283127,0.06792402267456055
exploratory_transfer,8,control,1 + 7 =,L7H6,0.006326716393232346,0.06792402267456055
exploratory_transfer,8,control,1 + 7 =,L7H7,-0.0032347505912184715,0.06792402267456055
exploratory_transfer,8,control,1 + 7 =,L7H8,-0.011983541771769524,0.06792402267456055
exploratory_transfer,8,control,1 + 7 =,L7H9,0.004438957665115595,0.06792402267456055
exploratory_transfer,8,control,1 + 7 =,L7H10,0.004286995157599449,0.06792402267456055
exploratory_transfer,8,control,1 + 7 =,L7H11,-0.0018835719674825668,0.06792402267456055
exploratory_transfer,8,control,1 + 7 =,L8H0,-0.018137842416763306,0.06792402267456055
exploratory_transfer,8,control,1 + 7 =,L8H1,-0.009541426785290241,0.06792402267456055
exploratory_transfer,8,control,1 + 7 =,L8H2,-0.01391096506267786,0.06792402267456055
exploratory_transfer,8,control,1 + 7 =,L8H3,-0.009439210407435894,0.06792402267456055
exploratory_transfer,8,control,1 + 7 =,L8H4,-0.003209554124623537,0.06792402267456055
exploratory_transfer,8,control,1 + 7 =,L8H5,0.015729621052742004,0.06792402267456055
exploratory_transfer,8,control,1 + 7 =,L8H6,0.015234587714076042,0.06792402267456055
exploratory_transfer,8,control,1 + 7 =,L8H7,0.006516789551824331,0.06792402267456055
exploratory_transfer,8,control,1 + 7 =,L8H8,0.021086031571030617,0.06792402267456055
exploratory_transfer,8,control,1 + 7 =,L8H9,0.014760224148631096,0.06792402267456055
exploratory_transfer,8,control,1 + 7 =,L8H10,0.0018328186124563217,0.06792402267456055
exploratory_transfer,8,control,1 + 7 =,L8H11,-0.023543983697891235,0.06792402267456055
exploratory_transfer,8,control,1 + 7 =,L9H0,-0.001377430628053844,0.06792402267456055
exploratory_transfer,8,control,1 + 7 =,L9H1,0.06457410007715225,0.06792402267456055
exploratory_transfer,8,control,1 + 7 =,L9H2,-0.0007968698628246784,0.06792402267456055
exploratory_transfer,8,control,1 + 7 =,L9H3,-0.004008176736533642,0.06792402267456055
exploratory_transfer,8,control,1 + 7 =,L9H4,0.0032402812503278255,0.06792402267456055
exploratory_transfer,8,control,1 + 7 =,L9H5,-0.0011609410867094994,0.06792402267456055
exploratory_transfer,8,control,1 + 7 =,L9H6,-0.01158143486827612,0.06792402267456055
exploratory_transfer,8,control,1 + 7 =,L9H7,0.01017781626433134,0.06792402267456055
exploratory_transfer,8,control,1 + 7 =,L9H8,-0.00022242963314056396,0.06792402267456055
exploratory_transfer,8,control,1 + 7 =,L9H9,-0.05716615915298462,0.06792402267456055
exploratory_transfer,8,control,1 + 7 =,L9H10,0.007304455619305372,0.06792402267456055
exploratory_transfer,8,control,1 + 7 =,L9H11,0.0021366802975535393,0.06792402267456055
exploratory_transfer,8,control,1 + 7 =,L10H0,-0.005629452411085367,0.06792402267456055
exploratory_transfer,8,control,1 + 7 =,L10H1,-0.02658403106033802,0.06792402267456055
exploratory_transfer,8,control,1 + 7 =,L10H2,-0.01306154578924179,0.06792402267456055
exploratory_transfer,8,control,1 + 7 =,L10H3,0.001542817335575819,0.06792402267456055
exploratory_transfer,8,control,1 + 7 =,L10H4,0.007879622280597687,0.06792402267456055
exploratory_transfer,8,control,1 + 7 =,L10H5,-0.011195719242095947,0.06792402267456055
exploratory_transfer,8,control,1 + 7 =,L10H6,0.012176664546132088,0.06792402267456055
exploratory_transfer,8,control,1 + 7 =,L10H7,0.015506669878959656,0.06792402267456055
exploratory_transfer,8,control,1 + 7 =,L10H8,-0.0001149284653365612,0.06792402267456055
exploratory_transfer,8,control,1 + 7 =,L10H9,0.010632375255227089,0.06792402267456055
exploratory_transfer,8,control,1 + 7 =,L10H10,0.014359869062900543,0.06792402267456055
exploratory_transfer,8,control,1 + 7 =,L10H11,-0.002130359411239624,0.06792402267456055
exploratory_transfer,8,control,1 + 7 =,L11H0,0.004976354539394379,0.06792402267456055
exploratory_transfer,8,control,1 + 7 =,L11H1,0.024922356009483337,0.06792402267456055
exploratory_transfer,8,control,1 + 7 =,L11H2,-0.009273291565477848,0.06792402267456055
exploratory_transfer,8,control,1 + 7 =,L11H3,-0.013924650847911835,0.06792402267456055
exploratory_transfer,8,control,1 + 7 =,L11H4,-0.00511192437261343,0.06792402267456055
exploratory_transfer,8,control,1 + 7 =,L11H5,-0.010477723553776741,0.06792402267456055
exploratory_transfer,8,control,1 + 7 =,L11H6,-0.005179699510335922,0.06792402267456055
exploratory_transfer,8,control,1 + 7 =,L11H7,0.002363145351409912,0.06792402267456055
exploratory_transfer,8,control,1 + 7 =,L11H8,-0.008001305162906647,0.06792402267456055
exploratory_transfer,8,control,1 + 7 =,L11H9,0.009783873334527016,0.06792402267456055
exploratory_transfer,8,control,1 + 7 =,L11H10,-0.02318824827671051,0.06792402267456055
exploratory_transfer,8,control,1 + 7 =,L11H11,0.0016172907780855894,0.06792402267456055
exploratory_transfer,8,control,1 + 7 =,0_mlp_out,-0.0043731871992349625,0.06792402267456055
exploratory_transfer,8,control,1 + 7 =,1_mlp_out,0.02264907769858837,0.06792402267456055
exploratory_transfer,8,control,1 + 7 =,2_mlp_out,-0.0026233159005641937,0.06792402267456055
exploratory_transfer,8,control,1 + 7 =,3_mlp_out,0.004761919379234314,0.06792402267456055
exploratory_transfer,8,control,1 + 7 =,4_mlp_out,0.04573376849293709,0.06792402267456055
exploratory_transfer,8,control,1 + 7 =,5_mlp_out,-0.008380789309740067,0.06792402267456055
exploratory_transfer,8,control,1 + 7 =,6_mlp_out,-1.2949109077453613e-05,0.06792402267456055
exploratory_transfer,8,control,1 + 7 =,7_mlp_out,0.052405744791030884,0.06792402267456055
exploratory_transfer,8,control,1 + 7 =,8_mlp_out,0.020457934588193893,0.06792402267456055
exploratory_transfer,8,control,1 + 7 =,9_mlp_out,0.03550536930561066,0.06792402267456055
exploratory_transfer,8,control,1 + 7 =,10_mlp_out,-0.05872997269034386,0.06792402267456055
exploratory_transfer,8,control,1 + 7 =,11_mlp_out,0.04479106143116951,0.06792402267456055
exploratory_transfer,8,control,1 + 7 =,embed,-0.0025470121763646603,0.06792402267456055
exploratory_transfer,8,control,1 + 7 =,pos_embed,-0.000338531332090497,0.06792402267456055
exploratory_transfer,8,control,1 + 7 =,bias,0.043343450874090195,0.06792402267456055
exploratory_transfer,8,control,2 + 6 =,L0H0,-0.002206662204116583,0.06792402267456055
exploratory_transfer,8,control,2 + 6 =,L0H1,-0.008969645947217941,0.06792402267456055
exploratory_transfer,8,control,2 + 6 =,L0H2,0.0021897167898714542,0.06792402267456055
exploratory_transfer,8,control,2 + 6 =,L0H3,0.0007380293682217598,0.06792402267456055
exploratory_transfer,8,control,2 + 6 =,L0H4,-0.00563638424500823,0.06792402267456055
exploratory_transfer,8,control,2 + 6 =,L0H5,0.0020392497535794973,0.06792402267456055
exploratory_transfer,8,control,2 + 6 =,L0H6,0.015398385003209114,0.06792402267456055
exploratory_transfer,8,control,2 + 6 =,L0H7,0.02573247067630291,0.06792402267456055
exploratory_transfer,8,control,2 + 6 =,L0H8,-0.009122567251324654,0.06792402267456055
exploratory_transfer,8,control,2 + 6 =,L0H9,-0.00294477678835392,0.06792402267456055
exploratory_transfer,8,control,2 + 6 =,L0H10,0.011144110932946205,0.06792402267456055
exploratory_transfer,8,control,2 + 6 =,L0H11,-0.00818261131644249,0.06792402267456055
exploratory_transfer,8,control,2 + 6 =,L1H0,-0.001909376122057438,0.06792402267456055
exploratory_transfer,8,control,2 + 6 =,L1H1,-0.003842603415250778,0.06792402267456055
exploratory_transfer,8,control,2 + 6 =,L1H2,-0.011950324289500713,0.06792402267456055
exploratory_transfer,8,control,2 + 6 =,L1H3,0.00817191693931818,0.06792402267456055
exploratory_transfer,8,control,2 + 6 =,L1H4,0.02366243675351143,0.06792402267456055
exploratory_transfer,8,control,2 + 6 =,L1H5,0.014907628297805786,0.06792402267456055
exploratory_transfer,8,control,2 + 6 =,L1H6,0.0014923284761607647,0.06792402267456055
exploratory_transfer,8,control,2 + 6 =,L1H7,-0.004521457478404045,0.06792402267456055
exploratory_transfer,8,control,2 + 6 =,L1H8,0.009663711301982403,0.06792402267456055
exploratory_transfer,8,control,2 + 6 =,L1H9,-0.008409488946199417,0.06792402267456055
exploratory_transfer,8,control,2 + 6 =,L1H10,-0.011421788483858109,0.06792402267456055
exploratory_transfer,8,control,2 + 6 =,L1H11,-0.0223768949508667,0.06792402267456055
exploratory_transfer,8,control,2 + 6 =,L2H0,-0.011599578894674778,0.06792402267456055
exploratory_transfer,8,control,2 + 6 =,L2H1,-0.003327711718156934,0.06792402267456055
exploratory_transfer,8,control,2 + 6 =,L2H2,0.006068384274840355,0.06792402267456055
exploratory_transfer,8,control,2 + 6 =,L2H3,0.010877513326704502,0.06792402267456055
exploratory_transfer,8,control,2 + 6 =,L2H4,-0.01279335655272007,0.06792402267456055
exploratory_transfer,8,control,2 + 6 =,L2H5,-0.008194390684366226,0.06792402267456055
exploratory_transfer,8,control,2 + 6 =,L2H6,-0.01335134170949459,0.06792402267456055
exploratory_transfer,8,control,2 + 6 =,L2H7,6.822962313890457e-05,0.06792402267456055
exploratory_transfer,8,control,2 + 6 =,L2H8,0.0068264733999967575,0.06792402267456055
exploratory_transfer,8,control,2 + 6 =,L2H9,0.028947070240974426,0.06792402267456055
exploratory_transfer,8,control,2 + 6 =,L2H10,0.010497232899069786,0.06792402267456055
exploratory_transfer,8,control,2 + 6 =,L2H11,0.012879393994808197,0.06792402267456055
exploratory_transfer,8,control,2 + 6 =,L3H0,-0.009818794205784798,0.06792402267456055
exploratory_transfer,8,control,2 + 6 =,L3H1,-0.026527849957346916,0.06792402267456055
exploratory_transfer,8,control,2 + 6 =,L3H2,0.0029760077595710754,0.06792402267456055
exploratory_transfer,8,control,2 + 6 =,L3H3,-0.01454513892531395,0.06792402267456055
exploratory_transfer,8,control,2 + 6 =,L3H4,0.0011822255328297615,0.06792402267456055
exploratory_transfer,8,control,2 + 6 =,L3H5,-0.003178086131811142,0.06792402267456055
exploratory_transfer,8,control,2 + 6 =,L3H6,0.006020635366439819,0.06792402267456055
exploratory_transfer,8,control,2 + 6 =,L3H7,0.02168569341301918,0.06792402267456055
exploratory_transfer,8,control,2 + 6 =,L3H8,-0.008131945505738258,0.06792402267456055
exploratory_transfer,8,control,2 + 6 =,L3H9,0.001740840496495366,0.06792402267456055
exploratory_transfer,8,control,2 + 6 =,L3H10,-0.005820936523377895,0.06792402267456055
exploratory_transfer,8,control,2 + 6 =,L3H11,0.0021653943695127964,0.06792402267456055
exploratory_transfer,8,control,2 + 6 =,L4H0,0.008794316090643406,0.06792402267456055
exploratory_transfer,8,control,2 + 6 =,L4H1,-0.012702791951596737,0.06792402267456055
exploratory_transfer,8,control,2 + 6 =,L4H2,0.00510464608669281,0.06792402267456055
exploratory_transfer,8,control,2 + 6 =,L4H3,0.004245045129209757,0.06792402267456055
exploratory_transfer,8,control,2 + 6 =,L4H4,0.007161021698266268,0.06792402267456055
exploratory_transfer,8,control,2 + 6 =,L4H5,-0.00374293839558959,0.06792402267456055
exploratory_transfer,8,control,2 + 6 =,L4H6,-0.013672173023223877,0.06792402267456055
exploratory_transfer,8,control,2 + 6 =,L4H7,-0.00030075712129473686,0.06792402267456055
exploratory_transfer,8,control,2 + 6 =,L4H8,-0.017376847565174103,0.06792402267456055
exploratory_transfer,8,control,2 + 6 =,L4H9,-0.0011791316792368889,0.06792402267456055
exploratory_transfer,8,control,2 + 6 =,L4H10,-0.0065940674394369125,0.06792402267456055
exploratory_transfer,8,control,2 + 6 =,L4H11,-0.005883763078600168,0.06792402267456055
exploratory_transfer,8,control,2 + 6 =,L5H0,0.0051816971972584724,0.06792402267456055
exploratory_transfer,8,control,2 + 6 =,L5H1,-0.012171994894742966,0.06792402267456055
exploratory_transfer,8,control,2 + 6 =,L5H2,0.0058160992339253426,0.06792402267456055
exploratory_transfer,8,control,2 + 6 =,L5H3,-0.014767658896744251,0.06792402267456055
exploratory_transfer,8,control,2 + 6 =,L5H4,5.349237471818924e-05,0.06792402267456055
exploratory_transfer,8,control,2 + 6 =,L5H5,-0.010948156006634235,0.06792402267456055
exploratory_transfer,8,control,2 + 6 =,L5H6,0.00027799257077276707,0.06792402267456055
exploratory_transfer,8,control,2 + 6 =,L5H7,0.007439939305186272,0.06792402267456055
exploratory_transfer,8,control,2 + 6 =,L5H8,0.013535598292946815,0.06792402267456055
exploratory_transfer,8,control,2 + 6 =,L5H9,0.026124421507120132,0.06792402267456055
exploratory_transfer,8,control,2 + 6 =,L5H10,-0.0012261730153113604,0.06792402267456055
exploratory_transfer,8,control,2 + 6 =,L5H11,0.005290356930345297,0.06792402267456055
exploratory_transfer,8,control,2 + 6 =,L6H0,-0.0014529083855450153,0.06792402267456055
exploratory_transfer,8,control,2 + 6 =,L6H1,-0.005424194037914276,0.06792402267456055
exploratory_transfer,8,control,2 + 6 =,L6H2,0.0018337753135710955,0.06792402267456055
exploratory_transfer,8,control,2 + 6 =,L6H3,0.025524063035845757,0.06792402267456055
exploratory_transfer,8,control,2 + 6 =,L6H4,0.0029625031165778637,0.06792402267456055
exploratory_transfer,8,control,2 + 6 =,L6H5,-0.016245674341917038,0.06792402267456055
exploratory_transfer,8,control,2 + 6 =,L6H6,-0.0031887623481452465,0.06792402267456055
exploratory_transfer,8,control,2 + 6 =,L6H7,-0.0039742449298501015,0.06792402267456055
exploratory_transfer,8,control,2 + 6 =,L6H8,0.004101972095668316,0.06792402267456055
exploratory_transfer,8,control,2 + 6 =,L6H9,0.004903033375740051,0.06792402267456055
exploratory_transfer,8,control,2 + 6 =,L6H10,-0.009509876370429993,0.06792402267456055
exploratory_transfer,8,control,2 + 6 =,L6H11,-0.009444143623113632,0.06792402267456055
exploratory_transfer,8,control,2 + 6 =,L7H0,0.004265964962542057,0.06792402267456055
exploratory_transfer,8,control,2 + 6 =,L7H1,-0.0005278834141790867,0.06792402267456055
exploratory_transfer,8,control,2 + 6 =,L7H2,-0.0010484519880264997,0.06792402267456055
exploratory_transfer,8,control,2 + 6 =,L7H3,0.007551419548690319,0.06792402267456055
exploratory_transfer,8,control,2 + 6 =,L7H4,0.0027209145482629538,0.06792402267456055
exploratory_transfer,8,control,2 + 6 =,L7H5,-0.007936454378068447,0.06792402267456055
exploratory_transfer,8,control,2 + 6 =,L7H6,0.006494733504951,0.06792402267456055
exploratory_transfer,8,control,2 + 6 =,L7H7,-0.0034342496655881405,0.06792402267456055
exploratory_transfer,8,control,2 + 6 =,L7H8,-0.00229510385543108,0.06792402267456055
exploratory_transfer,8,control,2 + 6 =,L7H9,-0.0010059280321002007,0.06792402267456055
exploratory_transfer,8,control,2 + 6 =,L7H10,0.011154137551784515,0.06792402267456055
exploratory_transfer,8,control,2 + 6 =,L7H11,0.00046104611828923225,0.06792402267456055
exploratory_transfer,8,control,2 + 6 =,L8H0,-0.0197700597345829,0.06792402267456055
exploratory_transfer,8,control,2 + 6 =,L8H1,-0.0073278481140732765,0.06792402267456055
exploratory_transfer,8,control,2 + 6 =,L8H2,-0.00867609865963459,0.06792402267456055
exploratory_transfer,8,control,2 + 6 =,L8H3,-0.002428855746984482,0.06792402267456055
exploratory_transfer,8,control,2 + 6 =,L8H4,-0.0008468953892588615,0.06792402267456055
exploratory_transfer,8,control,2 + 6 =,L8H5,0.011864162981510162,0.06792402267456055
exploratory_transfer,8,control,2 + 6 =,L8H6,0.013124499469995499,0.06792402267456055
exploratory_transfer,8,control,2 + 6 =,L8H7,0.007735397666692734,0.06792402267456055
exploratory_transfer,8,control,2 + 6 =,L8H8,-0.009644716046750546,0.06792402267456055
exploratory_transfer,8,control,2 + 6 =,L8H9,0.01271513756364584,0.06792402267456055
exploratory_transfer,8,control,2 + 6 =,L8H10,-0.016305450350046158,0.06792402267456055
exploratory_transfer,8,control,2 + 6 =,L8H11,0.02007049322128296,0.06792402267456055
exploratory_transfer,8,control,2 + 6 =,L9H0,-0.0020208677742630243,0.06792402267456055
exploratory_transfer,8,control,2 + 6 =,L9H1,-0.009653116576373577,0.06792402267456055
exploratory_transfer,8,control,2 + 6 =,L9H2,0.0006311234901659191,0.06792402267456055
exploratory_transfer,8,control,2 + 6 =,L9H3,-0.001612217165529728,0.06792402267456055
exploratory_transfer,8,control,2 + 6 =,L9H4,0.005683135241270065,0.06792402267456055
exploratory_transfer,8,control,2 + 6 =,L9H5,-0.0009764540009200573,0.06792402267456055
exploratory_transfer,8,control,2 + 6 =,L9H6,-0.007953252643346786,0.06792402267456055
exploratory_transfer,8,control,2 + 6 =,L9H7,0.005829206667840481,0.06792402267456055
exploratory_transfer,8,control,2 + 6 =,L9H8,0.0010836641304194927,0.06792402267456055
exploratory_transfer,8,control,2 + 6 =,L9H9,0.018631624057888985,0.06792402267456055
exploratory_transfer,8,control,2 + 6 =,L9H10,0.006747671402990818,0.06792402267456055
exploratory_transfer,8,control,2 + 6 =,L9H11,0.002717546420171857,0.06792402267456055
exploratory_transfer,8,control,2 + 6 =,L10H0,-0.0073446473106741905,0.06792402267456055
exploratory_transfer,8,control,2 + 6 =,L10H1,-0.01373225823044777,0.06792402267456055
exploratory_transfer,8,control,2 + 6 =,L10H2,0.022187890484929085,0.06792402267456055
exploratory_transfer,8,control,2 + 6 =,L10H3,0.001871668267995119,0.06792402267456055
exploratory_transfer,8,control,2 + 6 =,L10H4,0.012409582734107971,0.06792402267456055
exploratory_transfer,8,control,2 + 6 =,L10H5,-0.007645411416888237,0.06792402267456055
exploratory_transfer,8,control,2 + 6 =,L10H6,0.012900854460895061,0.06792402267456055
exploratory_transfer,8,control,2 + 6 =,L10H7,-0.02665000595152378,0.06792402267456055
exploratory_transfer,8,control,2 + 6 =,L10H8,0.00013103801757097244,0.06792402267456055
exploratory_transfer,8,control,2 + 6 =,L10H9,0.011900315061211586,0.06792402267456055
exploratory_transfer,8,control,2 + 6 =,L10H10,0.017834730446338654,0.06792402267456055
exploratory_transfer,8,control,2 + 6 =,L10H11,-0.0008535044034942985,0.06792402267456055
exploratory_transfer,8,control,2 + 6 =,L11H0,-0.007231518626213074,0.06792402267456055
exploratory_transfer,8,control,2 + 6 =,L11H1,0.028650986030697823,0.06792402267456055
exploratory_transfer,8,control,2 + 6 =,L11H2,0.006683039478957653,0.06792402267456055
exploratory_transfer,8,control,2 + 6 =,L11H3,0.0007762843742966652,0.06792402267456055
exploratory_transfer,8,control,2 + 6 =,L11H4,-0.001945970579981804,0.06792402267456055
exploratory_transfer,8,control,2 + 6 =,L11H5,-0.007933510467410088,0.06792402267456055
exploratory_transfer,8,control,2 + 6 =,L11H6,-0.005947974976152182,0.06792402267456055
exploratory_transfer,8,control,2 + 6 =,L11H7,0.0018519796431064606,0.06792402267456055
exploratory_transfer,8,control,2 + 6 =,L11H8,-0.007746352814137936,0.06792402267456055
exploratory_transfer,8,control,2 + 6 =,L11H9,0.008561143651604652,0.06792402267456055
exploratory_transfer,8,control,2 + 6 =,L11H10,-0.0346963070333004,0.06792402267456055
exploratory_transfer,8,control,2 + 6 =,L11H11,0.0023707065265625715,0.06792402267456055
exploratory_transfer,8,control,2 + 6 =,0_mlp_out,-0.0034560710191726685,0.06792402267456055
exploratory_transfer,8,control,2 + 6 =,1_mlp_out,0.028042428195476532,0.06792402267456055
exploratory_transfer,8,control,2 + 6 =,2_mlp_out,-0.006709486246109009,0.06792402267456055
exploratory_transfer,8,control,2 + 6 =,3_mlp_out,0.00226714089512825,0.06792402267456055
exploratory_transfer,8,control,2 + 6 =,4_mlp_out,0.051635269075632095,0.06792402267456055
exploratory_transfer,8,control,2 + 6 =,5_mlp_out,-0.0001287609338760376,0.06792402267456055
exploratory_transfer,8,control,2 + 6 =,6_mlp_out,0.012621939182281494,0.06792402267456055
exploratory_transfer,8,control,2 + 6 =,7_mlp_out,0.052978262305259705,0.06792402267456055
exploratory_transfer,8,control,2 + 6 =,8_mlp_out,0.05629957467317581,0.06792402267456055
exploratory_transfer,8,control,2 + 6 =,9_mlp_out,0.07572490721940994,0.06792402267456055
exploratory_transfer,8,control,2 + 6 =,10_mlp_out,-0.05183248966932297,0.06792402267456055
exploratory_transfer,8,control,2 + 6 =,11_mlp_out,0.07304991781711578,0.06792402267456055
exploratory_transfer,8,control,2 + 6 =,embed,-0.002596164122223854,0.06792402267456055
exploratory_transfer,8,control,2 + 6 =,pos_embed,-0.0003450661897659302,0.06792402267456055
exploratory_transfer,8,control,2 + 6 =,bias,0.04417983070015907,0.06792402267456055
exploratory_transfer,8,control,3 + 5 =,L0H0,-0.0027356145437806845,0.06792402267456055
exploratory_transfer,8,control,3 + 5 =,L0H1,-0.00978301465511322,0.06792402267456055
exploratory_transfer,8,control,3 + 5 =,L0H2,0.002571827732026577,0.06792402267456055
exploratory_transfer,8,control,3 + 5 =,L0H3,0.001056252047419548,0.06792402267456055
exploratory_transfer,8,control,3 + 5 =,L0H4,-0.005367556121200323,0.06792402267456055
exploratory_transfer,8,control,3 + 5 =,L0H5,0.0022261301055550575,0.06792402267456055
exploratory_transfer,8,control,3 + 5 =,L0H6,0.016814658418297768,0.06792402267456055
exploratory_transfer,8,control,3 + 5 =,L0H7,0.027889864519238472,0.06792402267456055
exploratory_transfer,8,control,3 + 5 =,L0H8,-0.009790907613933086,0.06792402267456055
exploratory_transfer,8,control,3 + 5 =,L0H9,-0.0024906862527132034,0.06792402267456055
exploratory_transfer,8,control,3 + 5 =,L0H10,0.013015849515795708,0.06792402267456055
exploratory_transfer,8,control,3 + 5 =,L0H11,-0.009283681400120258,0.06792402267456055
exploratory_transfer,8,control,3 + 5 =,L1H0,0.0020306138321757317,0.06792402267456055
exploratory_transfer,8,control,3 + 5 =,L1H1,-0.003401706926524639,0.06792402267456055
exploratory_transfer,8,control,3 + 5 =,L1H2,-0.01288581732660532,0.06792402267456055
exploratory_transfer,8,control,3 + 5 =,L1H3,0.00857452116906643,0.06792402267456055
exploratory_transfer,8,control,3 + 5 =,L1H4,0.027158578857779503,0.06792402267456055
exploratory_transfer,8,control,3 + 5 =,L1H5,0.01564733311533928,0.06792402267456055
exploratory_transfer,8,control,3 + 5 =,L1H6,0.0015360992401838303,0.06792402267456055
exploratory_transfer,8,control,3 + 5 =,L1H7,-0.005470069125294685,0.06792402267456055
exploratory_transfer,8,control,3 + 5 =,L1H8,0.010190233588218689,0.06792402267456055
exploratory_transfer,8,control,3 + 5 =,L1H9,-0.00730563048273325,0.06792402267456055
exploratory_transfer,8,control,3 + 5 =,L1H10,-0.013632828369736671,0.06792402267456055
exploratory_transfer,8,control,3 + 5 =,L1H11,-0.0246420931071043,0.06792402267456055
exploratory_transfer,8,control,3 + 5 =,L2H0,-0.009966914542019367,0.06792402267456055
exploratory_transfer,8,control,3 + 5 =,L2H1,-0.0036638807505369186,0.06792402267456055
exploratory_transfer,8,control,3 + 5 =,L2H2,0.015664584934711456,0.06792402267456055
exploratory_transfer,8,control,3 + 5 =,L2H3,0.012863531708717346,0.06792402267456055
exploratory_transfer,8,control,3 + 5 =,L2H4,-0.015214873477816582,0.06792402267456055
exploratory_transfer,8,control,3 + 5 =,L2H5,-0.008457179181277752,0.06792402267456055
exploratory_transfer,8,control,3 + 5 =,L2H6,-0.015524267219007015,0.06792402267456055
exploratory_transfer,8,control,3 + 5 =,L2H7,4.107784479856491e-05,0.06792402267456055
exploratory_transfer,8,control,3 + 5 =,L2H8,0.007728996686637402,0.06792402267456055
exploratory_transfer,8,control,3 + 5 =,L2H9,0.034077927470207214,0.06792402267456055
exploratory_transfer,8,control,3 + 5 =,L2H10,0.009160459041595459,0.06792402267456055
exploratory_transfer,8,control,3 + 5 =,L2H11,0.01360635831952095,0.06792402267456055
exploratory_transfer,8,control,3 + 5 =,L3H0,-0.009946104139089584,0.06792402267456055
exploratory_transfer,8,control,3 + 5 =,L3H1,-0.027620311826467514,0.06792402267456055
exploratory_transfer,8,control,3 + 5 =,L3H2,0.0010415054857730865,0.06792402267456055
exploratory_transfer,8,control,3 + 5 =,L3H3,-0.010380920954048634,0.06792402267456055
exploratory_transfer,8,control,3 + 5 =,L3H4,0.002469870261847973,0.06792402267456055
exploratory_transfer,8,control,3 + 5 =,L3H5,-0.004903137683868408,0.06792402267456055
exploratory_transfer,8,control,3 + 5 =,L3H6,0.009343074634671211,0.06792402267456055
exploratory_transfer,8,control,3 + 5 =,L3H7,0.030280597507953644,0.06792402267456055
exploratory_transfer,8,control,3 + 5 =,L3H8,-0.009242047555744648,0.06792402267456055
exploratory_transfer,8,control,3 + 5 =,L3H9,0.0019423211924731731,0.06792402267456055
exploratory_transfer,8,control,3 + 5 =,L3H10,-0.012376668862998486,0.06792402267456055
exploratory_transfer,8,control,3 + 5 =,L3H11,0.003383602946996689,0.06792402267456055
exploratory_transfer,8,control,3 + 5 =,L4H0,0.007425110321491957,0.06792402267456055
exploratory_transfer,8,control,3 + 5 =,L4H1,-0.012684447690844536,0.06792402267456055
exploratory_transfer,8,control,3 + 5 =,L4H2,0.005672757048159838,0.06792402267456055
exploratory_transfer,8,control,3 + 5 =,L4H3,0.008949579671025276,0.06792402267456055
exploratory_transfer,8,control,3 + 5 =,L4H4,0.007442206144332886,0.06792402267456055
exploratory_transfer,8,control,3 + 5 =,L4H5,-0.004397806245833635,0.06792402267456055
exploratory_transfer,8,control,3 + 5 =,L4H6,-0.021812045946717262,0.06792402267456055
exploratory_transfer,8,control,3 + 5 =,L4H7,-0.014368053525686264,0.06792402267456055
exploratory_transfer,8,control,3 + 5 =,L4H8,-0.017530249431729317,0.06792402267456055
exploratory_transfer,8,control,3 + 5 =,L4H9,-0.0033589003141969442,0.06792402267456055
exploratory_transfer,8,control,3 + 5 =,L4H10,-0.006044531241059303,0.06792402267456055
exploratory_transfer,8,control,3 + 5 =,L4H11,0.022988328710198402,0.06792402267456055
exploratory_transfer,8,control,3 + 5 =,L5H0,0.006085368804633617,0.06792402267456055
exploratory_transfer,8,control,3 + 5 =,L5H1,-0.01330314390361309,0.06792402267456055
exploratory_transfer,8,control,3 + 5 =,L5H2,0.014041549526154995,0.06792402267456055
exploratory_transfer,8,control,3 + 5 =,L5H3,-0.01845911517739296,0.06792402267456055
exploratory_transfer,8,control,3 + 5 =,L5H4,-0.00015512807294726372,0.06792402267456055
exploratory_transfer,8,control,3 + 5 =,L5H5,-0.011813477613031864,0.06792402267456055
exploratory_transfer,8,control,3 + 5 =,L5H6,0.003699017222970724,0.06792402267456055
exploratory_transfer,8,control,3 + 5 =,L5H7,0.007524003740400076,0.06792402267456055
exploratory_transfer,8,control,3 + 5 =,L5H8,0.014894140884280205,0.06792402267456055
exploratory_transfer,8,control,3 + 5 =,L5H9,0.02650998905301094,0.06792402267456055
exploratory_transfer,8,control,3 + 5 =,L5H10,-0.007078335154801607,0.06792402267456055
exploratory_transfer,8,control,3 + 5 =,L5H11,0.006426466628909111,0.06792402267456055
exploratory_transfer,8,control,3 + 5 =,L6H0,-0.004164365120232105,0.06792402267456055
exploratory_transfer,8,control,3 + 5 =,L6H1,0.017042944207787514,0.06792402267456055
exploratory_transfer,8,control,3 + 5 =,L6H2,0.0015876791439950466,0.06792402267456055
exploratory_transfer,8,control,3 + 5 =,L6H3,0.01925208978354931,0.06792402267456055
exploratory_transfer,8,control,3 + 5 =,L6H4,0.0024560049641877413,0.06792402267456055
exploratory_transfer,8,control,3 + 5 =,L6H5,-0.020695211365818977,0.06792402267456055
exploratory_transfer,8,control,3 + 5 =,L6H6,-0.0035682753659784794,0.06792402267456055
exploratory_transfer,8,control,3 + 5 =,L6H7,-0.007652490399777889,0.06792402267456055
exploratory_transfer,8,control,3 + 5 =,L6H8,0.012445484288036823,0.06792402267456055
exploratory_transfer,8,control,3 + 5 =,L6H9,0.007959660142660141,0.06792402267456055
exploratory_transfer,8,control,3 + 5 =,L6H10,-0.01044272817671299,0.06792402267456055
exploratory_transfer,8,control,3 + 5 =,L6H11,-0.00978939514607191,0.06792402267456055
exploratory_transfer,8,control,3 + 5 =,L7H0,0.006720642559230328,0.06792402267456055
exploratory_transfer,8,control,3 + 5 =,L7H1,-0.0005135540850460529,0.06792402267456055
exploratory_transfer,8,control,3 + 5 =,L7H2,-0.0011828881688416004,0.06792402267456055
exploratory_transfer,8,control,3 + 5 =,L7H3,0.004295258782804012,0.06792402267456055
exploratory_transfer,8,control,3 + 5 =,L7H4,0.006638604216277599,0.06792402267456055
exploratory_transfer,8,control,3 + 5 =,L7H5,-0.012065411545336246,0.06792402267456055
exploratory_transfer,8,control,3 + 5 =,L7H6,0.006264864467084408,0.06792402267456055
exploratory_transfer,8,control,3 + 5 =,L7H7,-0.0041116103529930115,0.06792402267456055
exploratory_transfer,8,control,3 + 5 =,L7H8,-4.482921212911606e-05,0.06792402267456055
exploratory_transfer,8,control,3 + 5 =,L7H9,0.010143371298909187,0.06792402267456055
exploratory_transfer,8,control,3 + 5 =,L7H10,0.007144969888031483,0.06792402267456055
exploratory_transfer,8,control,3 + 5 =,L7H11,0.0017299158498644829,0.06792402267456055
exploratory_transfer,8,control,3 + 5 =,L8H0,-0.015738412737846375,0.06792402267456055
exploratory_transfer,8,control,3 + 5 =,L8H1,-0.010007362812757492,0.06792402267456055
exploratory_transfer,8,control,3 + 5 =,L8H2,-0.009730438701808453,0.06792402267456055
exploratory_transfer,8,control,3 + 5 =,L8H3,-0.008030449971556664,0.06792402267456055
exploratory_transfer,8,control,3 + 5 =,L8H4,-0.0006909184157848358,0.06792402267456055
exploratory_transfer,8,control,3 + 5 =,L8H5,0.014942595735192299,0.06792402267456055
exploratory_transfer,8,control,3 + 5 =,L8H6,0.02463112585246563,0.06792402267456055
exploratory_transfer,8,control,3 + 5 =,L8H7,0.006853030528873205,0.06792402267456055
exploratory_transfer,8,control,3 + 5 =,L8H8,0.0018087029457092285,0.06792402267456055
exploratory_transfer,8,control,3 + 5 =,L8H9,0.015872064977884293,0.06792402267456055
exploratory_transfer,8,control,3 + 5 =,L8H10,-0.0012896314729005098,0.06792402267456055
exploratory_transfer,8,control,3 + 5 =,L8H11,-0.020363714545965195,0.06792402267456055
exploratory_transfer,8,control,3 + 5 =,L9H0,-0.00812564417719841,0.06792402267456055
exploratory_transfer,8,control,3 + 5 =,L9H1,-0.0015772762708365917,0.06792402267456055
exploratory_transfer,8,control,3 + 5 =,L9H2,0.0017692025285214186,0.06792402267456055
exploratory_transfer,8,control,3 + 5 =,L9H3,-0.0031733158975839615,0.06792402267456055
exploratory_transfer,8,control,3 + 5 =,L9H4,0.0015088017098605633,0.06792402267456055
exploratory_transfer,8,control,3 + 5 =,L9H5,-0.004122184123843908,0.06792402267456055
exploratory_transfer,8,control,3 + 5 =,L9H6,-0.011351918801665306,0.06792402267456055
exploratory_transfer,8,control,3 + 5 =,L9H7,0.014976521953940392,0.06792402267456055
exploratory_transfer,8,control,3 + 5 =,L9H8,0.0001843264326453209,0.06792402267456055
exploratory_transfer,8,control,3 + 5 =,L9H9,-0.024885591119527817,0.06792402267456055
exploratory_transfer,8,control,3 + 5 =,L9H10,0.006929442286491394,0.06792402267456055
exploratory_transfer,8,control,3 + 5 =,L9H11,0.0029262257739901543,0.06792402267456055
exploratory_transfer,8,control,3 + 5 =,L10H0,-0.006922147702425718,0.06792402267456055
exploratory_transfer,8,control,3 + 5 =,L10H1,-0.022302567958831787,0.06792402267456055
exploratory_transfer,8,control,3 + 5 =,L10H2,-0.002442152239382267,0.06792402267456055
exploratory_transfer,8,control,3 + 5 =,L10H3,0.001593021210283041,0.06792402267456055
exploratory_transfer,8,control,3 + 5 =,L10H4,0.01616615429520607,0.06792402267456055
exploratory_transfer,8,control,3 + 5 =,L10H5,-0.010106639936566353,0.06792402267456055
exploratory_transfer,8,control,3 + 5 =,L10H6,0.012857502326369286,0.06792402267456055
exploratory_transfer,8,control,3 + 5 =,L10H7,0.023580584675073624,0.06792402267456055
exploratory_transfer,8,control,3 + 5 =,L10H8,-0.00017777783796191216,0.06792402267456055
exploratory_transfer,8,control,3 + 5 =,L10H9,0.010532649233937263,0.06792402267456055
exploratory_transfer,8,control,3 + 5 =,L10H10,0.021239157766103745,0.06792402267456055
exploratory_transfer,8,control,3 + 5 =,L10H11,-0.001809602603316307,0.06792402267456055
exploratory_transfer,8,control,3 + 5 =,L11H0,-0.004142744466662407,0.06792402267456055
exploratory_transfer,8,control,3 + 5 =,L11H1,0.028163345530629158,0.06792402267456055
exploratory_transfer,8,control,3 + 5 =,L11H2,-0.003083785530179739,0.06792402267456055
exploratory_transfer,8,control,3 + 5 =,L11H3,0.0005147010087966919,0.06792402267456055
exploratory_transfer,8,control,3 + 5 =,L11H4,-0.012048237025737762,0.06792402267456055
exploratory_transfer,8,control,3 + 5 =,L11H5,-0.009953523986041546,0.06792402267456055
exploratory_transfer,8,control,3 + 5 =,L11H6,-0.00533185712993145,0.06792402267456055
exploratory_transfer,8,control,3 + 5 =,L11H7,-0.0018838471733033657,0.06792402267456055
exploratory_transfer,8,control,3 + 5 =,L11H8,-0.00313370767980814,0.06792402267456055
exploratory_transfer,8,control,3 + 5 =,L11H9,0.011176889762282372,0.06792402267456055
exploratory_transfer,8,control,3 + 5 =,L11H10,-0.028345296159386635,0.06792402267456055
exploratory_transfer,8,control,3 + 5 =,L11H11,-0.0004911886062473059,0.06792402267456055
exploratory_transfer,8,control,3 + 5 =,0_mlp_out,-0.0025931093841791153,0.06792402267456055
exploratory_transfer,8,control,3 + 5 =,1_mlp_out,0.022306369617581367,0.06792402267456055
exploratory_transfer,8,control,3 + 5 =,2_mlp_out,0.0064138490706682205,0.06792402267456055
exploratory_transfer,8,control,3 + 5 =,3_mlp_out,0.00197758711874485,0.06792402267456055
exploratory_transfer,8,control,3 + 5 =,4_mlp_out,0.05825932323932648,0.06792402267456055
exploratory_transfer,8,control,3 + 5 =,5_mlp_out,0.0013123191893100739,0.06792402267456055
exploratory_transfer,8,control,3 + 5 =,6_mlp_out,0.02189231663942337,0.06792402267456055
exploratory_transfer,8,control,3 + 5 =,7_mlp_out,0.04054185748100281,0.06792402267456055
exploratory_transfer,8,control,3 + 5 =,8_mlp_out,0.022991029545664787,0.06792402267456055
exploratory_transfer,8,control,3 + 5 =,9_mlp_out,0.030402742326259613,0.06792402267456055
exploratory_transfer,8,control,3 + 5 =,10_mlp_out,-0.0817355066537857,0.06792402267456055
exploratory_transfer,8,control,3 + 5 =,11_mlp_out,0.123775415122509,0.06792402267456055
exploratory_transfer,8,control,3 + 5 =,embed,-0.002826287178322673,0.06792402267456055
exploratory_transfer,8,control,3 + 5 =,pos_embed,-0.0003756522201001644,0.06792402267456055
exploratory_transfer,8,control,3 + 5 =,bias,0.04809589684009552,0.06792402267456055
exploratory_transfer,8,control,5 + 3 =,L0H0,-0.0018923302413895726,0.06792402267456055
exploratory_transfer,8,control,5 + 3 =,L0H1,-0.009369093924760818,0.06792402267456055
exploratory_transfer,8,control,5 + 3 =,L0H2,0.002600918523967266,0.06792402267456055
exploratory_transfer,8,control,5 + 3 =,L0H3,0.0009680744260549545,0.06792402267456055
exploratory_transfer,8,control,5 + 3 =,L0H4,-0.00548903550952673,0.06792402267456055
exploratory_transfer,8,control,5 + 3 =,L0H5,0.0021280988585203886,0.06792402267456055
exploratory_transfer,8,control,5 + 3 =,L0H6,0.01594666764140129,0.06792402267456055
exploratory_transfer,8,control,5 + 3 =,L0H7,0.024569544941186905,0.06792402267456055
exploratory_transfer,8,control,5 + 3 =,L0H8,-0.009303903207182884,0.06792402267456055
exploratory_transfer,8,control,5 + 3 =,L0H9,-0.0030243713408708572,0.06792402267456055
exploratory_transfer,8,control,5 + 3 =,L0H10,0.011739525943994522,0.06792402267456055
exploratory_transfer,8,control,5 + 3 =,L0H11,-0.008233435451984406,0.06792402267456055
exploratory_transfer,8,control,5 + 3 =,L1H0,0.002245792653411627,0.06792402267456055
exploratory_transfer,8,control,5 + 3 =,L1H1,-0.003200240433216095,0.06792402267456055
exploratory_transfer,8,control,5 + 3 =,L1H2,-0.012038841843605042,0.06792402267456055
exploratory_transfer,8,control,5 + 3 =,L1H3,0.008509226143360138,0.06792402267456055
exploratory_transfer,8,control,5 + 3 =,L1H4,0.026273366063833237,0.06792402267456055
exploratory_transfer,8,control,5 + 3 =,L1H5,0.014871767722070217,0.06792402267456055
exploratory_transfer,8,control,5 + 3 =,L1H6,0.0015210439451038837,0.06792402267456055
exploratory_transfer,8,control,5 + 3 =,L1H7,-0.006715709343552589,0.06792402267456055
exploratory_transfer,8,control,5 + 3 =,L1H8,0.010126820765435696,0.06792402267456055
exploratory_transfer,8,control,5 + 3 =,L1H9,-0.006507259793579578,0.06792402267456055
exploratory_transfer,8,control,5 + 3 =,L1H10,-0.013375554233789444,0.06792402267456055
exploratory_transfer,8,control,5 + 3 =,L1H11,-0.02326415479183197,0.06792402267456055
exploratory_transfer,8,control,5 + 3 =,L2H0,-0.01038605347275734,0.06792402267456055
exploratory_transfer,8,control,5 + 3 =,L2H1,-0.003158553736284375,0.06792402267456055
exploratory_transfer,8,control,5 + 3 =,L2H2,0.02532084658741951,0.06792402267456055
exploratory_transfer,8,control,5 + 3 =,L2H3,0.01156330294907093,0.06792402267456055
exploratory_transfer,8,control,5 + 3 =,L2H4,-0.0145860705524683,0.06792402267456055
exploratory_transfer,8,control,5 + 3 =,L2H5,-0.00894392840564251,0.06792402267456055
exploratory_transfer,8,control,5 + 3 =,L2H6,-0.014748343266546726,0.06792402267456055
exploratory_transfer,8,control,5 + 3 =,L2H7,0.00145773496478796,0.06792402267456055
exploratory_transfer,8,control,5 + 3 =,L2H8,0.00668981671333313,0.06792402267456055
exploratory_transfer,8,control,5 + 3 =,L2H9,0.031917817890644073,0.06792402267456055
exploratory_transfer,8,control,5 + 3 =,L2H10,0.009476362727582455,0.06792402267456055
exploratory_transfer,8,control,5 + 3 =,L2H11,0.013292335905134678,0.06792402267456055
exploratory_transfer,8,control,5 + 3 =,L3H0,-0.01143057644367218,0.06792402267456055
exploratory_transfer,8,control,5 + 3 =,L3H1,-0.026654988527297974,0.06792402267456055
exploratory_transfer,8,control,5 + 3 =,L3H2,0.0020920736715197563,0.06792402267456055
exploratory_transfer,8,control,5 + 3 =,L3H3,-0.0018692761659622192,0.06792402267456055
exploratory_transfer,8,control,5 + 3 =,L3H4,0.0012940028682351112,0.06792402267456055
exploratory_transfer,8,control,5 + 3 =,L3H5,-0.0036276397295296192,0.06792402267456055
exploratory_transfer,8,control,5 + 3 =,L3H6,0.003778059734031558,0.06792402267456055
exploratory_transfer,8,control,5 + 3 =,L3H7,0.023733144626021385,0.06792402267456055
exploratory_transfer,8,control,5 + 3 =,L3H8,-0.009611483663320541,0.06792402267456055
exploratory_transfer,8,control,5 + 3 =,L3H9,0.0015484406612813473,0.06792402267456055
exploratory_transfer,8,control,5 + 3 =,L3H10,-0.009989828802645206,0.06792402267456055
exploratory_transfer,8,control,5 + 3 =,L3H11,0.0039555225521326065,0.06792402267456055
exploratory_transfer,8,control,5 + 3 =,L4H0,0.007104027085006237,0.06792402267456055
exploratory_transfer,8,control,5 + 3 =,L4H1,-0.011952005326747894,0.06792402267456055
exploratory_transfer,8,control,5 + 3 =,L4H2,0.006303894799202681,0.06792402267456055
exploratory_transfer,8,control,5 + 3 =,L4H3,0.0076482659205794334,0.06792402267456055
exploratory_transfer,8,control,5 + 3 =,L4H4,0.007988477125763893,0.06792402267456055
exploratory_transfer,8,control,5 + 3 =,L4H5,-0.003922140691429377,0.06792402267456055
exploratory_transfer,8,control,5 + 3 =,L4H6,-0.01942712813615799,0.06792402267456055
exploratory_transfer,8,control,5 + 3 =,L4H7,-0.01224811002612114,0.06792402267456055
exploratory_transfer,8,control,5 + 3 =,L4H8,-0.01674535870552063,0.06792402267456055
exploratory_transfer,8,control,5 + 3 =,L4H9,-0.0031068078242242336,0.06792402267456055
exploratory_transfer,8,control,5 + 3 =,L4H10,-0.005886112339794636,0.06792402267456055
exploratory_transfer,8,control,5 + 3 =,L4H11,0.022453606128692627,0.06792402267456055
exploratory_transfer,8,control,5 + 3 =,L5H0,0.004928278736770153,0.06792402267456055
exploratory_transfer,8,control,5 + 3 =,L5H1,-0.013006775639951229,0.06792402267456055
exploratory_transfer,8,control,5 + 3 =,L5H2,0.01970125362277031,0.06792402267456055
exploratory_transfer,8,control,5 + 3 =,L5H3,-0.017989233136177063,0.06792402267456055
exploratory_transfer,8,control,5 + 3 =,L5H4,-0.0005560368299484253,0.06792402267456055
exploratory_transfer,8,control,5 + 3 =,L5H5,-0.009756777435541153,0.06792402267456055
exploratory_transfer,8,control,5 + 3 =,L5H6,0.004170883446931839,0.06792402267456055
exploratory_transfer,8,control,5 + 3 =,L5H7,0.006181734148412943,0.06792402267456055
exploratory_transfer,8,control,5 + 3 =,L5H8,0.010732309892773628,0.06792402267456055
exploratory_transfer,8,control,5 + 3 =,L5H9,0.027818970382213593,0.06792402267456055
exploratory_transfer,8,control,5 + 3 =,L5H10,-0.006872320082038641,0.06792402267456055
exploratory_transfer,8,control,5 + 3 =,L5H11,0.006705569103360176,0.06792402267456055
exploratory_transfer,8,control,5 + 3 =,L6H0,-0.007327147759497166,0.06792402267456055
exploratory_transfer,8,control,5 + 3 =,L6H1,0.021492188796401024,0.06792402267456055
exploratory_transfer,8,control,5 + 3 =,L6H2,0.0009746863506734371,0.06792402267456055
exploratory_transfer,8,control,5 + 3 =,L6H3,0.019034195691347122,0.06792402267456055
exploratory_transfer,8,control,5 + 3 =,L6H4,0.0051732915453612804,0.06792402267456055
exploratory_transfer,8,control,5 + 3 =,L6H5,-0.02251618728041649,0.06792402267456055
exploratory_transfer,8,control,5 + 3 =,L6H6,-0.0034345462918281555,0.06792402267456055
exploratory_transfer,8,control,5 + 3 =,L6H7,-0.017729587852954865,0.06792402267456055
exploratory_transfer,8,control,5 + 3 =,L6H8,-0.007366636767983437,0.06792402267456055
exploratory_transfer,8,control,5 + 3 =,L6H9,0.00012924335896968842,0.06792402267456055
exploratory_transfer,8,control,5 + 3 =,L6H10,-0.011359825730323792,0.06792402267456055
exploratory_transfer,8,control,5 + 3 =,L6H11,-0.009911451488733292,0.06792402267456055
exploratory_transfer,8,control,5 + 3 =,L7H0,0.002692535985261202,0.06792402267456055
exploratory_transfer,8,control,5 + 3 =,L7H1,-0.00034629623405635357,0.06792402267456055
exploratory_transfer,8,control,5 + 3 =,L7H2,-0.0011908968444913626,0.06792402267456055
exploratory_transfer,8,control,5 + 3 =,L7H3,0.005376270040869713,0.06792402267456055
exploratory_transfer,8,control,5 + 3 =,L7H4,0.007277463562786579,0.06792402267456055
exploratory_transfer,8,control,5 + 3 =,L7H5,-0.012080192565917969,0.06792402267456055
exploratory_transfer,8,control,5 + 3 =,L7H6,0.006784400437027216,0.06792402267456055
exploratory_transfer,8,control,5 + 3 =,L7H7,-0.004201239440590143,0.06792402267456055
exploratory_transfer,8,control,5 + 3 =,L7H8,-0.0020558377727866173,0.06792402267456055
exploratory_transfer,8,control,5 + 3 =,L7H9,0.015694236382842064,0.06792402267456055
exploratory_transfer,8,control,5 + 3 =,L7H10,0.007881378754973412,0.06792402267456055
exploratory_transfer,8,control,5 + 3 =,L7H11,-0.0022787100169807673,0.06792402267456055
exploratory_transfer,8,control,5 + 3 =,L8H0,-0.01576155796647072,0.06792402267456055
exploratory_transfer,8,control,5 + 3 =,L8H1,-0.009115972556173801,0.06792402267456055
exploratory_transfer,8,control,5 + 3 =,L8H2,-0.011177917942404747,0.06792402267456055
exploratory_transfer,8,control,5 + 3 =,L8H3,-0.009362996555864811,0.06792402267456055
exploratory_transfer,8,control,5 + 3 =,L8H4,-0.0005274778231978416,0.06792402267456055
exploratory_transfer,8,control,5 + 3 =,L8H5,0.012047985568642616,0.06792402267456055
exploratory_transfer,8,control,5 + 3 =,L8H6,0.010891827754676342,0.06792402267456055
exploratory_transfer,8,control,5 + 3 =,L8H7,0.005947214551270008,0.06792402267456055
exploratory_transfer,8,control,5 + 3 =,L8H8,0.023333242163062096,0.06792402267456055
exploratory_transfer,8,control,5 + 3 =,L8H9,0.012269539758563042,0.06792402267456055
exploratory_transfer,8,control,5 + 3 =,L8H10,0.006916283164173365,0.06792402267456055
exploratory_transfer,8,control,5 + 3 =,L8H11,-0.017486542463302612,0.06792402267456055
exploratory_transfer,8,control,5 + 3 =,L9H0,-0.004045791923999786,0.06792402267456055
exploratory_transfer,8,control,5 + 3 =,L9H1,0.004245581105351448,0.06792402267456055
exploratory_transfer,8,control,5 + 3 =,L9H2,0.0013677544193342328,0.06792402267456055
exploratory_transfer,8,control,5 + 3 =,L9H3,-0.0035025579854846,0.06792402267456055
exploratory_transfer,8,control,5 + 3 =,L9H4,0.0006854651728644967,0.06792402267456055
exploratory_transfer,8,control,5 + 3 =,L9H5,-0.0029657012782990932,0.06792402267456055
exploratory_transfer,8,control,5 + 3 =,L9H6,-0.011005261912941933,0.06792402267456055
exploratory_transfer,8,control,5 + 3 =,L9H7,0.01565050706267357,0.06792402267456055
exploratory_transfer,8,control,5 + 3 =,L9H8,0.0003705122508108616,0.06792402267456055
exploratory_transfer,8,control,5 + 3 =,L9H9,-0.02809416502714157,0.06792402267456055
exploratory_transfer,8,control,5 + 3 =,L9H10,0.006192576140165329,0.06792402267456055
exploratory_transfer,8,control,5 + 3 =,L9H11,0.002945174928754568,0.06792402267456055
exploratory_transfer,8,control,5 + 3 =,L10H0,-0.006979779340326786,0.06792402267456055
exploratory_transfer,8,control,5 + 3 =,L10H1,-0.021914394572377205,0.06792402267456055
exploratory_transfer,8,control,5 + 3 =,L10H2,-0.01384316012263298,0.06792402267456055
exploratory_transfer,8,control,5 + 3 =,L10H3,0.0012848526239395142,0.06792402267456055
exploratory_transfer,8,control,5 + 3 =,L10H4,0.01870223879814148,0.06792402267456055
exploratory_transfer,8,control,5 + 3 =,L10H5,-0.008178791031241417,0.06792402267456055
exploratory_transfer,8,control,5 + 3 =,L10H6,0.011904995888471603,0.06792402267456055
exploratory_transfer,8,control,5 + 3 =,L10H7,0.0238896906375885,0.06792402267456055
exploratory_transfer,8,control,5 + 3 =,L10H8,0.00021475134417414665,0.06792402267456055
exploratory_transfer,8,control,5 + 3 =,L10H9,0.009931663051247597,0.06792402267456055
exploratory_transfer,8,control,5 + 3 =,L10H10,0.019254863262176514,0.06792402267456055
exploratory_transfer,8,control,5 + 3 =,L10H11,-0.002721034921705723,0.06792402267456055
exploratory_transfer,8,control,5 + 3 =,L11H0,-0.019113413989543915,0.06792402267456055
exploratory_transfer,8,control,5 + 3 =,L11H1,0.026425570249557495,0.06792402267456055
exploratory_transfer,8,control,5 + 3 =,L11H2,-0.0074682277627289295,0.06792402267456055
exploratory_transfer,8,control,5 + 3 =,L11H3,0.004114415496587753,0.06792402267456055
exploratory_transfer,8,control,5 + 3 =,L11H4,-0.01235360186547041,0.06792402267456055
exploratory_transfer,8,control,5 + 3 =,L11H5,-0.00974542461335659,0.06792402267456055
exploratory_transfer,8,control,5 + 3 =,L11H6,-0.0042083836160600185,0.06792402267456055
exploratory_transfer,8,control,5 + 3 =,L11H7,-0.000963245052844286,0.06792402267456055
exploratory_transfer,8,control,5 + 3 =,L11H8,-0.005298729054629803,0.06792402267456055
exploratory_transfer,8,control,5 + 3 =,L11H9,0.011112760752439499,0.06792402267456055
exploratory_transfer,8,control,5 + 3 =,L11H10,-0.021664969623088837,0.06792402267456055
exploratory_transfer,8,control,5 + 3 =,L11H11,-0.003367968834936619,0.06792402267456055
exploratory_transfer,8,control,5 + 3 =,0_mlp_out,-0.0012192633002996445,0.06792402267456055
exploratory_transfer,8,control,5 + 3 =,1_mlp_out,0.020133595913648605,0.06792402267456055
exploratory_transfer,8,control,5 + 3 =,2_mlp_out,0.014681056141853333,0.06792402267456055
exploratory_transfer,8,control,5 + 3 =,3_mlp_out,0.0049111489206552505,0.06792402267456055
exploratory_transfer,8,control,5 + 3 =,4_mlp_out,0.04043646156787872,0.06792402267456055
exploratory_transfer,8,control,5 + 3 =,5_mlp_out,-0.005749350413680077,0.06792402267456055
exploratory_transfer,8,control,5 + 3 =,6_mlp_out,0.01937967538833618,0.06792402267456055
exploratory_transfer,8,control,5 + 3 =,7_mlp_out,0.030308261513710022,0.06792402267456055
exploratory_transfer,8,control,5 + 3 =,8_mlp_out,0.04024452343583107,0.06792402267456055
exploratory_transfer,8,control,5 + 3 =,9_mlp_out,0.00630168616771698,0.06792402267456055
exploratory_transfer,8,control,5 + 3 =,10_mlp_out,-0.10109846293926239,0.06792402267456055
exploratory_transfer,8,control,5 + 3 =,11_mlp_out,0.10481351613998413,0.06792402267456055
exploratory_transfer,8,control,5 + 3 =,embed,-0.0027053733356297016,0.06792402267456055
exploratory_transfer,8,control,5 + 3 =,pos_embed,-0.0003595813177525997,0.06792402267456055
exploratory_transfer,8,control,5 + 3 =,bias,0.046038299798965454,0.06792402267456055
exploratory_transfer,8,control,6 + 2 =,L0H0,-0.0016946980031207204,0.06792402267456055
exploratory_transfer,8,control,6 + 2 =,L0H1,-0.009058964438736439,0.06792402267456055
exploratory_transfer,8,control,6 + 2 =,L0H2,0.0021478733979165554,0.06792402267456055
exploratory_transfer,8,control,6 + 2 =,L0H3,0.0009811576455831528,0.06792402267456055
exploratory_transfer,8,control,6 + 2 =,L0H4,-0.005868224892765284,0.06792402267456055
exploratory_transfer,8,control,6 + 2 =,L0H5,0.002071262802928686,0.06792402267456055
exploratory_transfer,8,control,6 + 2 =,L0H6,0.01501681562513113,0.06792402267456055
exploratory_transfer,8,control,6 + 2 =,L0H7,0.0236816368997097,0.06792402267456055
exploratory_transfer,8,control,6 + 2 =,L0H8,-0.009615765884518623,0.06792402267456055
exploratory_transfer,8,control,6 + 2 =,L0H9,-0.0031502568162977695,0.06792402267456055
exploratory_transfer,8,control,6 + 2 =,L0H10,0.011477294377982616,0.06792402267456055
exploratory_transfer,8,control,6 + 2 =,L0H11,-0.00808028131723404,0.06792402267456055
exploratory_transfer,8,control,6 + 2 =,L1H0,-0.002470252104103565,0.06792402267456055
exploratory_transfer,8,control,6 + 2 =,L1H1,-0.004081824794411659,0.06792402267456055
exploratory_transfer,8,control,6 + 2 =,L1H2,-0.011843595653772354,0.06792402267456055
exploratory_transfer,8,control,6 + 2 =,L1H3,0.008337513543665409,0.06792402267456055
exploratory_transfer,8,control,6 + 2 =,L1H4,0.023901185020804405,0.06792402267456055
exploratory_transfer,8,control,6 + 2 =,L1H5,0.015008636750280857,0.06792402267456055
exploratory_transfer,8,control,6 + 2 =,L1H6,0.001698522362858057,0.06792402267456055
exploratory_transfer,8,control,6 + 2 =,L1H7,-0.006531907711178064,0.06792402267456055
exploratory_transfer,8,control,6 + 2 =,L1H8,0.009697265923023224,0.06792402267456055
exploratory_transfer,8,control,6 + 2 =,L1H9,-0.008568556979298592,0.06792402267456055
exploratory_transfer,8,control,6 + 2 =,L1H10,-0.011459202505648136,0.06792402267456055
exploratory_transfer,8,control,6 + 2 =,L1H11,-0.02192912995815277,0.06792402267456055
exploratory_transfer,8,control,6 + 2 =,L2H0,-0.012053495272994041,0.06792402267456055
exploratory_transfer,8,control,6 + 2 =,L2H1,-0.0031913197599351406,0.06792402267456055
exploratory_transfer,8,control,6 + 2 =,L2H2,0.013008308596909046,0.06792402267456055
exploratory_transfer,8,control,6 + 2 =,L2H3,0.009466639719903469,0.06792402267456055
exploratory_transfer,8,control,6 + 2 =,L2H4,-0.01440105028450489,0.06792402267456055
exploratory_transfer,8,control,6 + 2 =,L2H5,-0.0077546024695038795,0.06792402267456055
exploratory_transfer,8,control,6 + 2 =,L2H6,-0.014079578220844269,0.06792402267456055
exploratory_transfer,8,control,6 + 2 =,L2H7,0.00035660993307828903,0.06792402267456055
exploratory_transfer,8,control,6 + 2 =,L2H8,0.006807791069149971,0.06792402267456055
exploratory_transfer,8,control,6 + 2 =,L2H9,0.028552662581205368,0.06792402267456055
exploratory_transfer,8,control,6 + 2 =,L2H10,0.012069275602698326,0.06792402267456055
exploratory_transfer,8,control,6 + 2 =,L2H11,0.013272092677652836,0.06792402267456055
exploratory_transfer,8,control,6 + 2 =,L3H0,-0.011085259728133678,0.06792402267456055
exploratory_transfer,8,control,6 + 2 =,L3H1,-0.0296035036444664,0.06792402267456055
exploratory_transfer,8,control,6 + 2 =,L3H2,0.00036757253110408783,0.06792402267456055
exploratory_transfer,8,control,6 + 2 =,L3H3,-0.012030631303787231,0.06792402267456055
exploratory_transfer,8,control,6 + 2 =,L3H4,0.001127426978200674,0.06792402267456055
exploratory_transfer,8,control,6 + 2 =,L3H5,-0.004627027548849583,0.06792402267456055
exploratory_transfer,8,control,6 + 2 =,L3H6,0.005358905531466007,0.06792402267456055
exploratory_transfer,8,control,6 + 2 =,L3H7,0.01779155619442463,0.06792402267456055
exploratory_transfer,8,control,6 + 2 =,L3H8,-0.007471476681530476,0.06792402267456055
exploratory_transfer,8,control,6 + 2 =,L3H9,0.002117997035384178,0.06792402267456055
exploratory_transfer,8,control,6 + 2 =,L3H10,-0.007519552018493414,0.06792402267456055
exploratory_transfer,8,control,6 + 2 =,L3H11,0.002032419666647911,0.06792402267456055
exploratory_transfer,8,control,6 + 2 =,L4H0,0.008433276787400246,0.06792402267456055
exploratory_transfer,8,control,6 + 2 =,L4H1,-0.013113001361489296,0.06792402267456055
exploratory_transfer,8,control,6 + 2 =,L4H2,0.004421561025083065,0.06792402267456055
exploratory_transfer,8,control,6 + 2 =,L4H3,0.006099228747189045,0.06792402267456055
exploratory_transfer,8,control,6 + 2 =,L4H4,0.0074270241893827915,0.06792402267456055
exploratory_transfer,8,control,6 + 2 =,L4H5,-0.0041519468650221825,0.06792402267456055
exploratory_transfer,8,control,6 + 2 =,L4H6,-0.020802898332476616,0.06792402267456055
exploratory_transfer,8,control,6 + 2 =,L4H7,0.005907329265028238,0.06792402267456055
exploratory_transfer,8,control,6 + 2 =,L4H8,-0.01662551611661911,0.06792402267456055
exploratory_transfer,8,control,6 + 2 =,L4H9,-0.0005249450914561749,0.06792402267456055
exploratory_transfer,8,control,6 + 2 =,L4H10,-0.006515374407172203,0.06792402267456055
exploratory_transfer,8,control,6 + 2 =,L4H11,0.002128894906491041,0.06792402267456055
exploratory_transfer,8,control,6 + 2 =,L5H0,0.004298571962863207,0.06792402267456055
exploratory_transfer,8,control,6 + 2 =,L5H1,-0.01250513456761837,0.06792402267456055
exploratory_transfer,8,control,6 + 2 =,L5H2,0.011285652406513691,0.06792402267456055
exploratory_transfer,8,control,6 + 2 =,L5H3,-0.017553281038999557,0.06792402267456055
exploratory_transfer,8,control,6 + 2 =,L5H4,-0.0014747832901775837,0.06792402267456055
exploratory_transfer,8,control,6 + 2 =,L5H5,-0.00913398340344429,0.06792402267456055
exploratory_transfer,8,control,6 + 2 =,L5H6,0.0013270120834931731,0.06792402267456055
exploratory_transfer,8,control,6 + 2 =,L5H7,0.007155391853302717,0.06792402267456055
exploratory_transfer,8,control,6 + 2 =,L5H8,-0.0048104156740009785,0.06792402267456055
exploratory_transfer,8,control,6 + 2 =,L5H9,0.027459125965833664,0.06792402267456055
exploratory_transfer,8,control,6 + 2 =,L5H10,-0.0026382727082818747,0.06792402267456055
exploratory_transfer,8,control,6 + 2 =,L5H11,0.005550365429371595,0.06792402267456055
exploratory_transfer,8,control,6 + 2 =,L6H0,-0.005941496230661869,0.06792402267456055
exploratory_transfer,8,control,6 + 2 =,L6H1,-1.2870877981185913e-06,0.06792402267456055
exploratory_transfer,8,control,6 + 2 =,L6H2,0.0013767341151833534,0.06792402267456055
exploratory_transfer,8,control,6 + 2 =,L6H3,0.019616220146417618,0.06792402267456055
exploratory_transfer,8,control,6 + 2 =,L6H4,0.005086028482764959,0.06792402267456055
exploratory_transfer,8,control,6 + 2 =,L6H5,-0.018504217267036438,0.06792402267456055
exploratory_transfer,8,control,6 + 2 =,L6H6,-0.0043861051090061665,0.06792402267456055
exploratory_transfer,8,control,6 + 2 =,L6H7,-0.011070088483393192,0.06792402267456055
exploratory_transfer,8,control,6 + 2 =,L6H8,-0.013996563851833344,0.06792402267456055
exploratory_transfer,8,control,6 + 2 =,L6H9,0.015048679895699024,0.06792402267456055
exploratory_transfer,8,control,6 + 2 =,L6H10,-0.013182953000068665,0.06792402267456055
exploratory_transfer,8,control,6 + 2 =,L6H11,-0.006013147998601198,0.06792402267456055
exploratory_transfer,8,control,6 + 2 =,L7H0,0.0015914589166641235,0.06792402267456055
exploratory_transfer,8,control,6 + 2 =,L7H1,-0.0004934982862323523,0.06792402267456055
exploratory_transfer,8,control,6 + 2 =,L7H2,-0.0009851132053881884,0.06792402267456055
exploratory_transfer,8,control,6 + 2 =,L7H3,0.006428560242056847,0.06792402267456055
exploratory_transfer,8,control,6 + 2 =,L7H4,0.00658903643488884,0.06792402267456055
exploratory_transfer,8,control,6 + 2 =,L7H5,-0.005791595205664635,0.06792402267456055
exploratory_transfer,8,control,6 + 2 =,L7H6,0.005550393834710121,0.06792402267456055
exploratory_transfer,8,control,6 + 2 =,L7H7,-0.004188858903944492,0.06792402267456055
exploratory_transfer,8,control,6 + 2 =,L7H8,0.00043205544352531433,0.06792402267456055
exploratory_transfer,8,control,6 + 2 =,L7H9,-0.0016241497360169888,0.06792402267456055
exploratory_transfer,8,control,6 + 2 =,L7H10,0.012803895398974419,0.06792402267456055
exploratory_transfer,8,control,6 + 2 =,L7H11,-0.0004905953537672758,0.06792402267456055
exploratory_transfer,8,control,6 + 2 =,L8H0,-0.02009247988462448,0.06792402267456055
exploratory_transfer,8,control,6 + 2 =,L8H1,-0.007345752324908972,0.06792402267456055
exploratory_transfer,8,control,6 + 2 =,L8H2,-0.00791118759661913,0.06792402267456055
exploratory_transfer,8,control,6 + 2 =,L8H3,-0.0022246045991778374,0.06792402267456055
exploratory_transfer,8,control,6 + 2 =,L8H4,-0.0006791807245463133,0.06792402267456055
exploratory_transfer,8,control,6 + 2 =,L8H5,0.010755777359008789,0.06792402267456055
exploratory_transfer,8,control,6 + 2 =,L8H6,0.010430147871375084,0.06792402267456055
exploratory_transfer,8,control,6 + 2 =,L8H7,0.007751400116831064,0.06792402267456055
exploratory_transfer,8,control,6 + 2 =,L8H8,-0.021211709827184677,0.06792402267456055
exploratory_transfer,8,control,6 + 2 =,L8H9,0.014095200225710869,0.06792402267456055
exploratory_transfer,8,control,6 + 2 =,L8H10,-0.010321845300495625,0.06792402267456055
exploratory_transfer,8,control,6 + 2 =,L8H11,0.010413674637675285,0.06792402267456055
exploratory_transfer,8,control,6 + 2 =,L9H0,-0.0014341099886223674,0.06792402267456055
exploratory_transfer,8,control,6 + 2 =,L9H1,-0.002050296403467655,0.06792402267456055
exploratory_transfer,8,control,6 + 2 =,L9H2,0.0014735085424035788,0.06792402267456055
exploratory_transfer,8,control,6 + 2 =,L9H3,-0.003162260167300701,0.06792402267456055
exploratory_transfer,8,control,6 + 2 =,L9H4,0.002537149703130126,0.06792402267456055
exploratory_transfer,8,control,6 + 2 =,L9H5,-0.000702655641362071,0.06792402267456055
exploratory_transfer,8,control,6 + 2 =,L9H6,-0.009323055855929852,0.06792402267456055
exploratory_transfer,8,control,6 + 2 =,L9H7,0.005950230173766613,0.06792402267456055
exploratory_transfer,8,control,6 + 2 =,L9H8,0.0008065961301326752,0.06792402267456055
exploratory_transfer,8,control,6 + 2 =,L9H9,0.009945927187800407,0.06792402267456055
exploratory_transfer,8,control,6 + 2 =,L9H10,0.0061890967190265656,0.06792402267456055
exploratory_transfer,8,control,6 + 2 =,L9H11,0.0028878147713840008,0.06792402267456055
exploratory_transfer,8,control,6 + 2 =,L10H0,-0.006112472154200077,0.06792402267456055
exploratory_transfer,8,control,6 + 2 =,L10H1,-0.015504217706620693,0.06792402267456055
exploratory_transfer,8,control,6 + 2 =,L10H2,0.02308187261223793,0.06792402267456055
exploratory_transfer,8,control,6 + 2 =,L10H3,0.0016525974497199059,0.06792402267456055
exploratory_transfer,8,control,6 + 2 =,L10H4,0.019306078553199768,0.06792402267456055
exploratory_transfer,8,control,6 + 2 =,L10H5,-0.00745115801692009,0.06792402267456055
exploratory_transfer,8,control,6 + 2 =,L10H6,0.012761984951794147,0.06792402267456055
exploratory_transfer,8,control,6 + 2 =,L10H7,-0.01703072339296341,0.06792402267456055
exploratory_transfer,8,control,6 + 2 =,L10H8,0.0013941777870059013,0.06792402267456055
exploratory_transfer,8,control,6 + 2 =,L10H9,0.010385841131210327,0.06792402267456055
exploratory_transfer,8,control,6 + 2 =,L10H10,0.016773618757724762,0.06792402267456055
exploratory_transfer,8,control,6 + 2 =,L10H11,-0.00179128791205585,0.06792402267456055
exploratory_transfer,8,control,6 + 2 =,L11H0,-0.023904897272586823,0.06792402267456055
exploratory_transfer,8,control,6 + 2 =,L11H1,0.030312824994325638,0.06792402267456055
exploratory_transfer,8,control,6 + 2 =,L11H2,0.0013567842543125153,0.06792402267456055
exploratory_transfer,8,control,6 + 2 =,L11H3,-0.006527543533593416,0.06792402267456055
exploratory_transfer,8,control,6 + 2 =,L11H4,-0.0019313348457217216,0.06792402267456055
exploratory_transfer,8,control,6 + 2 =,L11H5,-0.008465077728033066,0.06792402267456055
exploratory_transfer,8,control,6 + 2 =,L11H6,-0.0052471039816737175,0.06792402267456055
exploratory_transfer,8,control,6 + 2 =,L11H7,0.0014787372201681137,0.06792402267456055
exploratory_transfer,8,control,6 + 2 =,L11H8,-0.002748744562268257,0.06792402267456055
exploratory_transfer,8,control,6 + 2 =,L11H9,0.009203772991895676,0.06792402267456055
exploratory_transfer,8,control,6 + 2 =,L11H10,-0.03395342826843262,0.06792402267456055
exploratory_transfer,8,control,6 + 2 =,L11H11,-0.0013586590066552162,0.06792402267456055
exploratory_transfer,8,control,6 + 2 =,0_mlp_out,-0.0033885929733514786,0.06792402267456055
exploratory_transfer,8,control,6 + 2 =,1_mlp_out,0.026841556653380394,0.06792402267456055
exploratory_transfer,8,control,6 + 2 =,2_mlp_out,0.006298606283962727,0.06792402267456055
exploratory_transfer,8,control,6 + 2 =,3_mlp_out,0.010210838168859482,0.06792402267456055
exploratory_transfer,8,control,6 + 2 =,4_mlp_out,0.04776669293642044,0.06792402267456055
exploratory_transfer,8,control,6 + 2 =,5_mlp_out,0.0011797808110713959,0.06792402267456055
exploratory_transfer,8,control,6 + 2 =,6_mlp_out,0.023024016991257668,0.06792402267456055
exploratory_transfer,8,control,6 + 2 =,7_mlp_out,0.032053668051958084,0.06792402267456055
exploratory_transfer,8,control,6 + 2 =,8_mlp_out,0.05449782684445381,0.06792402267456055
exploratory_transfer,8,control,6 + 2 =,9_mlp_out,0.0206170491874218,0.06792402267456055
exploratory_transfer,8,control,6 + 2 =,10_mlp_out,-0.07769604027271271,0.06792402267456055
exploratory_transfer,8,control,6 + 2 =,11_mlp_out,0.06320114433765411,0.06792402267456055
exploratory_transfer,8,control,6 + 2 =,embed,-0.0026396699249744415,0.06792402267456055
exploratory_transfer,8,control,6 + 2 =,pos_embed,-0.0003508452791720629,0.06792402267456055
exploratory_transfer,8,control,6 + 2 =,bias,0.044920165091753006,0.06792402267456055
exploratory_transfer,8,control,7 + 1 =,L0H0,-0.002455843612551689,0.06792402267456055
exploratory_transfer,8,control,7 + 1 =,L0H1,-0.01023398619145155,0.06792402267456055
exploratory_transfer,8,control,7 + 1 =,L0H2,0.0025213698390871286,0.06792402267456055
exploratory_transfer,8,control,7 + 1 =,L0H3,0.000788029283285141,0.06792402267456055
exploratory_transfer,8,control,7 + 1 =,L0H4,-0.007040883414447308,0.06792402267456055
exploratory_transfer,8,control,7 + 1 =,L0H5,0.002310257637873292,0.06792402267456055
exploratory_transfer,8,control,7 + 1 =,L0H6,0.016988173127174377,0.06792402267456055
exploratory_transfer,8,control,7 + 1 =,L0H7,0.0257694311439991,0.06792402267456055
exploratory_transfer,8,control,7 + 1 =,L0H8,-0.01126718521118164,0.06792402267456055
exploratory_transfer,8,control,7 + 1 =,L0H9,-0.002924581989645958,0.06792402267456055
exploratory_transfer,8,control,7 + 1 =,L0H10,0.01608406752347946,0.06792402267456055
exploratory_transfer,8,control,7 + 1 =,L0H11,-0.008295048028230667,0.06792402267456055
exploratory_transfer,8,control,7 + 1 =,L1H0,-0.0020196624100208282,0.06792402267456055
exploratory_transfer,8,control,7 + 1 =,L1H1,-0.004313712939620018,0.06792402267456055
exploratory_transfer,8,control,7 + 1 =,L1H2,-0.013865402899682522,0.06792402267456055
exploratory_transfer,8,control,7 + 1 =,L1H3,0.009266884997487068,0.06792402267456055
exploratory_transfer,8,control,7 + 1 =,L1H4,0.027684681117534637,0.06792402267456055
exploratory_transfer,8,control,7 + 1 =,L1H5,0.017318464815616608,0.06792402267456055
exploratory_transfer,8,control,7 + 1 =,L1H6,0.0021683014929294586,0.06792402267456055
exploratory_transfer,8,control,7 + 1 =,L1H7,-0.007431369740515947,0.06792402267456055
exploratory_transfer,8,control,7 + 1 =,L1H8,0.009761149063706398,0.06792402267456055
exploratory_transfer,8,control,7 + 1 =,L1H9,-0.007408455014228821,0.06792402267456055
exploratory_transfer,8,control,7 + 1 =,L1H10,-0.010766621679067612,0.06792402267456055
exploratory_transfer,8,control,7 + 1 =,L1H11,-0.02502426505088806,0.06792402267456055
exploratory_transfer,8,control,7 + 1 =,L2H0,-0.011529916897416115,0.06792402267456055
exploratory_transfer,8,control,7 + 1 =,L2H1,-0.004343145526945591,0.06792402267456055
exploratory_transfer,8,control,7 + 1 =,L2H2,0.013718640431761742,0.06792402267456055
exploratory_transfer,8,control,7 + 1 =,L2H3,0.013840269297361374,0.06792402267456055
exploratory_transfer,8,control,7 + 1 =,L2H4,-0.01615958847105503,0.06792402267456055
exploratory_transfer,8,control,7 + 1 =,L2H5,-0.006480801850557327,0.06792402267456055
exploratory_transfer,8,control,7 + 1 =,L2H6,-0.014032364822924137,0.06792402267456055
exploratory_transfer,8,control,7 + 1 =,L2H7,0.002866096794605255,0.06792402267456055
exploratory_transfer,8,control,7 + 1 =,L2H8,0.008253375068306923,0.06792402267456055
exploratory_transfer,8,control,7 + 1 =,L2H9,0.032341212034225464,0.06792402267456055
exploratory_transfer,8,control,7 + 1 =,L2H10,0.010433195158839226,0.06792402267456055
exploratory_transfer,8,control,7 + 1 =,L2H11,0.014628883451223373,0.06792402267456055
exploratory_transfer,8,control,7 + 1 =,L3H0,-0.011357835493981838,0.06792402267456055
exploratory_transfer,8,control,7 + 1 =,L3H1,-0.03392215818166733,0.06792402267456055
exploratory_transfer,8,control,7 + 1 =,L3H2,0.01010242197662592,0.06792402267456055
exploratory_transfer,8,control,7 + 1 =,L3H3,-0.010244571603834629,0.06792402267456055
exploratory_transfer,8,control,7 + 1 =,L3H4,0.002836730796843767,0.06792402267456055
exploratory_transfer,8,control,7 + 1 =,L3H5,-0.006276147905737162,0.06792402267456055
exploratory_transfer,8,control,7 + 1 =,L3H6,0.009613645263016224,0.06792402267456055
exploratory_transfer,8,control,7 + 1 =,L3H7,0.02937082201242447,0.06792402267456055
exploratory_transfer,8,control,7 + 1 =,L3H8,-0.006679963320493698,0.06792402267456055
exploratory_transfer,8,control,7 + 1 =,L3H9,0.00014242297038435936,0.06792402267456055
exploratory_transfer,8,control,7 + 1 =,L3H10,-0.015810072422027588,0.06792402267456055
exploratory_transfer,8,control,7 + 1 =,L3H11,0.0017028029542416334,0.06792402267456055
exploratory_transfer,8,control,7 + 1 =,L4H0,0.009700438939034939,0.06792402267456055
exploratory_transfer,8,control,7 + 1 =,L4H1,-0.016198595985770226,0.06792402267456055
exploratory_transfer,8,control,7 + 1 =,L4H2,0.0030639043543487787,0.06792402267456055
exploratory_transfer,8,control,7 + 1 =,L4H3,0.006932752672582865,0.06792402267456055
exploratory_transfer,8,control,7 + 1 =,L4H4,0.010712994262576103,0.06792402267456055
exploratory_transfer,8,control,7 + 1 =,L4H5,-0.001607534708455205,0.06792402267456055
exploratory_transfer,8,control,7 + 1 =,L4H6,-0.022069819271564484,0.06792402267456055
exploratory_transfer,8,control,7 + 1 =,L4H7,-0.007066309452056885,0.06792402267456055
exploratory_transfer,8,control,7 + 1 =,L4H8,-0.016309276223182678,0.06792402267456055
exploratory_transfer,8,control,7 + 1 =,L4H9,0.0003785579465329647,0.06792402267456055
exploratory_transfer,8,control,7 + 1 =,L4H10,-0.007267193403095007,0.06792402267456055
exploratory_transfer,8,control,7 + 1 =,L4H11,0.029000677168369293,0.06792402267456055
exploratory_transfer,8,control,7 + 1 =,L5H0,0.005130690056830645,0.06792402267456055
exploratory_transfer,8,control,7 + 1 =,L5H1,-0.013754379004240036,0.06792402267456055
exploratory_transfer,8,control,7 + 1 =,L5H2,0.016176670789718628,0.06792402267456055
exploratory_transfer,8,control,7 + 1 =,L5H3,-0.02177036739885807,0.06792402267456055
exploratory_transfer,8,control,7 + 1 =,L5H4,-0.0005015740171074867,0.06792402267456055
exploratory_transfer,8,control,7 + 1 =,L5H5,-0.0116709154099226,0.06792402267456055
exploratory_transfer,8,control,7 + 1 =,L5H6,0.006929728202521801,0.06792402267456055
exploratory_transfer,8,control,7 + 1 =,L5H7,0.008507855236530304,0.06792402267456055
exploratory_transfer,8,control,7 + 1 =,L5H8,0.01285663340240717,0.06792402267456055
exploratory_transfer,8,control,7 + 1 =,L5H9,0.029924748465418816,0.06792402267456055
exploratory_transfer,8,control,7 + 1 =,L5H10,-0.008957638405263424,0.06792402267456055
exploratory_transfer,8,control,7 + 1 =,L5H11,0.006555983796715736,0.06792402267456055
exploratory_transfer,8,control,7 + 1 =,L6H0,-0.006937187630683184,0.06792402267456055
exploratory_transfer,8,control,7 + 1 =,L6H1,0.01371667068451643,0.06792402267456055
exploratory_transfer,8,control,7 + 1 =,L6H2,0.0006357927341014147,0.06792402267456055
exploratory_transfer,8,control,7 + 1 =,L6H3,0.014886920340359211,0.06792402267456055
exploratory_transfer,8,control,7 + 1 =,L6H4,0.005465064663439989,0.06792402267456055
exploratory_transfer,8,control,7 + 1 =,L6H5,-0.027386991307139397,0.06792402267456055
exploratory_transfer,8,control,7 + 1 =,L6H6,-0.008577828295528889,0.06792402267456055
exploratory_transfer,8,control,7 + 1 =,L6H7,-0.016919996589422226,0.06792402267456055
exploratory_transfer,8,control,7 + 1 =,L6H8,-0.0036982670426368713,0.06792402267456055
exploratory_transfer,8,control,7 + 1 =,L6H9,0.01120411604642868,0.06792402267456055
exploratory_transfer,8,control,7 + 1 =,L6H10,-0.013673084788024426,0.06792402267456055
exploratory_transfer,8,control,7 + 1 =,L6H11,-0.007295845542103052,0.06792402267456055
exploratory_transfer,8,control,7 + 1 =,L7H0,0.003997620195150375,0.06792402267456055
exploratory_transfer,8,control,7 + 1 =,L7H1,-0.0003870574291795492,0.06792402267456055
exploratory_transfer,8,control,7 + 1 =,L7H2,-0.0010855412110686302,0.06792402267456055
exploratory_transfer,8,control,7 + 1 =,L7H3,0.012654002755880356,0.06792402267456055
exploratory_transfer,8,control,7 + 1 =,L7H4,0.00869436003267765,0.06792402267456055
exploratory_transfer,8,control,7 + 1 =,L7H5,-0.009829819202423096,0.06792402267456055
exploratory_transfer,8,control,7 + 1 =,L7H6,0.004464787431061268,0.06792402267456055
exploratory_transfer,8,control,7 + 1 =,L7H7,-0.004923256114125252,0.06792402267456055
exploratory_transfer,8,control,7 + 1 =,L7H8,-0.006385082378983498,0.06792402267456055
exploratory_transfer,8,control,7 + 1 =,L7H9,0.009244964458048344,0.06792402267456055
exploratory_transfer,8,control,7 + 1 =,L7H10,0.008184485137462616,0.06792402267456055
exploratory_transfer,8,control,7 + 1 =,L7H11,-8.146045729517937e-06,0.06792402267456055
exploratory_transfer,8,control,7 + 1 =,L8H0,-0.0206637904047966,0.06792402267456055
exploratory_transfer,8,control,7 + 1 =,L8H1,-0.009740189649164677,0.06792402267456055
exploratory_transfer,8,control,7 + 1 =,L8H2,-0.012473001144826412,0.06792402267456055
exploratory_transfer,8,control,7 + 1 =,L8H3,-0.010146968066692352,0.06792402267456055
exploratory_transfer,8,control,7 + 1 =,L8H4,-0.000981633085757494,0.06792402267456055
exploratory_transfer,8,control,7 + 1 =,L8H5,0.013427909463644028,0.06792402267456055
exploratory_transfer,8,control,7 + 1 =,L8H6,0.013523943722248077,0.06792402267456055
exploratory_transfer,8,control,7 + 1 =,L8H7,0.006330206524580717,0.06792402267456055
exploratory_transfer,8,control,7 + 1 =,L8H8,0.0051421187818050385,0.06792402267456055
exploratory_transfer,8,control,7 + 1 =,L8H9,0.008276110514998436,0.06792402267456055
exploratory_transfer,8,control,7 + 1 =,L8H10,-9.29785892367363e-05,0.06792402267456055
exploratory_transfer,8,control,7 + 1 =,L8H11,-0.03382498025894165,0.06792402267456055
exploratory_transfer,8,control,7 + 1 =,L9H0,-0.006720519158989191,0.06792402267456055
exploratory_transfer,8,control,7 + 1 =,L9H1,0.0420035719871521,0.06792402267456055
exploratory_transfer,8,control,7 + 1 =,L9H2,-0.00020616489928215742,0.06792402267456055
exploratory_transfer,8,control,7 + 1 =,L9H3,-0.006364765577018261,0.06792402267456055
exploratory_transfer,8,control,7 + 1 =,L9H4,0.00025352463126182556,0.06792402267456055
exploratory_transfer,8,control,7 + 1 =,L9H5,4.243152216076851e-05,0.06792402267456055
exploratory_transfer,8,control,7 + 1 =,L9H6,-0.012156998738646507,0.06792402267456055
exploratory_transfer,8,control,7 + 1 =,L9H7,0.019711416214704514,0.06792402267456055
exploratory_transfer,8,control,7 + 1 =,L9H8,0.0005307807587087154,0.06792402267456055
exploratory_transfer,8,control,7 + 1 =,L9H9,-0.08171786367893219,0.06792402267456055
exploratory_transfer,8,control,7 + 1 =,L9H10,0.00707554817199707,0.06792402267456055
exploratory_transfer,8,control,7 + 1 =,L9H11,0.003073369152843952,0.06792402267456055
exploratory_transfer,8,control,7 + 1 =,L10H0,-0.0070738410577178,0.06792402267456055
exploratory_transfer,8,control,7 + 1 =,L10H1,-0.026109615340828896,0.06792402267456055
exploratory_transfer,8,control,7 + 1 =,L10H2,-0.0062101129442453384,0.06792402267456055
exploratory_transfer,8,control,7 + 1 =,L10H3,0.000706781167536974,0.06792402267456055
exploratory_transfer,8,control,7 + 1 =,L10H4,0.009445816278457642,0.06792402267456055
exploratory_transfer,8,control,7 + 1 =,L10H5,-0.00954202376306057,0.06792402267456055
exploratory_transfer,8,control,7 + 1 =,L10H6,0.013220744207501411,0.06792402267456055
exploratory_transfer,8,control,7 + 1 =,L10H7,0.025851991027593613,0.06792402267456055
exploratory_transfer,8,control,7 + 1 =,L10H8,0.000605389941483736,0.06792402267456055
exploratory_transfer,8,control,7 + 1 =,L10H9,0.010304532945156097,0.06792402267456055
exploratory_transfer,8,control,7 + 1 =,L10H10,0.01594959944486618,0.06792402267456055
exploratory_transfer,8,control,7 + 1 =,L10H11,-0.007402154617011547,0.06792402267456055
exploratory_transfer,8,control,7 + 1 =,L11H0,-0.0196030642837286,0.06792402267456055
exploratory_transfer,8,control,7 + 1 =,L11H1,0.03265450894832611,0.06792402267456055
exploratory_transfer,8,control,7 + 1 =,L11H2,-0.012491932138800621,0.06792402267456055
exploratory_transfer,8,control,7 + 1 =,L11H3,-0.01388763077557087,0.06792402267456055
exploratory_transfer,8,control,7 + 1 =,L11H4,-0.009287630207836628,0.06792402267456055
exploratory_transfer,8,control,7 + 1 =,L11H5,-0.01130519900470972,0.06792402267456055
exploratory_transfer,8,control,7 + 1 =,L11H6,-0.004633611999452114,0.06792402267456055
exploratory_transfer,8,control,7 + 1 =,L11H7,0.0021833283826708794,0.06792402267456055
exploratory_transfer,8,control,7 + 1 =,L11H8,8.61138105392456e-05,0.06792402267456055
exploratory_transfer,8,control,7 + 1 =,L11H9,0.009688135236501694,0.06792402267456055
exploratory_transfer,8,control,7 + 1 =,L11H10,-0.023489169776439667,0.06792402267456055
exploratory_transfer,8,control,7 + 1 =,L11H11,-0.002458566799759865,0.06792402267456055
exploratory_transfer,8,control,7 + 1 =,0_mlp_out,-0.003289252519607544,0.06792402267456055
exploratory_transfer,8,control,7 + 1 =,1_mlp_out,0.023315131664276123,0.06792402267456055
exploratory_transfer,8,control,7 + 1 =,2_mlp_out,0.006025358103215694,0.06792402267456055
exploratory_transfer,8,control,7 + 1 =,3_mlp_out,0.02360115945339203,0.06792402267456055
exploratory_transfer,8,control,7 + 1 =,4_mlp_out,0.03757437691092491,0.06792402267456055
exploratory_transfer,8,control,7 + 1 =,5_mlp_out,0.025653665885329247,0.06792402267456055
exploratory_transfer,8,control,7 + 1 =,6_mlp_out,0.0010500457137823105,0.06792402267456055
exploratory_transfer,8,control,7 + 1 =,7_mlp_out,0.027612775564193726,0.06792402267456055
exploratory_transfer,8,control,7 + 1 =,8_mlp_out,0.0262615866959095,0.06792402267456055
exploratory_transfer,8,control,7 + 1 =,9_mlp_out,0.006104335188865662,0.06792402267456055
exploratory_transfer,8,control,7 + 1 =,10_mlp_out,-0.07650831341743469,0.06792402267456055
exploratory_transfer,8,control,7 + 1 =,11_mlp_out,0.06748809665441513,0.06792402267456055
exploratory_transfer,8,control,7 + 1 =,embed,-0.0029488280415534973,0.06792402267456055
exploratory_transfer,8,control,7 + 1 =,pos_embed,-0.0003919405862689018,0.06792402267456055
exploratory_transfer,8,control,7 + 1 =,bias,0.05018126219511032,0.06792402267456055
exploratory_transfer,14,double,7 + 7 =,L0H0,0.002337993122637272,-0.15550756454467773
exploratory_transfer,14,double,7 + 7 =,L0H1,-0.004898569546639919,-0.15550756454467773
exploratory_transfer,14,double,7 + 7 =,L0H2,0.009123607538640499,-0.15550756454467773
exploratory_transfer,14,double,7 + 7 =,L0H3,0.009280454367399216,-0.15550756454467773
exploratory_transfer,14,double,7 + 7 =,L0H4,-0.00025519682094454765,-0.15550756454467773
exploratory_transfer,14,double,7 + 7 =,L0H5,-0.011103427968919277,-0.15550756454467773
exploratory_transfer,14,double,7 + 7 =,L0H6,-0.049676164984703064,-0.15550756454467773
exploratory_transfer,14,double,7 + 7 =,L0H7,0.01402746606618166,-0.15550756454467773
exploratory_transfer,14,double,7 + 7 =,L0H8,0.039953093975782394,-0.15550756454467773
exploratory_transfer,14,double,7 + 7 =,L0H9,0.009654279798269272,-0.15550756454467773
exploratory_transfer,14,double,7 + 7 =,L0H10,-0.022494347766041756,-0.15550756454467773
exploratory_transfer,14,double,7 + 7 =,L0H11,0.015361256897449493,-0.15550756454467773
exploratory_transfer,14,double,7 + 7 =,L1H0,-0.0032921258825808764,-0.15550756454467773
exploratory_transfer,14,double,7 + 7 =,L1H1,-0.007808772847056389,-0.15550756454467773
exploratory_transfer,14,double,7 + 7 =,L1H2,-0.023436183109879494,-0.15550756454467773
exploratory_transfer,14,double,7 + 7 =,L1H3,-0.019274836406111717,-0.15550756454467773
exploratory_transfer,14,double,7 + 7 =,L1H4,0.0017637992277741432,-0.15550756454467773
exploratory_transfer,14,double,7 + 7 =,L1H5,-0.019060613587498665,-0.15550756454467773
exploratory_transfer,14,double,7 + 7 =,L1H6,0.0030075404793024063,-0.15550756454467773
exploratory_transfer,14,double,7 + 7 =,L1H7,0.020569557324051857,-0.15550756454467773
exploratory_transfer,14,double,7 + 7 =,L1H8,0.005709804594516754,-0.15550756454467773
exploratory_transfer,14,double,7 + 7 =,L1H9,0.010730618610978127,-0.15550756454467773
exploratory_transfer,14,double,7 + 7 =,L1H10,0.002621510997414589,-0.15550756454467773
exploratory_transfer,14,double,7 + 7 =,L1H11,0.0012043886817991734,-0.15550756454467773
exploratory_transfer,14,double,7 + 7 =,L2H0,0.012292873114347458,-0.15550756454467773
exploratory_transfer,14,double,7 + 7 =,L2H1,0.0033573927357792854,-0.15550756454467773
exploratory_transfer,14,double,7 + 7 =,L2H2,0.0005971505306661129,-0.15550756454467773
exploratory_transfer,14,double,7 + 7 =,L2H3,-0.0009378260001540184,-0.15550756454467773
exploratory_transfer,14,double,7 + 7 =,L2H4,0.012989979237318039,-0.15550756454467773
exploratory_transfer,14,double,7 + 7 =,L2H5,-0.02170862816274166,-0.15550756454467773
exploratory_transfer,14,double,7 + 7 =,L2H6,0.006841536611318588,-0.15550756454467773
exploratory_transfer,14,double,7 + 7 =,L2H7,0.002250276505947113,-0.15550756454467773
exploratory_transfer,14,double,7 + 7 =,L2H8,-0.00679545383900404,-0.15550756454467773
exploratory_transfer,14,double,7 + 7 =,L2H9,0.0114960428327322,-0.15550756454467773
exploratory_transfer,14,double,7 + 7 =,L2H10,-0.006003204733133316,-0.15550756454467773
exploratory_transfer,14,double,7 + 7 =,L2H11,-0.013219363987445831,-0.15550756454467773
exploratory_transfer,14,double,7 + 7 =,L3H0,-0.007478898856788874,-0.15550756454467773
exploratory_transfer,14,double,7 + 7 =,L3H1,-0.006530639249831438,-0.15550756454467773
exploratory_transfer,14,double,7 + 7 =,L3H2,-0.012877034023404121,-0.15550756454467773
exploratory_transfer,14,double,7 + 7 =,L3H3,0.006538938730955124,-0.15550756454467773
exploratory_transfer,14,double,7 + 7 =,L3H4,0.016635295003652573,-0.15550756454467773
exploratory_transfer,14,double,7 + 7 =,L3H5,-0.004227429628372192,-0.15550756454467773
exploratory_transfer,14,double,7 + 7 =,L3H6,-0.006001413334161043,-0.15550756454467773
exploratory_transfer,14,double,7 + 7 =,L3H7,-0.009491178207099438,-0.15550756454467773
exploratory_transfer,14,double,7 + 7 =,L3H8,0.007931123487651348,-0.15550756454467773
exploratory_transfer,14,double,7 + 7 =,L3H9,-0.0029284777119755745,-0.15550756454467773
exploratory_transfer,14,double,7 + 7 =,L3H10,0.005072539672255516,-0.15550756454467773
exploratory_transfer,14,double,7 + 7 =,L3H11,0.014052201062440872,-0.15550756454467773
exploratory_transfer,14,double,7 + 7 =,L4H0,0.005126111209392548,-0.15550756454467773
exploratory_transfer,14,double,7 + 7 =,L4H1,0.020549841225147247,-0.15550756454467773
exploratory_transfer,14,double,7 + 7 =,L4H2,0.008433785289525986,-0.15550756454467773
exploratory_transfer,14,double,7 + 7 =,L4H3,-0.00048699602484703064,-0.15550756454467773
exploratory_transfer,14,double,7 + 7 =,L4H4,-0.000229157623834908,-0.15550756454467773
exploratory_transfer,14,double,7 + 7 =,L4H5,-0.0015518927248194814,-0.15550756454467773
exploratory_transfer,14,double,7 + 7 =,L4H6,-0.013997174799442291,-0.15550756454467773
exploratory_transfer,14,double,7 + 7 =,L4H7,-0.0345851331949234,-0.15550756454467773
exploratory_transfer,14,double,7 + 7 =,L4H8,0.007598214782774448,-0.15550756454467773
exploratory_transfer,14,double,7 + 7 =,L4H9,-0.0019911061972379684,-0.15550756454467773
exploratory_transfer,14,double,7 + 7 =,L4H10,0.0006660486105829477,-0.15550756454467773
exploratory_transfer,14,double,7 + 7 =,L4H11,-0.0016145501285791397,-0.15550756454467773
exploratory_transfer,14,double,7 + 7 =,L5H0,-0.006592059973627329,-0.15550756454467773
exploratory_transfer,14,double,7 + 7 =,L5H1,0.006941191852092743,-0.15550756454467773
exploratory_transfer,14,double,7 + 7 =,L5H2,-0.004968822002410889,-0.15550756454467773
exploratory_transfer,14,double,7 + 7 =,L5H3,0.006316386163234711,-0.15550756454467773
exploratory_transfer,14,double,7 + 7 =,L5H4,0.0023779915645718575,-0.15550756454467773
exploratory_transfer,14,double,7 + 7 =,L5H5,-0.006418195553123951,-0.15550756454467773
exploratory_transfer,14,double,7 + 7 =,L5H6,0.0009433174272999167,-0.15550756454467773
exploratory_transfer,14,double,7 + 7 =,L5H7,-0.0012700064107775688,-0.15550756454467773
exploratory_transfer,14,double,7 + 7 =,L5H8,0.011784911155700684,-0.15550756454467773
exploratory_transfer,14,double,7 + 7 =,L5H9,0.01751329004764557,-0.15550756454467773
exploratory_transfer,14,double,7 + 7 =,L5H10,0.02318716049194336,-0.15550756454467773
exploratory_transfer,14,double,7 + 7 =,L5H11,0.0029484357219189405,-0.15550756454467773
exploratory_transfer,14,double,7 + 7 =,L6H0,0.0035506521817296743,-0.15550756454467773
exploratory_transfer,14,double,7 + 7 =,L6H1,0.01151488907635212,-0.15550756454467773
exploratory_transfer,14,double,7 + 7 =,L6H2,0.015236686915159225,-0.15550756454467773
exploratory_transfer,14,double,7 + 7 =,L6H3,0.006891403812915087,-0.15550756454467773
exploratory_transfer,14,double,7 + 7 =,L6H4,-0.0038675349205732346,-0.15550756454467773
exploratory_transfer,14,double,7 + 7 =,L6H5,-0.019565889611840248,-0.15550756454467773
exploratory_transfer,14,double,7 + 7 =,L6H6,0.013084765523672104,-0.15550756454467773
exploratory_transfer,14,double,7 + 7 =,L6H7,-0.008992568589746952,-0.15550756454467773
exploratory_transfer,14,double,7 + 7 =,L6H8,-0.011632949113845825,-0.15550756454467773
exploratory_transfer,14,double,7 + 7 =,L6H9,0.002073337323963642,-0.15550756454467773
exploratory_transfer,14,double,7 + 7 =,L6H10,-0.0002623263280838728,-0.15550756454467773
exploratory_transfer,14,double,7 + 7 =,L6H11,0.00915567111223936,-0.15550756454467773
exploratory_transfer,14,double,7 + 7 =,L7H0,0.010516147129237652,-0.15550756454467773
exploratory_transfer,14,double,7 + 7 =,L7H1,-0.006538787856698036,-0.15550756454467773
exploratory_transfer,14,double,7 + 7 =,L7H2,0.0008486013393849134,-0.15550756454467773
exploratory_transfer,14,double,7 + 7 =,L7H3,-0.002557532861828804,-0.15550756454467773
exploratory_transfer,14,double,7 + 7 =,L7H4,0.021668726578354836,-0.15550756454467773
exploratory_transfer,14,double,7 + 7 =,L7H5,-0.002332108560949564,-0.15550756454467773
exploratory_transfer,14,double,7 + 7 =,L7H6,0.007871262729167938,-0.15550756454467773
exploratory_transfer,14,double,7 + 7 =,L7H7,-0.0026390342973172665,-0.15550756454467773
exploratory_transfer,14,double,7 + 7 =,L7H8,-0.009733489714562893,-0.15550756454467773
exploratory_transfer,14,double,7 + 7 =,L7H9,0.006127487402409315,-0.15550756454467773
exploratory_transfer,14,double,7 + 7 =,L7H10,0.0037753977812826633,-0.15550756454467773
exploratory_transfer,14,double,7 + 7 =,L7H11,0.003094678744673729,-0.15550756454467773
exploratory_transfer,14,double,7 + 7 =,L8H0,0.008573907427489758,-0.15550756454467773
exploratory_transfer,14,double,7 + 7 =,L8H1,0.00148673914372921,-0.15550756454467773
exploratory_transfer,14,double,7 + 7 =,L8H2,0.0011713868007063866,-0.15550756454467773
exploratory_transfer,14,double,7 + 7 =,L8H3,-0.006562060676515102,-0.15550756454467773
exploratory_transfer,14,double,7 + 7 =,L8H4,-0.0023433060850948095,-0.15550756454467773
exploratory_transfer,14,double,7 + 7 =,L8H5,0.017374303191900253,-0.15550756454467773
exploratory_transfer,14,double,7 + 7 =,L8H6,0.00018229428678750992,-0.15550756454467773
exploratory_transfer,14,double,7 + 7 =,L8H7,0.0024992586113512516,-0.15550756454467773
exploratory_transfer,14,double,7 + 7 =,L8H8,0.02671332098543644,-0.15550756454467773
exploratory_transfer,14,double,7 + 7 =,L8H9,0.01168699748814106,-0.15550756454467773
exploratory_transfer,14,double,7 + 7 =,L8H10,0.006578999571502209,-0.15550756454467773
exploratory_transfer,14,double,7 + 7 =,L8H11,-0.011009400710463524,-0.15550756454467773
exploratory_transfer,14,double,7 + 7 =,L9H0,0.00932843703776598,-0.15550756454467773
exploratory_transfer,14,double,7 + 7 =,L9H1,0.01753131113946438,-0.15550756454467773
exploratory_transfer,14,double,7 + 7 =,L9H2,-0.002318930346518755,-0.15550756454467773
exploratory_transfer,14,double,7 + 7 =,L9H3,-0.009716475382447243,-0.15550756454467773
exploratory_transfer,14,double,7 + 7 =,L9H4,-0.00474931625649333,-0.15550756454467773
exploratory_transfer,14,double,7 + 7 =,L9H5,0.011571134440600872,-0.15550756454467773
exploratory_transfer,14,double,7 + 7 =,L9H6,0.0037963748909533024,-0.15550756454467773
exploratory_transfer,14,double,7 + 7 =,L9H7,-0.0028492799028754234,-0.15550756454467773
exploratory_transfer,14,double,7 + 7 =,L9H8,0.003647217992693186,-0.15550756454467773
exploratory_transfer,14,double,7 + 7 =,L9H9,-0.01782643049955368,-0.15550756454467773
exploratory_transfer,14,double,7 + 7 =,L9H10,0.0007709253113716841,-0.15550756454467773
exploratory_transfer,14,double,7 + 7 =,L9H11,0.0007739928551018238,-0.15550756454467773
exploratory_transfer,14,double,7 + 7 =,L10H0,-0.0036830254830420017,-0.15550756454467773
exploratory_transfer,14,double,7 + 7 =,L10H1,0.0004981085658073425,-0.15550756454467773
exploratory_transfer,14,double,7 + 7 =,L10H2,0.015939580276608467,-0.15550756454467773
exploratory_transfer,14,double,7 + 7 =,L10H3,-0.0018331132596358657,-0.15550756454467773
exploratory_transfer,14,double,7 + 7 =,L10H4,-0.007859913632273674,-0.15550756454467773
exploratory_transfer,14,double,7 + 7 =,L10H5,-0.004758842289447784,-0.15550756454467773
exploratory_transfer,14,double,7 + 7 =,L10H6,0.0064056129194796085,-0.15550756454467773
exploratory_transfer,14,double,7 + 7 =,L10H7,-0.031337037682533264,-0.15550756454467773
exploratory_transfer,14,double,7 + 7 =,L10H8,0.007766244933009148,-0.15550756454467773
exploratory_transfer,14,double,7 + 7 =,L10H9,0.011577183380723,-0.15550756454467773
exploratory_transfer,14,double,7 + 7 =,L10H10,0.0003481591120362282,-0.15550756454467773
exploratory_transfer,14,double,7 + 7 =,L10H11,-0.0033306460827589035,-0.15550756454467773
exploratory_transfer,14,double,7 + 7 =,L11H0,0.02547920122742653,-0.15550756454467773
exploratory_transfer,14,double,7 + 7 =,L11H1,-0.0017913645133376122,-0.15550756454467773
exploratory_transfer,14,double,7 + 7 =,L11H2,0.012085321359336376,-0.15550756454467773
exploratory_transfer,14,double,7 + 7 =,L11H3,-0.0051973732188344,-0.15550756454467773
exploratory_transfer,14,double,7 + 7 =,L11H4,-0.005372500978410244,-0.15550756454467773
exploratory_transfer,14,double,7 + 7 =,L11H5,0.009124004282057285,-0.15550756454467773
exploratory_transfer,14,double,7 + 7 =,L11H6,0.0011787894181907177,-0.15550756454467773
exploratory_transfer,14,double,7 + 7 =,L11H7,-0.010808374732732773,-0.15550756454467773
exploratory_transfer,14,double,7 + 7 =,L11H8,-0.022955240681767464,-0.15550756454467773
exploratory_transfer,14,double,7 + 7 =,L11H9,-0.003948274999856949,-0.15550756454467773
exploratory_transfer,14,double,7 + 7 =,L11H10,-0.036111459136009216,-0.15550756454467773
exploratory_transfer,14,double,7 + 7 =,L11H11,0.0034561287611722946,-0.15550756454467773
exploratory_transfer,14,double,7 + 7 =,0_mlp_out,0.008196871727705002,-0.15550756454467773
exploratory_transfer,14,double,7 + 7 =,1_mlp_out,-0.01122656837105751,-0.15550756454467773
exploratory_transfer,14,double,7 + 7 =,2_mlp_out,0.02778826653957367,-0.15550756454467773
exploratory_transfer,14,double,7 + 7 =,3_mlp_out,-0.0022891592234373093,-0.15550756454467773
exploratory_transfer,14,double,7 + 7 =,4_mlp_out,-0.05867576226592064,-0.15550756454467773
exploratory_transfer,14,double,7 + 7 =,5_mlp_out,-0.001656610518693924,-0.15550756454467773
exploratory_transfer,14,double,7 + 7 =,6_mlp_out,0.046331532299518585,-0.15550756454467773
exploratory_transfer,14,double,7 + 7 =,7_mlp_out,-0.05670870840549469,-0.15550756454467773
exploratory_transfer,14,double,7 + 7 =,8_mlp_out,0.03999357670545578,-0.15550756454467773
exploratory_transfer,14,double,7 + 7 =,9_mlp_out,-0.10607857257127762,-0.15550756454467773
exploratory_transfer,14,double,7 + 7 =,10_mlp_out,0.03281252086162567,-0.15550756454467773
exploratory_transfer,14,double,7 + 7 =,11_mlp_out,-0.01637030765414238,-0.15550756454467773
exploratory_transfer,14,double,7 + 7 =,embed,-0.004303304478526115,-0.15550756454467773
exploratory_transfer,14,double,7 + 7 =,pos_embed,0.003534396179020405,-0.15550756454467773
exploratory_transfer,14,double,7 + 7 =,bias,-0.07918640226125717,-0.15550756454467773
exploratory_transfer,14,control,5 + 9 =,L0H0,0.0018507444765418768,-0.15550756454467773
exploratory_transfer,14,control,5 + 9 =,L0H1,-0.005057491362094879,-0.15550756454467773
exploratory_transfer,14,control,5 + 9 =,L0H2,0.009612850844860077,-0.15550756454467773
exploratory_transfer,14,control,5 + 9 =,L0H3,0.010254941880702972,-0.15550756454467773
exploratory_transfer,14,control,5 + 9 =,L0H4,0.00022280821576714516,-0.15550756454467773
exploratory_transfer,14,control,5 + 9 =,L0H5,-0.011486958712339401,-0.15550756454467773
exploratory_transfer,14,control,5 + 9 =,L0H6,-0.05196654796600342,-0.15550756454467773
exploratory_transfer,14,control,5 + 9 =,L0H7,0.014241746626794338,-0.15550756454467773
exploratory_transfer,14,control,5 + 9 =,L0H8,0.04171634837985039,-0.15550756454467773
exploratory_transfer,14,control,5 + 9 =,L0H9,0.009078340604901314,-0.15550756454467773
exploratory_transfer,14,control,5 + 9 =,L0H10,-0.02400258742272854,-0.15550756454467773
exploratory_transfer,14,control,5 + 9 =,L0H11,0.015438461676239967,-0.15550756454467773
exploratory_transfer,14,control,5 + 9 =,L1H0,-0.0073440056294202805,-0.15550756454467773
exploratory_transfer,14,control,5 + 9 =,L1H1,-0.008330106735229492,-0.15550756454467773
exploratory_transfer,14,control,5 + 9 =,L1H2,-0.024205027148127556,-0.15550756454467773
exploratory_transfer,14,control,5 + 9 =,L1H3,-0.020289616659283638,-0.15550756454467773
exploratory_transfer,14,control,5 + 9 =,L1H4,0.0020137354731559753,-0.15550756454467773
exploratory_transfer,14,control,5 + 9 =,L1H5,-0.020271215587854385,-0.15550756454467773
exploratory_transfer,14,control,5 + 9 =,L1H6,0.0026241950690746307,-0.15550756454467773
exploratory_transfer,14,control,5 + 9 =,L1H7,0.02220609039068222,-0.15550756454467773
exploratory_transfer,14,control,5 + 9 =,L1H8,0.007372944615781307,-0.15550756454467773
exploratory_transfer,14,control,5 + 9 =,L1H9,0.00977217499166727,-0.15550756454467773
exploratory_transfer,14,control,5 + 9 =,L1H10,0.0023864703252911568,-0.15550756454467773
exploratory_transfer,14,control,5 + 9 =,L1H11,0.001541337464004755,-0.15550756454467773
exploratory_transfer,14,control,5 + 9 =,L2H0,0.011850634589791298,-0.15550756454467773
exploratory_transfer,14,control,5 + 9 =,L2H1,0.003014654852449894,-0.15550756454467773
exploratory_transfer,14,control,5 + 9 =,L2H2,-0.02026863396167755,-0.15550756454467773
exploratory_transfer,14,control,5 + 9 =,L2H3,-0.0006020732689648867,-0.15550756454467773
exploratory_transfer,14,control,5 + 9 =,L2H4,0.013151033781468868,-0.15550756454467773
exploratory_transfer,14,control,5 + 9 =,L2H5,-0.017932165414094925,-0.15550756454467773
exploratory_transfer,14,control,5 + 9 =,L2H6,0.006582583300769329,-0.15550756454467773
exploratory_transfer,14,control,5 + 9 =,L2H7,0.002963228849694133,-0.15550756454467773
exploratory_transfer,14,control,5 + 9 =,L2H8,-0.007304642349481583,-0.15550756454467773
exploratory_transfer,14,control,5 + 9 =,L2H9,0.006283371243625879,-0.15550756454467773
exploratory_transfer,14,control,5 + 9 =,L2H10,-0.0063727982342243195,-0.15550756454467773
exploratory_transfer,14,control,5 + 9 =,L2H11,-0.015261780470609665,-0.15550756454467773
exploratory_transfer,14,control,5 + 9 =,L3H0,-0.007787660695612431,-0.15550756454467773
exploratory_transfer,14,control,5 + 9 =,L3H1,-0.004628690425306559,-0.15550756454467773
exploratory_transfer,14,control,5 + 9 =,L3H2,-0.012484080158174038,-0.15550756454467773
exploratory_transfer,14,control,5 + 9 =,L3H3,0.00018099346198141575,-0.15550756454467773
exploratory_transfer,14,control,5 + 9 =,L3H4,0.01843046210706234,-0.15550756454467773
exploratory_transfer,14,control,5 + 9 =,L3H5,-0.002640041057020426,-0.15550756454467773
exploratory_transfer,14,control,5 + 9 =,L3H6,-0.011320631951093674,-0.15550756454467773
exploratory_transfer,14,control,5 + 9 =,L3H7,-0.020242277532815933,-0.15550756454467773
exploratory_transfer,14,control,5 + 9 =,L3H8,0.007672321051359177,-0.15550756454467773
exploratory_transfer,14,control,5 + 9 =,L3H9,-0.0038755745626986027,-0.15550756454467773
exploratory_transfer,14,control,5 + 9 =,L3H10,0.00453783106058836,-0.15550756454467773
exploratory_transfer,14,control,5 + 9 =,L3H11,0.01352718472480774,-0.15550756454467773
exploratory_transfer,14,control,5 + 9 =,L4H0,0.004517491906881332,-0.15550756454467773
exploratory_transfer,14,control,5 + 9 =,L4H1,0.023028139024972916,-0.15550756454467773
exploratory_transfer,14,control,5 + 9 =,L4H2,0.009667407721281052,-0.15550756454467773
exploratory_transfer,14,control,5 + 9 =,L4H3,-0.0036421269178390503,-0.15550756454467773
exploratory_transfer,14,control,5 + 9 =,L4H4,0.0014469120651483536,-0.15550756454467773
exploratory_transfer,14,control,5 + 9 =,L4H5,-0.0007065588142722845,-0.15550756454467773
exploratory_transfer,14,control,5 + 9 =,L4H6,-0.01356026902794838,-0.15550756454467773
exploratory_transfer,14,control,5 + 9 =,L4H7,-0.01929609291255474,-0.15550756454467773
exploratory_transfer,14,control,5 + 9 =,L4H8,0.008225014433264732,-0.15550756454467773
exploratory_transfer,14,control,5 + 9 =,L4H9,-0.001904122531414032,-0.15550756454467773
exploratory_transfer,14,control,5 + 9 =,L4H10,5.632871761918068e-05,-0.15550756454467773
exploratory_transfer,14,control,5 + 9 =,L4H11,-0.01486298255622387,-0.15550756454467773
exploratory_transfer,14,control,5 + 9 =,L5H0,-0.007404365576803684,-0.15550756454467773
exploratory_transfer,14,control,5 + 9 =,L5H1,0.007300893776118755,-0.15550756454467773
exploratory_transfer,14,control,5 + 9 =,L5H2,0.0012444681487977505,-0.15550756454467773
exploratory_transfer,14,control,5 + 9 =,L5H3,0.006277879700064659,-0.15550756454467773
exploratory_transfer,14,control,5 + 9 =,L5H4,0.002957439050078392,-0.15550756454467773
exploratory_transfer,14,control,5 + 9 =,L5H5,-0.01475110836327076,-0.15550756454467773
exploratory_transfer,14,control,5 + 9 =,L5H6,-0.0024383002892136574,-0.15550756454467773
exploratory_transfer,14,control,5 + 9 =,L5H7,-0.0021178903989493847,-0.15550756454467773
exploratory_transfer,14,control,5 + 9 =,L5H8,0.011282581835985184,-0.15550756454467773
exploratory_transfer,14,control,5 + 9 =,L5H9,0.026518456637859344,-0.15550756454467773
exploratory_transfer,14,control,5 + 9 =,L5H10,0.017868317663669586,-0.15550756454467773
exploratory_transfer,14,control,5 + 9 =,L5H11,0.003335223998874426,-0.15550756454467773
exploratory_transfer,14,control,5 + 9 =,L6H0,0.005100399721413851,-0.15550756454467773
exploratory_transfer,14,control,5 + 9 =,L6H1,0.0032583139836788177,-0.15550756454467773
exploratory_transfer,14,control,5 + 9 =,L6H2,0.015388822183012962,-0.15550756454467773
exploratory_transfer,14,control,5 + 9 =,L6H3,0.01090259850025177,-0.15550756454467773
exploratory_transfer,14,control,5 + 9 =,L6H4,-0.003695173654705286,-0.15550756454467773
exploratory_transfer,14,control,5 + 9 =,L6H5,-0.014629151672124863,-0.15550756454467773
exploratory_transfer,14,control,5 + 9 =,L6H6,0.014772171154618263,-0.15550756454467773
exploratory_transfer,14,control,5 + 9 =,L6H7,-0.006815435830503702,-0.15550756454467773
exploratory_transfer,14,control,5 + 9 =,L6H8,0.0018423758447170258,-0.15550756454467773
exploratory_transfer,14,control,5 + 9 =,L6H9,0.007458738051354885,-0.15550756454467773
exploratory_transfer,14,control,5 + 9 =,L6H10,-0.00018568220548331738,-0.15550756454467773
exploratory_transfer,14,control,5 + 9 =,L6H11,0.009097516536712646,-0.15550756454467773
exploratory_transfer,14,control,5 + 9 =,L7H0,0.013386797159910202,-0.15550756454467773
exploratory_transfer,14,control,5 + 9 =,L7H1,-0.007281379774212837,-0.15550756454467773
exploratory_transfer,14,control,5 + 9 =,L7H2,0.0008769757114350796,-0.15550756454467773
exploratory_transfer,14,control,5 + 9 =,L7H3,-0.001632106490433216,-0.15550756454467773
exploratory_transfer,14,control,5 + 9 =,L7H4,0.017064830288290977,-0.15550756454467773
exploratory_transfer,14,control,5 + 9 =,L7H5,-0.001798864919692278,-0.15550756454467773
exploratory_transfer,14,control,5 + 9 =,L7H6,0.006218958646059036,-0.15550756454467773
exploratory_transfer,14,control,5 + 9 =,L7H7,-0.0026110028848052025,-0.15550756454467773
exploratory_transfer,14,control,5 + 9 =,L7H8,-0.0009391922503709793,-0.15550756454467773
exploratory_transfer,14,control,5 + 9 =,L7H9,0.007044896483421326,-0.15550756454467773
exploratory_transfer,14,control,5 + 9 =,L7H10,0.002116165589541197,-0.15550756454467773
exploratory_transfer,14,control,5 + 9 =,L7H11,0.003141786204650998,-0.15550756454467773
exploratory_transfer,14,control,5 + 9 =,L8H0,0.007380734197795391,-0.15550756454467773
exploratory_transfer,14,control,5 + 9 =,L8H1,0.0023039281368255615,-0.15550756454467773
exploratory_transfer,14,control,5 + 9 =,L8H2,0.0007971818558871746,-0.15550756454467773
exploratory_transfer,14,control,5 + 9 =,L8H3,-0.010570085607469082,-0.15550756454467773
exploratory_transfer,14,control,5 + 9 =,L8H4,-0.0027524158358573914,-0.15550756454467773
exploratory_transfer,14,control,5 + 9 =,L8H5,0.019673410803079605,-0.15550756454467773
exploratory_transfer,14,control,5 + 9 =,L8H6,0.00224781921133399,-0.15550756454467773
exploratory_transfer,14,control,5 + 9 =,L8H7,0.002639979589730501,-0.15550756454467773
exploratory_transfer,14,control,5 + 9 =,L8H8,0.02175496704876423,-0.15550756454467773
exploratory_transfer,14,control,5 + 9 =,L8H9,0.009123648516833782,-0.15550756454467773
exploratory_transfer,14,control,5 + 9 =,L8H10,0.016988864168524742,-0.15550756454467773
exploratory_transfer,14,control,5 + 9 =,L8H11,-0.0069113969802856445,-0.15550756454467773
exploratory_transfer,14,control,5 + 9 =,L9H0,0.013453459367156029,-0.15550756454467773
exploratory_transfer,14,control,5 + 9 =,L9H1,-0.01233447901904583,-0.15550756454467773
exploratory_transfer,14,control,5 + 9 =,L9H2,-0.0028709801845252514,-0.15550756454467773
exploratory_transfer,14,control,5 + 9 =,L9H3,-0.006952100899070501,-0.15550756454467773
exploratory_transfer,14,control,5 + 9 =,L9H4,-0.006587818264961243,-0.15550756454467773
exploratory_transfer,14,control,5 + 9 =,L9H5,0.006277064327150583,-0.15550756454467773
exploratory_transfer,14,control,5 + 9 =,L9H6,-0.00030376017093658447,-0.15550756454467773
exploratory_transfer,14,control,5 + 9 =,L9H7,-0.005759756546467543,-0.15550756454467773
exploratory_transfer,14,control,5 + 9 =,L9H8,0.00473524397239089,-0.15550756454467773
exploratory_transfer,14,control,5 + 9 =,L9H9,-0.02133922092616558,-0.15550756454467773
exploratory_transfer,14,control,5 + 9 =,L9H10,0.0013039761688560247,-0.15550756454467773
exploratory_transfer,14,control,5 + 9 =,L9H11,0.0005792764713987708,-0.15550756454467773
exploratory_transfer,14,control,5 + 9 =,L10H0,0.008365169167518616,-0.15550756454467773
exploratory_transfer,14,control,5 + 9 =,L10H1,0.006885911803692579,-0.15550756454467773
exploratory_transfer,14,control,5 + 9 =,L10H2,-0.009063934907317162,-0.15550756454467773
exploratory_transfer,14,control,5 + 9 =,L10H3,-0.0023836162872612476,-0.15550756454467773
exploratory_transfer,14,control,5 + 9 =,L10H4,-0.005964270327240229,-0.15550756454467773
exploratory_transfer,14,control,5 + 9 =,L10H5,-0.004997448064386845,-0.15550756454467773
exploratory_transfer,14,control,5 + 9 =,L10H6,0.006756589747965336,-0.15550756454467773
exploratory_transfer,14,control,5 + 9 =,L10H7,-0.010595633648335934,-0.15550756454467773
exploratory_transfer,14,control,5 + 9 =,L10H8,0.009546992368996143,-0.15550756454467773
exploratory_transfer,14,control,5 + 9 =,L10H9,0.010772980749607086,-0.15550756454467773
exploratory_transfer,14,control,5 + 9 =,L10H10,-0.004230679478496313,-0.15550756454467773
exploratory_transfer,14,control,5 + 9 =,L10H11,-0.004645868670195341,-0.15550756454467773
exploratory_transfer,14,control,5 + 9 =,L11H0,0.02124818041920662,-0.15550756454467773
exploratory_transfer,14,control,5 + 9 =,L11H1,-0.003889829386025667,-0.15550756454467773
exploratory_transfer,14,control,5 + 9 =,L11H2,0.018300574272871017,-0.15550756454467773
exploratory_transfer,14,control,5 + 9 =,L11H3,-0.00503379013389349,-0.15550756454467773
exploratory_transfer,14,control,5 + 9 =,L11H4,-0.007859181612730026,-0.15550756454467773
exploratory_transfer,14,control,5 + 9 =,L11H5,0.009365922771394253,-0.15550756454467773
exploratory_transfer,14,control,5 + 9 =,L11H6,-0.0004917196929454803,-0.15550756454467773
exploratory_transfer,14,control,5 + 9 =,L11H7,-0.011037835851311684,-0.15550756454467773
exploratory_transfer,14,control,5 + 9 =,L11H8,-0.02146950550377369,-0.15550756454467773
exploratory_transfer,14,control,5 + 9 =,L11H9,-0.003324156627058983,-0.15550756454467773
exploratory_transfer,14,control,5 + 9 =,L11H10,-0.03297068923711777,-0.15550756454467773
exploratory_transfer,14,control,5 + 9 =,L11H11,0.0010183333652094007,-0.15550756454467773
exploratory_transfer,14,control,5 + 9 =,0_mlp_out,0.00831141322851181,-0.15550756454467773
exploratory_transfer,14,control,5 + 9 =,1_mlp_out,-0.0036993222311139107,-0.15550756454467773
exploratory_transfer,14,control,5 + 9 =,2_mlp_out,0.029233526438474655,-0.15550756454467773
exploratory_transfer,14,control,5 + 9 =,3_mlp_out,-0.002366321161389351,-0.15550756454467773
exploratory_transfer,14,control,5 + 9 =,4_mlp_out,-0.06683025509119034,-0.15550756454467773
exploratory_transfer,14,control,5 + 9 =,5_mlp_out,-0.0019631534814834595,-0.15550756454467773
exploratory_transfer,14,control,5 + 9 =,6_mlp_out,0.05179747939109802,-0.15550756454467773
exploratory_transfer,14,control,5 + 9 =,7_mlp_out,-0.05655278265476227,-0.15550756454467773
exploratory_transfer,14,control,5 + 9 =,8_mlp_out,0.02070222608745098,-0.15550756454467773
exploratory_transfer,14,control,5 + 9 =,9_mlp_out,-0.17117586731910706,-0.15550756454467773
exploratory_transfer,14,control,5 + 9 =,10_mlp_out,0.037285372614860535,-0.15550756454467773
exploratory_transfer,14,control,5 + 9 =,11_mlp_out,0.04297538101673126,-0.15550756454467773
exploratory_transfer,14,control,5 + 9 =,embed,-0.004459090065211058,-0.15550756454467773
exploratory_transfer,14,control,5 + 9 =,pos_embed,0.003662345465272665,-0.15550756454467773
exploratory_transfer,14,control,5 + 9 =,bias,-0.08205299824476242,-0.15550756454467773
exploratory_transfer,14,control,6 + 8 =,L0H0,0.002202626084908843,-0.15550756454467773
exploratory_transfer,14,control,6 + 8 =,L0H1,-0.004769474267959595,-0.15550756454467773
exploratory_transfer,14,control,6 + 8 =,L0H2,0.008955979719758034,-0.15550756454467773
exploratory_transfer,14,control,6 + 8 =,L0H3,0.009301643818616867,-0.15550756454467773
exploratory_transfer,14,control,6 + 8 =,L0H4,-0.00043068360537290573,-0.15550756454467773
exploratory_transfer,14,control,6 + 8 =,L0H5,-0.010839101858437061,-0.15550756454467773
exploratory_transfer,14,control,6 + 8 =,L0H6,-0.049173593521118164,-0.15550756454467773
exploratory_transfer,14,control,6 + 8 =,L0H7,0.011262050829827785,-0.15550756454467773
exploratory_transfer,14,control,6 + 8 =,L0H8,0.03925606980919838,-0.15550756454467773
exploratory_transfer,14,control,6 + 8 =,L0H9,0.00985107570886612,-0.15550756454467773
exploratory_transfer,14,control,6 + 8 =,L0H10,-0.025680363178253174,-0.15550756454467773
exploratory_transfer,14,control,6 + 8 =,L0H11,0.01458678487688303,-0.15550756454467773
exploratory_transfer,14,control,6 + 8 =,L1H0,-0.0070882560685276985,-0.15550756454467773
exploratory_transfer,14,control,6 + 8 =,L1H1,-0.007983176037669182,-0.15550756454467773
exploratory_transfer,14,control,6 + 8 =,L1H2,-0.02294788882136345,-0.15550756454467773
exploratory_transfer,14,control,6 + 8 =,L1H3,-0.019114099442958832,-0.15550756454467773
exploratory_transfer,14,control,6 + 8 =,L1H4,0.0018229540437459946,-0.15550756454467773
exploratory_transfer,14,control,6 + 8 =,L1H5,-0.018818285316228867,-0.15550756454467773
exploratory_transfer,14,control,6 + 8 =,L1H6,0.0029103290289640427,-0.15550756454467773
exploratory_transfer,14,control,6 + 8 =,L1H7,0.021618293598294258,-0.15550756454467773
exploratory_transfer,14,control,6 + 8 =,L1H8,0.007470888085663319,-0.15550756454467773
exploratory_transfer,14,control,6 + 8 =,L1H9,0.009586520493030548,-0.15550756454467773
exploratory_transfer,14,control,6 + 8 =,L1H10,0.002730327658355236,-0.15550756454467773
exploratory_transfer,14,control,6 + 8 =,L1H11,0.0002343091182410717,-0.15550756454467773
exploratory_transfer,14,control,6 + 8 =,L2H0,0.010513118468225002,-0.15550756454467773
exploratory_transfer,14,control,6 + 8 =,L2H1,0.003117359708994627,-0.15550756454467773
exploratory_transfer,14,control,6 + 8 =,L2H2,-0.007244270760565996,-0.15550756454467773
exploratory_transfer,14,control,6 + 8 =,L2H3,0.0003259421791881323,-0.15550756454467773
exploratory_transfer,14,control,6 + 8 =,L2H4,0.011969564482569695,-0.15550756454467773
exploratory_transfer,14,control,6 + 8 =,L2H5,-0.019104905426502228,-0.15550756454467773
exploratory_transfer,14,control,6 + 8 =,L2H6,0.005691153928637505,-0.15550756454467773
exploratory_transfer,14,control,6 + 8 =,L2H7,0.003052433719858527,-0.15550756454467773
exploratory_transfer,14,control,6 + 8 =,L2H8,-0.005558502394706011,-0.15550756454467773
exploratory_transfer,14,control,6 + 8 =,L2H9,0.005833153612911701,-0.15550756454467773
exploratory_transfer,14,control,6 + 8 =,L2H10,-0.006537098437547684,-0.15550756454467773
exploratory_transfer,14,control,6 + 8 =,L2H11,-0.012780817225575447,-0.15550756454467773
exploratory_transfer,14,control,6 + 8 =,L3H0,-0.007449614815413952,-0.15550756454467773
exploratory_transfer,14,control,6 + 8 =,L3H1,-0.0044684624299407005,-0.15550756454467773
exploratory_transfer,14,control,6 + 8 =,L3H2,-0.010312700644135475,-0.15550756454467773
exploratory_transfer,14,control,6 + 8 =,L3H3,0.0004545229021459818,-0.15550756454467773
exploratory_transfer,14,control,6 + 8 =,L3H4,0.015716275200247765,-0.15550756454467773
exploratory_transfer,14,control,6 + 8 =,L3H5,-0.0035883064847439528,-0.15550756454467773
exploratory_transfer,14,control,6 + 8 =,L3H6,-0.009813740849494934,-0.15550756454467773
exploratory_transfer,14,control,6 + 8 =,L3H7,-0.018453890457749367,-0.15550756454467773
exploratory_transfer,14,control,6 + 8 =,L3H8,0.007693147286772728,-0.15550756454467773
exploratory_transfer,14,control,6 + 8 =,L3H9,-0.0021179704926908016,-0.15550756454467773
exploratory_transfer,14,control,6 + 8 =,L3H10,0.0038066222332417965,-0.15550756454467773
exploratory_transfer,14,control,6 + 8 =,L3H11,0.012549673207104206,-0.15550756454467773
exploratory_transfer,14,control,6 + 8 =,L4H0,0.005001456942409277,-0.15550756454467773
exploratory_transfer,14,control,6 + 8 =,L4H1,0.020504910498857498,-0.15550756454467773
exploratory_transfer,14,control,6 + 8 =,L4H2,0.009937857277691364,-0.15550756454467773
exploratory_transfer,14,control,6 + 8 =,L4H3,0.0005201227031648159,-0.15550756454467773
exploratory_transfer,14,control,6 + 8 =,L4H4,0.0016977800987660885,-0.15550756454467773
exploratory_transfer,14,control,6 + 8 =,L4H5,-0.0021341657266020775,-0.15550756454467773
exploratory_transfer,14,control,6 + 8 =,L4H6,-0.013559002429246902,-0.15550756454467773
exploratory_transfer,14,control,6 + 8 =,L4H7,-0.02714460715651512,-0.15550756454467773
exploratory_transfer,14,control,6 + 8 =,L4H8,0.007676414214074612,-0.15550756454467773
exploratory_transfer,14,control,6 + 8 =,L4H9,-0.002347750123590231,-0.15550756454467773
exploratory_transfer,14,control,6 + 8 =,L4H10,-0.0004850858822464943,-0.15550756454467773
exploratory_transfer,14,control,6 + 8 =,L4H11,-0.0021897051483392715,-0.15550756454467773
exploratory_transfer,14,control,6 + 8 =,L5H0,-0.005445037968456745,-0.15550756454467773
exploratory_transfer,14,control,6 + 8 =,L5H1,0.006750778295099735,-0.15550756454467773
exploratory_transfer,14,control,6 + 8 =,L5H2,-0.0033288393169641495,-0.15550756454467773
exploratory_transfer,14,control,6 + 8 =,L5H3,0.006655900739133358,-0.15550756454467773
exploratory_transfer,14,control,6 + 8 =,L5H4,0.00030730944126844406,-0.15550756454467773
exploratory_transfer,14,control,6 + 8 =,L5H5,-0.011697931215167046,-0.15550756454467773
exploratory_transfer,14,control,6 + 8 =,L5H6,-0.0002618781290948391,-0.15550756454467773
exploratory_transfer,14,control,6 + 8 =,L5H7,-0.0007979590445756912,-0.15550756454467773
exploratory_transfer,14,control,6 + 8 =,L5H8,0.0006199395284056664,-0.15550756454467773
exploratory_transfer,14,control,6 + 8 =,L5H9,0.018594618886709213,-0.15550756454467773
exploratory_transfer,14,control,6 + 8 =,L5H10,0.015036295168101788,-0.15550756454467773
exploratory_transfer,14,control,6 + 8 =,L5H11,0.004003803711384535,-0.15550756454467773
exploratory_transfer,14,control,6 + 8 =,L6H0,0.002936899894848466,-0.15550756454467773
exploratory_transfer,14,control,6 + 8 =,L6H1,-0.0037417225539684296,-0.15550756454467773
exploratory_transfer,14,control,6 + 8 =,L6H2,0.013861034065485,-0.15550756454467773
exploratory_transfer,14,control,6 + 8 =,L6H3,0.011717025190591812,-0.15550756454467773
exploratory_transfer,14,control,6 + 8 =,L6H4,-0.0027807147707790136,-0.15550756454467773
exploratory_transfer,14,control,6 + 8 =,L6H5,-0.011735362000763416,-0.15550756454467773
exploratory_transfer,14,control,6 + 8 =,L6H6,0.013199897482991219,-0.15550756454467773
exploratory_transfer,14,control,6 + 8 =,L6H7,-0.009233582764863968,-0.15550756454467773
exploratory_transfer,14,control,6 + 8 =,L6H8,0.0006488431245088577,-0.15550756454467773
exploratory_transfer,14,control,6 + 8 =,L6H9,0.0051073115319013596,-0.15550756454467773
exploratory_transfer,14,control,6 + 8 =,L6H10,-0.00047382060438394547,-0.15550756454467773
exploratory_transfer,14,control,6 + 8 =,L6H11,0.009056994691491127,-0.15550756454467773
exploratory_transfer,14,control,6 + 8 =,L7H0,0.01331375353038311,-0.15550756454467773
exploratory_transfer,14,control,6 + 8 =,L7H1,-0.006405424326658249,-0.15550756454467773
exploratory_transfer,14,control,6 + 8 =,L7H2,0.0008506337180733681,-0.15550756454467773
exploratory_transfer,14,control,6 + 8 =,L7H3,-0.004306410439312458,-0.15550756454467773
exploratory_transfer,14,control,6 + 8 =,L7H4,0.02153276652097702,-0.15550756454467773
exploratory_transfer,14,control,6 + 8 =,L7H5,0.0004629099275916815,-0.15550756454467773
exploratory_transfer,14,control,6 + 8 =,L7H6,0.006946010980755091,-0.15550756454467773
exploratory_transfer,14,control,6 + 8 =,L7H7,-0.0024544131010770798,-0.15550756454467773
exploratory_transfer,14,control,6 + 8 =,L7H8,-0.0023606063332408667,-0.15550756454467773
exploratory_transfer,14,control,6 + 8 =,L7H9,-0.003390510566532612,-0.15550756454467773
exploratory_transfer,14,control,6 + 8 =,L7H10,0.008816353976726532,-0.15550756454467773
exploratory_transfer,14,control,6 + 8 =,L7H11,0.003601051401346922,-0.15550756454467773
exploratory_transfer,14,control,6 + 8 =,L8H0,0.007294020615518093,-0.15550756454467773
exploratory_transfer,14,control,6 + 8 =,L8H1,0.004122796002775431,-0.15550756454467773
exploratory_transfer,14,control,6 + 8 =,L8H2,0.003060857765376568,-0.15550756454467773
exploratory_transfer,14,control,6 + 8 =,L8H3,-0.0058736419305205345,-0.15550756454467773
exploratory_transfer,14,control,6 + 8 =,L8H4,-0.002689073095098138,-0.15550756454467773
exploratory_transfer,14,control,6 + 8 =,L8H5,0.017376597970724106,-0.15550756454467773
exploratory_transfer,14,control,6 + 8 =,L8H6,0.003198718186467886,-0.15550756454467773
exploratory_transfer,14,control,6 + 8 =,L8H7,0.0034394480753690004,-0.15550756454467773
exploratory_transfer,14,control,6 + 8 =,L8H8,0.004030909854918718,-0.15550756454467773
exploratory_transfer,14,control,6 + 8 =,L8H9,0.013429269194602966,-0.15550756454467773
exploratory_transfer,14,control,6 + 8 =,L8H10,0.005686625838279724,-0.15550756454467773
exploratory_transfer,14,control,6 + 8 =,L8H11,0.035200335085392,-0.15550756454467773
exploratory_transfer,14,control,6 + 8 =,L9H0,0.012940916232764721,-0.15550756454467773
exploratory_transfer,14,control,6 + 8 =,L9H1,-0.0035458337515592575,-0.15550756454467773
exploratory_transfer,14,control,6 + 8 =,L9H2,-0.0022596647031605244,-0.15550756454467773
exploratory_transfer,14,control,6 + 8 =,L9H3,-0.0067975809797644615,-0.15550756454467773
exploratory_transfer,14,control,6 + 8 =,L9H4,-0.00612989766523242,-0.15550756454467773
exploratory_transfer,14,control,6 + 8 =,L9H5,0.009989822283387184,-0.15550756454467773
exploratory_transfer,14,control,6 + 8 =,L9H6,0.0031573623418807983,-0.15550756454467773
exploratory_transfer,14,control,6 + 8 =,L9H7,-0.006525720469653606,-0.15550756454467773
exploratory_transfer,14,control,6 + 8 =,L9H8,0.004286734852939844,-0.15550756454467773
exploratory_transfer,14,control,6 + 8 =,L9H9,0.050501495599746704,-0.15550756454467773
exploratory_transfer,14,control,6 + 8 =,L9H10,0.00121651915833354,-0.15550756454467773
exploratory_transfer,14,control,6 + 8 =,L9H11,0.0007577926735393703,-0.15550756454467773
exploratory_transfer,14,control,6 + 8 =,L10H0,0.004302901681512594,-0.15550756454467773
exploratory_transfer,14,control,6 + 8 =,L10H1,0.004682461265474558,-0.15550756454467773
exploratory_transfer,14,control,6 + 8 =,L10H2,0.02858039177954197,-0.15550756454467773
exploratory_transfer,14,control,6 + 8 =,L10H3,-0.0016688191099092364,-0.15550756454467773
exploratory_transfer,14,control,6 + 8 =,L10H4,-0.010139898397028446,-0.15550756454467773
exploratory_transfer,14,control,6 + 8 =,L10H5,-0.004785667639225721,-0.15550756454467773
exploratory_transfer,14,control,6 + 8 =,L10H6,0.006463906262069941,-0.15550756454467773
exploratory_transfer,14,control,6 + 8 =,L10H7,-0.06020702049136162,-0.15550756454467773
exploratory_transfer,14,control,6 + 8 =,L10H8,0.008331588469445705,-0.15550756454467773
exploratory_transfer,14,control,6 + 8 =,L10H9,0.010091419331729412,-0.15550756454467773
exploratory_transfer,14,control,6 + 8 =,L10H10,-0.001979291206225753,-0.15550756454467773
exploratory_transfer,14,control,6 + 8 =,L10H11,-0.0031697629019618034,-0.15550756454467773
exploratory_transfer,14,control,6 + 8 =,L11H0,0.016691043972969055,-0.15550756454467773
exploratory_transfer,14,control,6 + 8 =,L11H1,-0.0025356868281960487,-0.15550756454467773
exploratory_transfer,14,control,6 + 8 =,L11H2,0.022599149495363235,-0.15550756454467773
exploratory_transfer,14,control,6 + 8 =,L11H3,-0.006178464740514755,-0.15550756454467773
exploratory_transfer,14,control,6 + 8 =,L11H4,-0.0028139608912169933,-0.15550756454467773
exploratory_transfer,14,control,6 + 8 =,L11H5,0.00861233752220869,-0.15550756454467773
exploratory_transfer,14,control,6 + 8 =,L11H6,-0.0005640385206788778,-0.15550756454467773
exploratory_transfer,14,control,6 + 8 =,L11H7,-0.009958542883396149,-0.15550756454467773
exploratory_transfer,14,control,6 + 8 =,L11H8,-0.022476080805063248,-0.15550756454467773
exploratory_transfer,14,control,6 + 8 =,L11H9,-0.002542447531595826,-0.15550756454467773
exploratory_transfer,14,control,6 + 8 =,L11H10,-0.04397793114185333,-0.15550756454467773
exploratory_transfer,14,control,6 + 8 =,L11H11,0.0025633869227021933,-0.15550756454467773
exploratory_transfer,14,control,6 + 8 =,0_mlp_out,0.011709317564964294,-0.15550756454467773
exploratory_transfer,14,control,6 + 8 =,1_mlp_out,-0.004754471592605114,-0.15550756454467773
exploratory_transfer,14,control,6 + 8 =,2_mlp_out,0.022337328642606735,-0.15550756454467773
exploratory_transfer,14,control,6 + 8 =,3_mlp_out,0.005284036509692669,-0.15550756454467773
exploratory_transfer,14,control,6 + 8 =,4_mlp_out,-0.05960697680711746,-0.15550756454467773
exploratory_transfer,14,control,6 + 8 =,5_mlp_out,0.004539234563708305,-0.15550756454467773
exploratory_transfer,14,control,6 + 8 =,6_mlp_out,0.06173957511782646,-0.15550756454467773
exploratory_transfer,14,control,6 + 8 =,7_mlp_out,-0.058894217014312744,-0.15550756454467773
exploratory_transfer,14,control,6 + 8 =,8_mlp_out,0.052100908011198044,-0.15550756454467773
exploratory_transfer,14,control,6 + 8 =,9_mlp_out,-0.1691865622997284,-0.15550756454467773
exploratory_transfer,14,control,6 + 8 =,10_mlp_out,0.03213394433259964,-0.15550756454467773
exploratory_transfer,14,control,6 + 8 =,11_mlp_out,0.030212266370654106,-0.15550756454467773
exploratory_transfer,14,control,6 + 8 =,embed,-0.00420123478397727,-0.15550756454467773
exploratory_transfer,14,control,6 + 8 =,pos_embed,0.0034505650401115417,-0.15550756454467773
exploratory_transfer,14,control,6 + 8 =,bias,-0.07730819284915924,-0.15550756454467773
exploratory_transfer,14,control,8 + 6 =,L0H0,0.0023598442785441875,-0.15550756454467773
exploratory_transfer,14,control,8 + 6 =,L0H1,-0.004861552268266678,-0.15550756454467773
exploratory_transfer,14,control,8 + 6 =,L0H2,0.009548574686050415,-0.15550756454467773
exploratory_transfer,14,control,8 + 6 =,L0H3,0.009244184009730816,-0.15550756454467773
exploratory_transfer,14,control,8 + 6 =,L0H4,-0.000997290015220642,-0.15550756454467773
exploratory_transfer,14,control,8 + 6 =,L0H5,-0.011023711413145065,-0.15550756454467773
exploratory_transfer,14,control,8 + 6 =,L0H6,-0.04961090534925461,-0.15550756454467773
exploratory_transfer,14,control,8 + 6 =,L0H7,0.011518209241330624,-0.15550756454467773
exploratory_transfer,14,control,8 + 6 =,L0H8,0.03981466218829155,-0.15550756454467773
exploratory_transfer,14,control,8 + 6 =,L0H9,0.00983838364481926,-0.15550756454467773
exploratory_transfer,14,control,8 + 6 =,L0H10,-0.026334021240472794,-0.15550756454467773
exploratory_transfer,14,control,8 + 6 =,L0H11,0.014986490830779076,-0.15550756454467773
exploratory_transfer,14,control,8 + 6 =,L1H0,-0.005499000661075115,-0.15550756454467773
exploratory_transfer,14,control,8 + 6 =,L1H1,-0.007416951470077038,-0.15550756454467773
exploratory_transfer,14,control,8 + 6 =,L1H2,-0.024589698761701584,-0.15550756454467773
exploratory_transfer,14,control,8 + 6 =,L1H3,-0.019461384043097496,-0.15550756454467773
exploratory_transfer,14,control,8 + 6 =,L1H4,0.0022342195734381676,-0.15550756454467773
exploratory_transfer,14,control,8 + 6 =,L1H5,-0.01831062138080597,-0.15550756454467773
exploratory_transfer,14,control,8 + 6 =,L1H6,0.003140588290989399,-0.15550756454467773
exploratory_transfer,14,control,8 + 6 =,L1H7,0.02205854281783104,-0.15550756454467773
exploratory_transfer,14,control,8 + 6 =,L1H8,0.006762787699699402,-0.15550756454467773
exploratory_transfer,14,control,8 + 6 =,L1H9,0.009578816592693329,-0.15550756454467773
exploratory_transfer,14,control,8 + 6 =,L1H10,0.003319523297250271,-0.15550756454467773
exploratory_transfer,14,control,8 + 6 =,L1H11,0.0004103276878595352,-0.15550756454467773
exploratory_transfer,14,control,8 + 6 =,L2H0,0.010632440447807312,-0.15550756454467773
exploratory_transfer,14,control,8 + 6 =,L2H1,0.003226077649742365,-0.15550756454467773
exploratory_transfer,14,control,8 + 6 =,L2H2,-0.009353987872600555,-0.15550756454467773
exploratory_transfer,14,control,8 + 6 =,L2H3,-0.0010077215265482664,-0.15550756454467773
exploratory_transfer,14,control,8 + 6 =,L2H4,0.012696339748799801,-0.15550756454467773
exploratory_transfer,14,control,8 + 6 =,L2H5,-0.01981990598142147,-0.15550756454467773
exploratory_transfer,14,control,8 + 6 =,L2H6,0.006091936491429806,-0.15550756454467773
exploratory_transfer,14,control,8 + 6 =,L2H7,0.0017358844634145498,-0.15550756454467773
exploratory_transfer,14,control,8 + 6 =,L2H8,-0.005691306199878454,-0.15550756454467773
exploratory_transfer,14,control,8 + 6 =,L2H9,0.010471413843333721,-0.15550756454467773
exploratory_transfer,14,control,8 + 6 =,L2H10,-0.004747016355395317,-0.15550756454467773
exploratory_transfer,14,control,8 + 6 =,L2H11,-0.012508527375757694,-0.15550756454467773
exploratory_transfer,14,control,8 + 6 =,L3H0,-0.006969054229557514,-0.15550756454467773
exploratory_transfer,14,control,8 + 6 =,L3H1,-0.004493274725973606,-0.15550756454467773
exploratory_transfer,14,control,8 + 6 =,L3H2,-0.011293083429336548,-0.15550756454467773
exploratory_transfer,14,control,8 + 6 =,L3H3,0.0018716184422373772,-0.15550756454467773
exploratory_transfer,14,control,8 + 6 =,L3H4,0.016308637335896492,-0.15550756454467773
exploratory_transfer,14,control,8 + 6 =,L3H5,-0.0028038248419761658,-0.15550756454467773
exploratory_transfer,14,control,8 + 6 =,L3H6,-0.0010377196595072746,-0.15550756454467773
exploratory_transfer,14,control,8 + 6 =,L3H7,-0.015868788585066795,-0.15550756454467773
exploratory_transfer,14,control,8 + 6 =,L3H8,0.005245385691523552,-0.15550756454467773
exploratory_transfer,14,control,8 + 6 =,L3H9,-0.002767066238448024,-0.15550756454467773
exploratory_transfer,14,control,8 + 6 =,L3H10,0.004726337734609842,-0.15550756454467773
exploratory_transfer,14,control,8 + 6 =,L3H11,0.013845267705619335,-0.15550756454467773
exploratory_transfer,14,control,8 + 6 =,L4H0,0.004346583969891071,-0.15550756454467773
exploratory_transfer,14,control,8 + 6 =,L4H1,0.01747279241681099,-0.15550756454467773
exploratory_transfer,14,control,8 + 6 =,L4H2,0.008881952613592148,-0.15550756454467773
exploratory_transfer,14,control,8 + 6 =,L4H3,-0.00037872325628995895,-0.15550756454467773
exploratory_transfer,14,control,8 + 6 =,L4H4,0.0005907253944315016,-0.15550756454467773
exploratory_transfer,14,control,8 + 6 =,L4H5,-0.0005789273418486118,-0.15550756454467773
exploratory_transfer,14,control,8 + 6 =,L4H6,-0.01093926839530468,-0.15550756454467773
exploratory_transfer,14,control,8 + 6 =,L4H7,-0.025191040709614754,-0.15550756454467773
exploratory_transfer,14,control,8 + 6 =,L4H8,0.011984024196863174,-0.15550756454467773
exploratory_transfer,14,control,8 + 6 =,L4H9,-0.002785958582535386,-0.15550756454467773
exploratory_transfer,14,control,8 + 6 =,L4H10,-0.00036575854755938053,-0.15550756454467773
exploratory_transfer,14,control,8 + 6 =,L4H11,-0.00911915022879839,-0.15550756454467773
exploratory_transfer,14,control,8 + 6 =,L5H0,-0.005569830071181059,-0.15550756454467773
exploratory_transfer,14,control,8 + 6 =,L5H1,0.00699569471180439,-0.15550756454467773
exploratory_transfer,14,control,8 + 6 =,L5H2,-0.004371829330921173,-0.15550756454467773
exploratory_transfer,14,control,8 + 6 =,L5H3,0.005328286439180374,-0.15550756454467773
exploratory_transfer,14,control,8 + 6 =,L5H4,0.0020019812509417534,-0.15550756454467773
exploratory_transfer,14,control,8 + 6 =,L5H5,-0.012814961373806,-0.15550756454467773
exploratory_transfer,14,control,8 + 6 =,L5H6,0.0015128918457776308,-0.15550756454467773
exploratory_transfer,14,control,8 + 6 =,L5H7,-0.00028832489624619484,-0.15550756454467773
exploratory_transfer,14,control,8 + 6 =,L5H8,0.006545830052345991,-0.15550756454467773
exploratory_transfer,14,control,8 + 6 =,L5H9,0.017461661249399185,-0.15550756454467773
exploratory_transfer,14,control,8 + 6 =,L5H10,0.016220513731241226,-0.15550756454467773
exploratory_transfer,14,control,8 + 6 =,L5H11,0.004173491150140762,-0.15550756454467773
exploratory_transfer,14,control,8 + 6 =,L6H0,0.004189549013972282,-0.15550756454467773
exploratory_transfer,14,control,8 + 6 =,L6H1,-0.004790356382727623,-0.15550756454467773
exploratory_transfer,14,control,8 + 6 =,L6H2,0.014326891861855984,-0.15550756454467773
exploratory_transfer,14,control,8 + 6 =,L6H3,0.012182777747511864,-0.15550756454467773
exploratory_transfer,14,control,8 + 6 =,L6H4,-0.004647343419492245,-0.15550756454467773
exploratory_transfer,14,control,8 + 6 =,L6H5,-0.011010103859007359,-0.15550756454467773
exploratory_transfer,14,control,8 + 6 =,L6H6,0.012412717565894127,-0.15550756454467773
exploratory_transfer,14,control,8 + 6 =,L6H7,-0.009567474015057087,-0.15550756454467773
exploratory_transfer,14,control,8 + 6 =,L6H8,-0.013609053567051888,-0.15550756454467773
exploratory_transfer,14,control,8 + 6 =,L6H9,0.010111641138792038,-0.15550756454467773
exploratory_transfer,14,control,8 + 6 =,L6H10,0.0009885820327326655,-0.15550756454467773
exploratory_transfer,14,control,8 + 6 =,L6H11,0.009473702870309353,-0.15550756454467773
exploratory_transfer,14,control,8 + 6 =,L7H0,0.010713299736380577,-0.15550756454467773
exploratory_transfer,14,control,8 + 6 =,L7H1,-0.006309939548373222,-0.15550756454467773
exploratory_transfer,14,control,8 + 6 =,L7H2,0.0008729819674044847,-0.15550756454467773
exploratory_transfer,14,control,8 + 6 =,L7H3,-0.004042079672217369,-0.15550756454467773
exploratory_transfer,14,control,8 + 6 =,L7H4,0.019047964364290237,-0.15550756454467773
exploratory_transfer,14,control,8 + 6 =,L7H5,0.0018749653827399015,-0.15550756454467773
exploratory_transfer,14,control,8 + 6 =,L7H6,0.008824557065963745,-0.15550756454467773
exploratory_transfer,14,control,8 + 6 =,L7H7,-0.00253889337182045,-0.15550756454467773
exploratory_transfer,14,control,8 + 6 =,L7H8,-0.005943180061876774,-0.15550756454467773
exploratory_transfer,14,control,8 + 6 =,L7H9,-0.011129957623779774,-0.15550756454467773
exploratory_transfer,14,control,8 + 6 =,L7H10,0.007785465568304062,-0.15550756454467773
exploratory_transfer,14,control,8 + 6 =,L7H11,0.003390519879758358,-0.15550756454467773
exploratory_transfer,14,control,8 + 6 =,L8H0,0.00800094474107027,-0.15550756454467773
exploratory_transfer,14,control,8 + 6 =,L8H1,0.003093270119279623,-0.15550756454467773
exploratory_transfer,14,control,8 + 6 =,L8H2,0.0036526178009808064,-0.15550756454467773
exploratory_transfer,14,control,8 + 6 =,L8H3,-0.007314103655517101,-0.15550756454467773
exploratory_transfer,14,control,8 + 6 =,L8H4,-0.002829728415235877,-0.15550756454467773
exploratory_transfer,14,control,8 + 6 =,L8H5,0.02382478304207325,-0.15550756454467773
exploratory_transfer,14,control,8 + 6 =,L8H6,0.005827563814818859,-0.15550756454467773
exploratory_transfer,14,control,8 + 6 =,L8H7,0.0033048982731997967,-0.15550756454467773
exploratory_transfer,14,control,8 + 6 =,L8H8,0.004894973710179329,-0.15550756454467773
exploratory_transfer,14,control,8 + 6 =,L8H9,0.008500161580741405,-0.15550756454467773
exploratory_transfer,14,control,8 + 6 =,L8H10,0.009217127226293087,-0.15550756454467773
exploratory_transfer,14,control,8 + 6 =,L8H11,0.03146464750170708,-0.15550756454467773
exploratory_transfer,14,control,8 + 6 =,L9H0,0.011167269200086594,-0.15550756454467773
exploratory_transfer,14,control,8 + 6 =,L9H1,-0.004807444289326668,-0.15550756454467773
exploratory_transfer,14,control,8 + 6 =,L9H2,-0.003277401439845562,-0.15550756454467773
exploratory_transfer,14,control,8 + 6 =,L9H3,-0.009044879116117954,-0.15550756454467773
exploratory_transfer,14,control,8 + 6 =,L9H4,-0.005208373069763184,-0.15550756454467773
exploratory_transfer,14,control,8 + 6 =,L9H5,0.011191294528543949,-0.15550756454467773
exploratory_transfer,14,control,8 + 6 =,L9H6,0.0012273341417312622,-0.15550756454467773
exploratory_transfer,14,control,8 + 6 =,L9H7,-0.006943847052752972,-0.15550756454467773
exploratory_transfer,14,control,8 + 6 =,L9H8,0.003900006879121065,-0.15550756454467773
exploratory_transfer,14,control,8 + 6 =,L9H9,0.03728490322828293,-0.15550756454467773
exploratory_transfer,14,control,8 + 6 =,L9H10,0.0010766992345452309,-0.15550756454467773
exploratory_transfer,14,control,8 + 6 =,L9H11,0.0007770933443680406,-0.15550756454467773
exploratory_transfer,14,control,8 + 6 =,L10H0,0.00490319449454546,-0.15550756454467773
exploratory_transfer,14,control,8 + 6 =,L10H1,0.00617371778935194,-0.15550756454467773
exploratory_transfer,14,control,8 + 6 =,L10H2,0.024626873433589935,-0.15550756454467773
exploratory_transfer,14,control,8 + 6 =,L10H3,-0.0018512067617848516,-0.15550756454467773
exploratory_transfer,14,control,8 + 6 =,L10H4,-0.007388454861938953,-0.15550756454467773
exploratory_transfer,14,control,8 + 6 =,L10H5,-0.004179105162620544,-0.15550756454467773
exploratory_transfer,14,control,8 + 6 =,L10H6,0.004492755047976971,-0.15550756454467773
exploratory_transfer,14,control,8 + 6 =,L10H7,-0.04731297492980957,-0.15550756454467773
exploratory_transfer,14,control,8 + 6 =,L10H8,0.007062772288918495,-0.15550756454467773
exploratory_transfer,14,control,8 + 6 =,L10H9,0.011177025735378265,-0.15550756454467773
exploratory_transfer,14,control,8 + 6 =,L10H10,-0.0034934175200760365,-0.15550756454467773
exploratory_transfer,14,control,8 + 6 =,L10H11,-0.002820985158905387,-0.15550756454467773
exploratory_transfer,14,control,8 + 6 =,L11H0,0.015584161505103111,-0.15550756454467773
exploratory_transfer,14,control,8 + 6 =,L11H1,-0.0028236177749931812,-0.15550756454467773
exploratory_transfer,14,control,8 + 6 =,L11H2,0.021087780594825745,-0.15550756454467773
exploratory_transfer,14,control,8 + 6 =,L11H3,-0.006549417041242123,-0.15550756454467773
exploratory_transfer,14,control,8 + 6 =,L11H4,-0.0031386660411953926,-0.15550756454467773
exploratory_transfer,14,control,8 + 6 =,L11H5,0.008727798238396645,-0.15550756454467773
exploratory_transfer,14,control,8 + 6 =,L11H6,-0.00026992522180080414,-0.15550756454467773
exploratory_transfer,14,control,8 + 6 =,L11H7,-0.010174280032515526,-0.15550756454467773
exploratory_transfer,14,control,8 + 6 =,L11H8,-0.023284783586859703,-0.15550756454467773
exploratory_transfer,14,control,8 + 6 =,L11H9,-0.002080298960208893,-0.15550756454467773
exploratory_transfer,14,control,8 + 6 =,L11H10,-0.03462066128849983,-0.15550756454467773
exploratory_transfer,14,control,8 + 6 =,L11H11,0.0019436795264482498,-0.15550756454467773
exploratory_transfer,14,control,8 + 6 =,0_mlp_out,0.011513985693454742,-0.15550756454467773
exploratory_transfer,14,control,8 + 6 =,1_mlp_out,-0.0012977514415979385,-0.15550756454467773
exploratory_transfer,14,control,8 + 6 =,2_mlp_out,0.029502490535378456,-0.15550756454467773
exploratory_transfer,14,control,8 + 6 =,3_mlp_out,-0.01659570448100567,-0.15550756454467773
exploratory_transfer,14,control,8 + 6 =,4_mlp_out,-0.056104693561792374,-0.15550756454467773
exploratory_transfer,14,control,8 + 6 =,5_mlp_out,0.007446974515914917,-0.15550756454467773
exploratory_transfer,14,control,8 + 6 =,6_mlp_out,0.055381692945957184,-0.15550756454467773
exploratory_transfer,14,control,8 + 6 =,7_mlp_out,-0.054653700441122055,-0.15550756454467773
exploratory_transfer,14,control,8 + 6 =,8_mlp_out,0.02759852074086666,-0.15550756454467773
exploratory_transfer,14,control,8 + 6 =,9_mlp_out,-0.16717687249183655,-0.15550756454467773
exploratory_transfer,14,control,8 + 6 =,10_mlp_out,0.05173918977379799,-0.15550756454467773
exploratory_transfer,14,control,8 + 6 =,11_mlp_out,0.009406203404068947,-0.15550756454467773
exploratory_transfer,14,control,8 + 6 =,embed,-0.004274137318134308,-0.15550756454467773
exploratory_transfer,14,control,8 + 6 =,pos_embed,0.0035104406997561455,-0.15550756454467773
exploratory_transfer,14,control,8 + 6 =,bias,-0.07864964008331299,-0.15550756454467773
exploratory_transfer,14,control,9 + 5 =,L0H0,0.001990058459341526,-0.15550756454467773
exploratory_transfer,14,control,9 + 5 =,L0H1,-0.005041799508035183,-0.15550756454467773
exploratory_transfer,14,control,9 + 5 =,L0H2,0.009869445115327835,-0.15550756454467773
exploratory_transfer,14,control,9 + 5 =,L0H3,0.009510483592748642,-0.15550756454467773
exploratory_transfer,14,control,9 + 5 =,L0H4,0.0002821381203830242,-0.15550756454467773
exploratory_transfer,14,control,9 + 5 =,L0H5,-0.011439353227615356,-0.15550756454467773
exploratory_transfer,14,control,9 + 5 =,L0H6,-0.05138359218835831,-0.15550756454467773
exploratory_transfer,14,control,9 + 5 =,L0H7,0.013325744308531284,-0.15550756454467773
exploratory_transfer,14,control,9 + 5 =,L0H8,0.04152477905154228,-0.15550756454467773
exploratory_transfer,14,control,9 + 5 =,L0H9,0.009919591248035431,-0.15550756454467773
exploratory_transfer,14,control,9 + 5 =,L0H10,-0.02509145252406597,-0.15550756454467773
exploratory_transfer,14,control,9 + 5 =,L0H11,0.01494783814996481,-0.15550756454467773
exploratory_transfer,14,control,9 + 5 =,L1H0,-0.0034401172306388617,-0.15550756454467773
exploratory_transfer,14,control,9 + 5 =,L1H1,-0.008937191218137741,-0.15550756454467773
exploratory_transfer,14,control,9 + 5 =,L1H2,-0.024097003042697906,-0.15550756454467773
exploratory_transfer,14,control,9 + 5 =,L1H3,-0.02043665573000908,-0.15550756454467773
exploratory_transfer,14,control,9 + 5 =,L1H4,0.0022197794169187546,-0.15550756454467773
exploratory_transfer,14,control,9 + 5 =,L1H5,-0.020324312150478363,-0.15550756454467773
exploratory_transfer,14,control,9 + 5 =,L1H6,0.0032932590693235397,-0.15550756454467773
exploratory_transfer,14,control,9 + 5 =,L1H7,0.02256185933947563,-0.15550756454467773
exploratory_transfer,14,control,9 + 5 =,L1H8,0.006912262178957462,-0.15550756454467773
exploratory_transfer,14,control,9 + 5 =,L1H9,0.009506341069936752,-0.15550756454467773
exploratory_transfer,14,control,9 + 5 =,L1H10,0.00382361002266407,-0.15550756454467773
exploratory_transfer,14,control,9 + 5 =,L1H11,0.0009323912672698498,-0.15550756454467773
exploratory_transfer,14,control,9 + 5 =,L2H0,0.011327240616083145,-0.15550756454467773
exploratory_transfer,14,control,9 + 5 =,L2H1,0.00273207132704556,-0.15550756454467773
exploratory_transfer,14,control,9 + 5 =,L2H2,-0.000572616932913661,-0.15550756454467773
exploratory_transfer,14,control,9 + 5 =,L2H3,-0.0019066708628088236,-0.15550756454467773
exploratory_transfer,14,control,9 + 5 =,L2H4,0.013523532077670097,-0.15550756454467773
exploratory_transfer,14,control,9 + 5 =,L2H5,-0.02055826410651207,-0.15550756454467773
exploratory_transfer,14,control,9 + 5 =,L2H6,0.00644159410148859,-0.15550756454467773
exploratory_transfer,14,control,9 + 5 =,L2H7,0.0016412592958658934,-0.15550756454467773
exploratory_transfer,14,control,9 + 5 =,L2H8,-0.0074770087376236916,-0.15550756454467773
exploratory_transfer,14,control,9 + 5 =,L2H9,0.011976738460361958,-0.15550756454467773
exploratory_transfer,14,control,9 + 5 =,L2H10,-0.0056255292147397995,-0.15550756454467773
exploratory_transfer,14,control,9 + 5 =,L2H11,-0.013923346064984798,-0.15550756454467773
exploratory_transfer,14,control,9 + 5 =,L3H0,-0.007875831797719002,-0.15550756454467773
exploratory_transfer,14,control,9 + 5 =,L3H1,-0.006701194681227207,-0.15550756454467773
exploratory_transfer,14,control,9 + 5 =,L3H2,-0.009671562351286411,-0.15550756454467773
exploratory_transfer,14,control,9 + 5 =,L3H3,0.004455717280507088,-0.15550756454467773
exploratory_transfer,14,control,9 + 5 =,L3H4,0.018102016299962997,-0.15550756454467773
exploratory_transfer,14,control,9 + 5 =,L3H5,-0.0033757281489670277,-0.15550756454467773
exploratory_transfer,14,control,9 + 5 =,L3H6,-0.0017270827665925026,-0.15550756454467773
exploratory_transfer,14,control,9 + 5 =,L3H7,-0.012237351387739182,-0.15550756454467773
exploratory_transfer,14,control,9 + 5 =,L3H8,0.004827852360904217,-0.15550756454467773
exploratory_transfer,14,control,9 + 5 =,L3H9,-0.004678827710449696,-0.15550756454467773
exploratory_transfer,14,control,9 + 5 =,L3H10,0.007104808930307627,-0.15550756454467773
exploratory_transfer,14,control,9 + 5 =,L3H11,0.013646410778164864,-0.15550756454467773
exploratory_transfer,14,control,9 + 5 =,L4H0,0.004271348472684622,-0.15550756454467773
exploratory_transfer,14,control,9 + 5 =,L4H1,0.02148902788758278,-0.15550756454467773
exploratory_transfer,14,control,9 + 5 =,L4H2,0.008362019434571266,-0.15550756454467773
exploratory_transfer,14,control,9 + 5 =,L4H3,-0.002992388792335987,-0.15550756454467773
exploratory_transfer,14,control,9 + 5 =,L4H4,0.0008003033581189811,-0.15550756454467773
exploratory_transfer,14,control,9 + 5 =,L4H5,-0.00102044059894979,-0.15550756454467773
exploratory_transfer,14,control,9 + 5 =,L4H6,-0.014693166129291058,-0.15550756454467773
exploratory_transfer,14,control,9 + 5 =,L4H7,-0.02824675291776657,-0.15550756454467773
exploratory_transfer,14,control,9 + 5 =,L4H8,0.01180062536150217,-0.15550756454467773
exploratory_transfer,14,control,9 + 5 =,L4H9,-0.003140052780508995,-0.15550756454467773
exploratory_transfer,14,control,9 + 5 =,L4H10,-0.0008909963071346283,-0.15550756454467773
exploratory_transfer,14,control,9 + 5 =,L4H11,-0.005404936149716377,-0.15550756454467773
exploratory_transfer,14,control,9 + 5 =,L5H0,-0.007582459598779678,-0.15550756454467773
exploratory_transfer,14,control,9 + 5 =,L5H1,0.006872149184346199,-0.15550756454467773
exploratory_transfer,14,control,9 + 5 =,L5H2,-0.007543974090367556,-0.15550756454467773
exploratory_transfer,14,control,9 + 5 =,L5H3,0.00658196909353137,-0.15550756454467773
exploratory_transfer,14,control,9 + 5 =,L5H4,0.005590309388935566,-0.15550756454467773
exploratory_transfer,14,control,9 + 5 =,L5H5,-0.013382826000452042,-0.15550756454467773
exploratory_transfer,14,control,9 + 5 =,L5H6,0.002450155559927225,-0.15550756454467773
exploratory_transfer,14,control,9 + 5 =,L5H7,-0.0018276108894497156,-0.15550756454467773
exploratory_transfer,14,control,9 + 5 =,L5H8,0.010181274265050888,-0.15550756454467773
exploratory_transfer,14,control,9 + 5 =,L5H9,0.02009810507297516,-0.15550756454467773
exploratory_transfer,14,control,9 + 5 =,L5H10,0.019307643175125122,-0.15550756454467773
exploratory_transfer,14,control,9 + 5 =,L5H11,0.0050167120061814785,-0.15550756454467773
exploratory_transfer,14,control,9 + 5 =,L6H0,0.005350174847990274,-0.15550756454467773
exploratory_transfer,14,control,9 + 5 =,L6H1,0.0023970201145857573,-0.15550756454467773
exploratory_transfer,14,control,9 + 5 =,L6H2,0.015334569849073887,-0.15550756454467773
exploratory_transfer,14,control,9 + 5 =,L6H3,0.012268276885151863,-0.15550756454467773
exploratory_transfer,14,control,9 + 5 =,L6H4,-0.0066207824274897575,-0.15550756454467773
exploratory_transfer,14,control,9 + 5 =,L6H5,-0.013504493981599808,-0.15550756454467773
exploratory_transfer,14,control,9 + 5 =,L6H6,0.013222910463809967,-0.15550756454467773
exploratory_transfer,14,control,9 + 5 =,L6H7,-0.004323962144553661,-0.15550756454467773
exploratory_transfer,14,control,9 + 5 =,L6H8,-0.009401211515069008,-0.15550756454467773
exploratory_transfer,14,control,9 + 5 =,L6H9,-0.010487467050552368,-0.15550756454467773
exploratory_transfer,14,control,9 + 5 =,L6H10,0.0007382510229945183,-0.15550756454467773
exploratory_transfer,14,control,9 + 5 =,L6H11,0.00760540459305048,-0.15550756454467773
exploratory_transfer,14,control,9 + 5 =,L7H0,0.011576900258660316,-0.15550756454467773
exploratory_transfer,14,control,9 + 5 =,L7H1,-0.006561881396919489,-0.15550756454467773
exploratory_transfer,14,control,9 + 5 =,L7H2,0.0008355036843568087,-0.15550756454467773
exploratory_transfer,14,control,9 + 5 =,L7H3,-0.007215864956378937,-0.15550756454467773
exploratory_transfer,14,control,9 + 5 =,L7H4,0.01610710844397545,-0.15550756454467773
exploratory_transfer,14,control,9 + 5 =,L7H5,0.0006033095996826887,-0.15550756454467773
exploratory_transfer,14,control,9 + 5 =,L7H6,0.008142520673573017,-0.15550756454467773
exploratory_transfer,14,control,9 + 5 =,L7H7,-0.0025055264122784138,-0.15550756454467773
exploratory_transfer,14,control,9 + 5 =,L7H8,-0.00892866961658001,-0.15550756454467773
exploratory_transfer,14,control,9 + 5 =,L7H9,-0.0021691303700208664,-0.15550756454467773
exploratory_transfer,14,control,9 + 5 =,L7H10,0.0025353331584483385,-0.15550756454467773
exploratory_transfer,14,control,9 + 5 =,L7H11,0.0031668152660131454,-0.15550756454467773
exploratory_transfer,14,control,9 + 5 =,L8H0,0.009619779884815216,-0.15550756454467773
exploratory_transfer,14,control,9 + 5 =,L8H1,0.00141021772287786,-0.15550756454467773
exploratory_transfer,14,control,9 + 5 =,L8H2,0.0031075668521225452,-0.15550756454467773
exploratory_transfer,14,control,9 + 5 =,L8H3,-0.006047646049410105,-0.15550756454467773
exploratory_transfer,14,control,9 + 5 =,L8H4,-0.0031169576104730368,-0.15550756454467773
exploratory_transfer,14,control,9 + 5 =,L8H5,0.028762025758624077,-0.15550756454467773
exploratory_transfer,14,control,9 + 5 =,L8H6,0.006530223414301872,-0.15550756454467773
exploratory_transfer,14,control,9 + 5 =,L8H7,0.0026379446499049664,-0.15550756454467773
exploratory_transfer,14,control,9 + 5 =,L8H8,0.010609833523631096,-0.15550756454467773
exploratory_transfer,14,control,9 + 5 =,L8H9,0.009804940782487392,-0.15550756454467773
exploratory_transfer,14,control,9 + 5 =,L8H10,0.013606870546936989,-0.15550756454467773
exploratory_transfer,14,control,9 + 5 =,L8H11,0.03040332719683647,-0.15550756454467773
exploratory_transfer,14,control,9 + 5 =,L9H0,0.013073371723294258,-0.15550756454467773
exploratory_transfer,14,control,9 + 5 =,L9H1,-0.007343200501054525,-0.15550756454467773
exploratory_transfer,14,control,9 + 5 =,L9H2,-0.003402095753699541,-0.15550756454467773
exploratory_transfer,14,control,9 + 5 =,L9H3,-0.009759013541042805,-0.15550756454467773
exploratory_transfer,14,control,9 + 5 =,L9H4,-0.005713438615202904,-0.15550756454467773
exploratory_transfer,14,control,9 + 5 =,L9H5,0.009147033095359802,-0.15550756454467773
exploratory_transfer,14,control,9 + 5 =,L9H6,-0.004850975703448057,-0.15550756454467773
exploratory_transfer,14,control,9 + 5 =,L9H7,-0.003449486568570137,-0.15550756454467773
exploratory_transfer,14,control,9 + 5 =,L9H8,0.004830989520996809,-0.15550756454467773
exploratory_transfer,14,control,9 + 5 =,L9H9,0.005414852872490883,-0.15550756454467773
exploratory_transfer,14,control,9 + 5 =,L9H10,0.001204963307827711,-0.15550756454467773
exploratory_transfer,14,control,9 + 5 =,L9H11,0.0008877934305928648,-0.15550756454467773
exploratory_transfer,14,control,9 + 5 =,L10H0,0.0063774981535971165,-0.15550756454467773
exploratory_transfer,14,control,9 + 5 =,L10H1,0.0014263833872973919,-0.15550756454467773
exploratory_transfer,14,control,9 + 5 =,L10H2,-0.012261051684617996,-0.15550756454467773
exploratory_transfer,14,control,9 + 5 =,L10H3,-0.0013666785089299083,-0.15550756454467773
exploratory_transfer,14,control,9 + 5 =,L10H4,-0.008455309085547924,-0.15550756454467773
exploratory_transfer,14,control,9 + 5 =,L10H5,-0.005150416865944862,-0.15550756454467773
exploratory_transfer,14,control,9 + 5 =,L10H6,0.005571425426751375,-0.15550756454467773
exploratory_transfer,14,control,9 + 5 =,L10H7,-0.01401499193161726,-0.15550756454467773
exploratory_transfer,14,control,9 + 5 =,L10H8,0.006982641760259867,-0.15550756454467773
exploratory_transfer,14,control,9 + 5 =,L10H9,0.011562442407011986,-0.15550756454467773
exploratory_transfer,14,control,9 + 5 =,L10H10,-0.006727252155542374,-0.15550756454467773
exploratory_transfer,14,control,9 + 5 =,L10H11,-0.0039316629990935326,-0.15550756454467773
exploratory_transfer,14,control,9 + 5 =,L11H0,0.023228151723742485,-0.15550756454467773
exploratory_transfer,14,control,9 + 5 =,L11H1,-0.004422932397574186,-0.15550756454467773
exploratory_transfer,14,control,9 + 5 =,L11H2,0.023234691470861435,-0.15550756454467773
exploratory_transfer,14,control,9 + 5 =,L11H3,-0.00402985792607069,-0.15550756454467773
exploratory_transfer,14,control,9 + 5 =,L11H4,-0.007134235464036465,-0.15550756454467773
exploratory_transfer,14,control,9 + 5 =,L11H5,0.00982369389384985,-0.15550756454467773
exploratory_transfer,14,control,9 + 5 =,L11H6,-0.0012278319336473942,-0.15550756454467773
exploratory_transfer,14,control,9 + 5 =,L11H7,-0.010995542630553246,-0.15550756454467773
exploratory_transfer,14,control,9 + 5 =,L11H8,-0.022877443581819534,-0.15550756454467773
exploratory_transfer,14,control,9 + 5 =,L11H9,-0.004026415292173624,-0.15550756454467773
exploratory_transfer,14,control,9 + 5 =,L11H10,-0.024688944220542908,-0.15550756454467773
exploratory_transfer,14,control,9 + 5 =,L11H11,0.0020657158456742764,-0.15550756454467773
exploratory_transfer,14,control,9 + 5 =,0_mlp_out,0.008984655141830444,-0.15550756454467773
exploratory_transfer,14,control,9 + 5 =,1_mlp_out,-0.007763606496155262,-0.15550756454467773
exploratory_transfer,14,control,9 + 5 =,2_mlp_out,0.03787209838628769,-0.15550756454467773
exploratory_transfer,14,control,9 + 5 =,3_mlp_out,-0.012461403384804726,-0.15550756454467773
exploratory_transfer,14,control,9 + 5 =,4_mlp_out,-0.039070550352334976,-0.15550756454467773
exploratory_transfer,14,control,9 + 5 =,5_mlp_out,-0.01616784930229187,-0.15550756454467773
exploratory_transfer,14,control,9 + 5 =,6_mlp_out,0.06261710822582245,-0.15550756454467773
exploratory_transfer,14,control,9 + 5 =,7_mlp_out,-0.07382269203662872,-0.15550756454467773
exploratory_transfer,14,control,9 + 5 =,8_mlp_out,0.012872141785919666,-0.15550756454467773
exploratory_transfer,14,control,9 + 5 =,9_mlp_out,-0.15028513967990875,-0.15550756454467773
exploratory_transfer,14,control,9 + 5 =,10_mlp_out,0.07103106379508972,-0.15550756454467773
exploratory_transfer,14,control,9 + 5 =,11_mlp_out,-0.003937508910894394,-0.15550756454467773
exploratory_transfer,14,control,9 + 5 =,embed,-0.004435147624462843,-0.15550756454467773
exploratory_transfer,14,control,9 + 5 =,pos_embed,0.003642681520432234,-0.15550756454467773
exploratory_transfer,14,control,9 + 5 =,bias,-0.0816124901175499,-0.15550756454467773
